UML ID;Group Name;Parent Company;Mill Name;RSPO Status;RSPO type;Date RSPO Certification Status;Latitude;Longitude;GPS coordinates;ISO;Country;Province;District;Confidence level;Alternative name
PO1000000017;AGROPALMA;AGROPALMA;CPA;Not RSPO Certified;;13/01/2026;-2.253.539;-4.858.567;-2.253539, -48.58567;BRA;Brazil;Pará;Acará;1-Fully Verified;
PO1000000019;KULIM (MALAYSIA) BERHAD;EPA MANAGEMENT SDN BHD;SEDENAK;RSPO Certified;RSPO Certified, IP, MB;13/01/2026;1.730.858;103.538.323;1.730858, 103.538323;MYS;Malaysia;Johor;Kulaijaya;1-Fully Verified;
PO1000000020;NBPOL;NEW BRITAIN PALM OIL;MOSA;RSPO Certified;RSPO Certified, IP;13/01/2026;-56.225;15.023.735;-5.6225, 150.23735;PNG;Papua New Guinea;West New Britain;Talasea;1-Fully Verified;
PO1000000021;ROYAL GOLDEN EAGLE;INTI INDOSAWIT SUBUR;BUATAN I;RSPO Certified;RSPO Certified, MB;13/01/2026;0.4344444;101.825;0.4344444, 101.825;IDN;Indonesia;Riau;Siak;2-High Confidence;
PO1000000052;IOI CORPORATION;PAMOL ESTATES (SABAH) SDN BHD;PAMOL SABAH;RSPO Certified;RSPO Certified, IP;13/01/2026;6.002.431;117.398.389;6.002431, 117.398389;MYS;Malaysia;Sabah;Beluran;1-Fully Verified;
PO1000000053;SIPEF;HARGY OIL PALM LTD;HARGY MILL;RSPO Certified;RSPO Certified, IP;13/01/2026;-5.311.111;15.101.097;-5.311111, 151.01097;PNG;Papua New Guinea;West New Britain;Talasea;1-Fully Verified;
PO1000000054;MUSIM MAS;MUSIM MAS HOLDINGS PTE LTD;BATANG KULIM;RSPO Certified;RSPO Certified, IP;13/01/2026;0.077043;102.030.838;0.077043, 102.030838;IDN;Indonesia;Riau;Pelalawan;1-Fully Verified;
PO1000000058;CARGILL;HINDOLI;SUNGAI LILIN;RSPO Certified;RSPO Certified, IP;13/01/2026;-2.612.778;104.128.242;-2.612778, 104.128242;IDN;Indonesia;Sumatera Selatan;Musi Banyuasin;2-High Confidence;
PO1000000063;SIME DARBY;SIME DARBY PLANTATION BHD;BINUANG (SOU 28);RSPO Certified;RSPO Certified, IP, MB;13/01/2026;4.704.457;118.060.186;4.704457, 118.060186;MYS;Malaysia;Sabah;Kunak;1-Fully Verified;
PO1000000064;SIME DARBY;SIME DARBY PLANTATION BHD;MEROTAI (SOU 30);RSPO Certified;RSPO Certified, MB;13/01/2026;4.369.347;117.832.905;4.369347, 117.832905;MYS;Malaysia;Sabah;Tawau;1-Fully Verified;
PO1000000065;SIME DARBY;SIME DARBY PLANTATION BHD;SANDAKAN BAY (SOU 26);RSPO Certified;RSPO Certified, IP, MB;13/01/2026;5.641.362;118.166.868;5.641362, 118.166868;MYS;Malaysia;Sabah;Sandakan;1-Fully Verified;
PO1000000066;WILMAR GROUP;SABAHMAS PLANTATION SDN BHD;SABAHMAS;RSPO Certified;RSPO Certified, MB;13/01/2026;5.179.162;118.405.246;5.179162, 118.405246;MYS;Malaysia;Sabah;Lahad Datu;1-Fully Verified;
PO1000000091;WILMAR GROUP;SAREMAS SDN BHD;SAREMAS 1;RSPO Certified;RSPO Certified, MB;13/01/2026;3.524.921;113.744.412;3.524921, 113.744412;MYS;Malaysia;Sarawak;Miri;1-Fully Verified;
PO1000000092;MUSIM MAS;AGRO WIRATAMA;AGROWIRATAMA;RSPO Certified;RSPO Certified, IP;13/01/2026;0.198958;99.626.589;0.198958, 99.626589;IDN;Indonesia;Sumatera Barat;Pasaman Barat;1-Fully Verified;
PO1000000093;WILMAR GROUP;SAREMAS SDN BHD;SAREMAS 2;RSPO Certified;RSPO Certified, IP, MB;13/01/2026;3.450.453;113.765.561;3.450453, 113.765561;MYS;Malaysia;Sarawak;Miri;1-Fully Verified;
PO1000000094;IOI CORPORATION;IOI CORPORATION BHD;GOMALI;RSPO Certified;RSPO Certified, IP;13/01/2026;2.611.826;102.678.656;2.611826, 102.678656;MYS;Malaysia;Johor;Segamat;1-Fully Verified;
PO1000000095;SIPEF;EASTERN SUMATERA INDONESIA;BUKIT MARADJA;RSPO Certified;RSPO Certified, IP;13/01/2026;3.012.294;99.235.572;3.012294, 99.235572;IDN;Indonesia;Sumatera Utara;Simalungun;1-Fully Verified;
PO1000000097;SIME DARBY;SIME DARBY PLANTATION BHD;EAST (SOU 8);RSPO Certified;RSPO Certified, IP, MB;13/01/2026;2.883.333;101.436.136;2.883333, 101.436136;MYS;Malaysia;Selangor;Kuala Langat;1-Fully Verified;
PO1000000098;SIME DARBY;SIME DARBY PLANTATION BHD;TANAH MERAH (SOU 14);RSPO Certified;RSPO Certified, IP, MB;13/01/2026;2.655.278;101.792.778;2.655278, 101.792778;MYS;Malaysia;Negeri Sembilan;Port Dickson;1-Fully Verified;
PO1000000099;SIPEF;TOLAN TIGA INDONESIA;PERLABIAN;RSPO Certified;RSPO Certified, IP;13/01/2026;2.061.383;100.081.222;2.061383, 100.081222;IDN;Indonesia;Sumatera Utara;Labuhanbatu Selatan;1-Fully Verified;
PO1000000101;SIME DARBY;SIME DARBY PLANTATION BHD;SEGALIUD (SOU 25);Not RSPO Certified;;13/01/2026;5.726.001;117.754.574;5.726001, 117.754574;MYS;Malaysia;Sabah;Sandakan;1-Fully Verified;
PO1000000102;NBPOL;RAMU AGRI INDUSTRIES;GUSAP;RSPO Certified;RSPO Certified, IP;13/01/2026;-6.073.194;145.984.583;-6.073194, 145.984583;PNG;Papua New Guinea;Morobe;Markham;1-Fully Verified;
PO1000000103;SIME DARBY;SIME DARBY PLANTATION BHD;WEST (SOU 9);RSPO Certified;RSPO Certified, IP, MB;13/01/2026;2.905;101.361.306;2.905, 101.361306;MYS;Malaysia;Selangor;Kuala Langat;2-High Confidence;
PO1000000104;SIME DARBY;SIME DARBY PLANTATION BHD;SUNGAI DINGIN (SOU 1);RSPO Certified;RSPO Certified, IP, MB;13/01/2026;539.432;10.071.117;5.39432, 100.71117;MYS;Malaysia;Kedah;Kulim;1-Fully Verified;
PO1000000105;SIPEF;HARGY OIL PALM LTD;NAVO MILL;Not RSPO Certified;;13/01/2026;-5.094.109;151.224.494;-5.094109, 151.224494;PNG;Papua New Guinea;West New Britain;Talasea;1-Fully Verified;
PO1000000106;MUSIM MAS;SUKAJADI SAWIT MEKAR;SUKAJADI SAWIT MEKAR 1;RSPO Certified;RSPO Certified, IP;13/01/2026;-2.381.111;112.539.722;-2.381111, 112.539722;IDN;Indonesia;Kalimantan Tengah;Kotawaringin Timur;1-Fully Verified;
PO1000000107;SIME DARBY;SIME INDO AGRO;BUKIT AJONG;RSPO Certified;RSPO Certified, MB;13/01/2026;0.268939;110.482.802;0.268939, 110.482802;IDN;Indonesia;Kalimantan Barat;Sanggau;1-Fully Verified;
PO1000000109;IOI CORPORATION;IOI CORPORATION BHD;PAMOL KLUANG;RSPO Certified;RSPO Certified, IP;13/01/2026;2.110.445;103.392.307;2.110445, 103.392307;MYS;Malaysia;Johor;Keluang;1-Fully Verified;
PO1000000110;IOI CORPORATION;IOI CORPORATION BHD;SAKILAN;RSPO Certified;RSPO Certified, IP;13/01/2026;5.839.281;1.178.437;5.839281, 117.8437;MYS;Malaysia;Sabah;Sandakan;1-Fully Verified;
PO1000000114;SIME DARBY;SIME DARBY PLANTATION BHD;YONG PENG (SOU 19A);Not RSPO Certified;;13/01/2026;2.058.808;103.148.394;2.058808, 103.148394;MYS;Malaysia;Johor;Batu Pahat;2-High Confidence;
PO1000000118;IOI CORPORATION;IOI CORPORATION BHD;BATURONG;RSPO Certified;RSPO Certified, IP;13/01/2026;47.553;1.180.886;4.7553, 118.0886;MYS;Malaysia;Sabah;Kunak;2-High Confidence;
PO1000000120;IOI CORPORATION;IOI CORPORATION BHD;BUKIT LEELAU;RSPO Certified;RSPO Certified, IP;13/01/2026;330.273;103.137.889;3.30273, 103.137889;MYS;Malaysia;Pahang;Pekan;1-Fully Verified;
PO1000000122;IOI CORPORATION;IOI CORPORATION BHD;MAYVIN;RSPO Certified;RSPO Certified, IP;13/01/2026;55.553;117.226.439;5.5553, 117.226439;MYS;Malaysia;Sabah;Beluran;1-Fully Verified;
PO1000000123;DAABON GROUP;C.I. TEQUENDAMA S.A.S.;EXTRACTORA TEQUENDAMA;Not RSPO Certified;;13/01/2026;105.485.472;-74.181.286;10.5485472, -74.181286;COL;Colombia;Magdalena;Aracataca;1-Fully Verified;
PO1000000128;JC CHANG (PTE) LTD;CAROTINO SDN BHD;CAROTINO;RSPO Certified;RSPO Certified, IP;13/01/2026;3.816.627;102.818.213;3.816627, 102.818213;MYS;Malaysia;Pahang;Kuantan;1-Fully Verified;
PO1000000130;WILMAR GROUP;SAPI PLANTATION SDN BHD;TERUSAN;RSPO Certified;RSPO Certified, MB;13/01/2026;5.831.514;117.340.459;5.831514, 117.340459;MYS;Malaysia;Sabah;Beluran;1-Fully Verified;
PO1000000131;NBPOL;GUADALCANAL PLAINS PALM OIL LTD;TERERE;RSPO Certified;RSPO Certified, IP;13/01/2026;-94.427;1.602.187;-9.4427, 160.2187;SLB;Solomon Islands;Guadalcanal;East Ghaobata;1-Fully Verified;
PO1000000134;MUSIM MAS;SUKAJADI SAWIT MEKAR;SUKAJADI SAWIT MEKAR 2;RSPO Certified;RSPO Certified, IP;13/01/2026;-237.025;1.126.026.111;-2.37025, 112.6026111;IDN;Indonesia;Kalimantan Tengah;Kotawaringin Timur;1-Fully Verified;
PO1000000137;WILMAR GROUP;SAPI PLANTATION SDN BHD;SAPI;RSPO Certified;RSPO Certified, MB;13/01/2026;5.733.519;117.387.404;5.733519, 117.387404;MYS;Malaysia;Sabah;Beluran;1-Fully Verified;
PO1000000139;WILMAR GROUP;REKA HALUS SDN BHD;REKA HALUS;RSPO Certified;RSPO Certified, MB;13/01/2026;5.766.708;117.463.737;5.766708, 117.463737;MYS;Malaysia;Sabah;Beluran;1-Fully Verified;
PO1000000143;REA HOLDINGS;REA KALTIM;PERDANA PALM OIL MILL;RSPO Certified;RSPO Certified, MB;13/01/2026;0.25854;116.149.918;0.25854, 116.149918;IDN;Indonesia;Kalimantan Timur;Kutai Kartanegara;1-Fully Verified;REA KALTIM PLANTATION PERDANA
PO1000000144;WILMAR GROUP;MUSTIKA SEMBULUH;MUSTIKA SEMBULUH 1;RSPO Certified;RSPO Certified, MB;13/01/2026;-25.905;112.511.283;-2.5905, 112.511283;IDN;Indonesia;Kalimantan Tengah;Kotawaringin Timur;1-Fully Verified;
PO1000000146;WILMAR GROUP;KERRY SAWIT INDONESIA;KERRY SAWIT INDONESIA 1;RSPO Certified;RSPO Certified, MB;13/01/2026;-2.784.633;112.509.533;-2.784633, 112.509533;IDN;Indonesia;Kalimantan Tengah;Seruyan;1-Fully Verified;
PO1000000148;ROYAL GOLDEN EAGLE;INTI INDOSAWIT SUBUR;UKUI I;RSPO Certified;RSPO Certified, MB;13/01/2026;-0.2232;102.095;-0.2232, 102.095;IDN;Indonesia;Riau;Pelalawan;1-Fully Verified;
PO1000000155;SIME DARBY;SIME DARBY PLANTATION BHD;BUKIT KERAYONG (SOU 7);Not RSPO Certified;;13/01/2026;3.186.861;101.374.889;3.186861, 101.374889;MYS;Malaysia;Selangor;Kuala Selangor;2-High Confidence;
PO1000000156;SIME DARBY;SIME DARBY PLANTATION BHD;JABOR (SOU 12);RSPO Certified;RSPO Certified, MB;13/01/2026;3.960.833;103.308.889;3.960833, 103.308889;MYS;Malaysia;Trengganu;Kemaman;1-Fully Verified;
PO1000000157;SIME DARBY;SIME DARBY PLANTATION BHD;TENNAMARAM (SOU 6);RSPO Certified;RSPO Certified, IP, MB;13/01/2026;3.395.639;101.417.614;3.395639, 101.417614;MYS;Malaysia;Selangor;Kuala Selangor;1-Fully Verified;
PO1000000169;WILMAR GROUP;SABAHMAS PLANTATION SDN BHD;RIBUBONUS;RSPO Certified;RSPO Certified, MB;13/01/2026;5.686.858;11.709.226;5.686858, 117.09226;MYS;Malaysia;Sabah;Beluran;1-Fully Verified;
PO1000000170;MUSIM MAS;MAJU ANEKA SAWIT;MAJU ANEKA SAWIT;RSPO Certified;RSPO Certified, IP;13/01/2026;-2.478.167;112.647.611;-2.478167, 112.647611;IDN;Indonesia;Kalimantan Tengah;Kotawaringin Timur;1-Fully Verified;
PO1000000180;MUSIM MAS;BERKAT SAWIT SEJATI;BERKAT SAWIT SEJATI;RSPO Certified;RSPO Certified, IP, MB;13/01/2026;-23.192.778;1.037.116.389;-2.3192778, 103.7116389;IDN;Indonesia;Sumatera Selatan;Musi Banyuasin;1-Fully Verified;
PO1000000182;SIME DARBY;SIME DARBY PLANTATION BHD;GIRAM (SOU 29);RSPO Certified;RSPO Certified, MB;13/01/2026;4.586.785;118.193.914;4.586785, 118.193914;MYS;Malaysia;Sabah;Tawau;1-Fully Verified;
PO1000000183;SIME DARBY;SIME DARBY PLANTATION BHD;GUNUNG MAS (SOU 21);RSPO Certified;RSPO Certified, IP, MB;13/01/2026;2.243.544;103.137.941;2.243544, 103.137941;MYS;Malaysia;Johor;Segamat;1-Fully Verified;
PO1000000184;BAKRIE;BAKRIE SUMATERA PLANTATIONS;UNIT KISARAN;Not RSPO Certified;;13/01/2026;304.075;99.581.444;3.04075, 99.581444;IDN;Indonesia;Sumatera Utara;Asahan;1-Fully Verified;
PO1000000185;HAP SENG PLANTATIONS HOLDINGS BERHAD;HAP SENG PLANTATIONS (RIVER ESTATES) SDN BHD;BUKIT MAS;RSPO Certified;RSPO Certified, IP, MB;13/01/2026;53.373.003;11.847.364;5.3373003, 118.47364;MYS;Malaysia;Sabah;Kinabatangan;1-Fully Verified;
PO1000000187;SIME DARBY;SIME DARBY PLANTATION BHD;DIAMOND JUBILEE (SOU 18);RSPO Certified;RSPO Certified, IP, MB;13/01/2026;2.324.247;102.482.843;2.324247, 102.482843;MYS;Malaysia;Melaka;Jasin;1-Fully Verified;
PO1000000189;SIME DARBY;SIME DARBY PLANTATION BHD;NORDANAL (SOU 19);Not RSPO Certified;;13/01/2026;2.183.333;102.733.333;2.183333, 102.733333;MYS;Malaysia;Johor;Muar;1-Fully Verified;
PO1000000190;SIME DARBY;SIME DARBY PLANTATION BHD;CHAAH (SOU 20);RSPO Certified;RSPO Certified, IP, MB;13/01/2026;2.148.725;102.973.994;2.148725, 102.973994;MYS;Malaysia;Johor;Batu Pahat;1-Fully Verified;
PO1000000191;SIME DARBY;SIME DARBY PLANTATION BHD;ELPHIL (SOU 3);RSPO Certified;RSPO Certified, MB;13/01/2026;489.058;101.093.096;4.89058, 101.093096;MYS;Malaysia;Perak;Kuala Kangsar;1-Fully Verified;
PO1000000192;SIME DARBY;SIME DARBY PLANTATION BHD;BUKIT PUTERI (SOU 10);RSPO Certified;RSPO Certified, MB;13/01/2026;4.202.694;101.862.639;4.202694, 101.862639;MYS;Malaysia;Pahang;Lipis;1-Fully Verified;
PO1000000193;SIME DARBY;SIME DARBY PLANTATION BHD;SERI INTAN (SOU 5);RSPO Certified;RSPO Certified, IP, MB;13/01/2026;3.969.228;100.985.558;3.969228, 100.985558;MYS;Malaysia;Perak;Hilir Perak;1-Fully Verified;
PO1000000194;SIME DARBY;SIME DARBY PLANTATION BHD;BUKIT BENUT (SOU 22);RSPO Certified;RSPO Certified, IP, MB;13/01/2026;1.931.143;103.347.365;1.931143, 103.347365;MYS;Malaysia;Johor;Keluang;1-Fully Verified;
PO1000000195;SIME DARBY;SIME DARBY PLANTATION BHD;SELABA (SOU 5);RSPO Certified;RSPO Certified, MB;13/01/2026;39.889.722;101.081.278;3.9889722, 101.081278;MYS;Malaysia;Perak;Hilir Perak;1-Fully Verified;
PO1000000198;WILMAR GROUP;SRI KAMUSAN SDN BHD;SRI KAMUSAN;RSPO Certified;RSPO Certified, MB;13/01/2026;6.203.802;117.291.189;6.203802, 117.291189;MYS;Malaysia;Sabah;Beluran;1-Fully Verified;
PO1000000199;IOI CORPORATION;SYARIKAT PUKIN LADANG KELAPA SAWIT SDN BHD;PUKIN;RSPO Certified;RSPO Certified, IP;13/01/2026;272.235;102.911;2.72235, 102.911;MYS;Malaysia;Pahang;Rompin;1-Fully Verified;
PO1000000201;KUALA LUMPUR KEPONG (KLK);KUALA LUMPUR KEPONG BHD;KEKAYAAN PALM OIL MILL;RSPO Certified;RSPO Certified, IP;13/01/2026;2.204.546;103.270.394;2.204546, 103.270394;MYS;Malaysia;Johor;Keluang;1-Fully Verified;
PO1000000202;NBPOL;NEW BRITAIN PALM OIL;POLIAMBA;RSPO Certified;RSPO Certified, IP;13/01/2026;-2.874.136;151.275.933;-2.874136, 151.275933;PNG;Papua New Guinea;New Ireland;Kavieng;1-Fully Verified;
PO1000000223;MRICOP;MONG RETHTHY INVESTMENT CAMBODIA OIL PALM CO., LTD;ANLONG KROPEU PALM OIL MILL;Not RSPO Certified;;13/01/2026;10.959.694;103.907.833;10.959694, 103.907833;KHM;Cambodia;Kaôh Kong;Kampong Seila;1-Fully Verified;
PO1000000227;FGV HOLDINGS BERHAD;FGV PALM INDUSTRIES SDN BHD;SEMENCHU;Not RSPO Certified;;13/01/2026;1.578.283;104.104.929;1.578283, 104.104929;MYS;Malaysia;Johor;Kota Tinggi;1-Fully Verified;
PO1000000234;FGV HOLDINGS BERHAD;FGV PALM INDUSTRIES SDN BHD;WA HA;RSPO Certified;RSPO Certified, MB;13/01/2026;1.792.735;104.076.218;1.792735, 104.076218;MYS;Malaysia;Johor;Kota Tinggi;1-Fully Verified;
PO1000000235;FGV HOLDINGS BERHAD;FGV PALM INDUSTRIES SDN BHD;LOK HENG;Not RSPO Certified;;13/01/2026;1.720.542;104.119.997;1.720542, 104.119997;MYS;Malaysia;Johor;Kota Tinggi;1-Fully Verified;
PO1000000236;FGV HOLDINGS BERHAD;FGV PALM INDUSTRIES SDN BHD;ADELA;RSPO Certified;RSPO Certified, MB;13/01/2026;1.552.768;1.041.873;1.552768, 104.1873;MYS;Malaysia;Johor;Kota Tinggi;1-Fully Verified;
PO1000000238;UNITED PLANTATIONS;UNITED PLANTATIONS BHD;JENDARATA;Not RSPO Certified;;13/01/2026;3.853.889;100.968.333;3.853889, 100.968333;MYS;Malaysia;Perak;Hilir Perak;1-Fully Verified;
PO1000000240;UNITED PLANTATIONS;UNITED PLANTATIONS BHD;ULU BASIR;RSPO Certified;RSPO Certified, IP;13/01/2026;3.724.444;101.255.833;3.724444, 101.255833;MYS;Malaysia;Perak;Batang Padang;1-Fully Verified;
PO1000000242;UNITED PLANTATIONS;UNITED PLANTATIONS BHD;ULU BERNAM OPTIMILL ;RSPO Certified;RSPO Certified, IP;13/01/2026;376.667;10.121.667;3.76667, 101.21667;MYS;Malaysia;Perak;Hilir Perak;1-Fully Verified;
PO1000000243;UNITED PLANTATIONS;UNITED INTERNATIONAL ENTERPRISES (M) SDN BHD;UIE;RSPO Certified;RSPO Certified, IP;13/01/2026;4.443.889;100.722.778;4.443889, 100.722778;MYS;Malaysia;Perak;Manjung;1-Fully Verified;
PO1000000254;FGV HOLDINGS BERHAD;FGV PALM INDUSTRIES SDN BHD;KOTA GELANGGI;RSPO Certified;RSPO Certified, MB;13/01/2026;3.921.733;102.489.533;3.921733, 102.489533;MYS;Malaysia;Pahang;Jerantut;1-Fully Verified;
PO1000000255;FGV HOLDINGS BERHAD;FGV PALM INDUSTRIES SDN BHD;LEPAR UTARA 6;RSPO Certified;RSPO Certified, IP, MB;13/01/2026;3.970.817;102.691.667;3.970817, 102.691667;MYS;Malaysia;Pahang;Jerantut;1-Fully Verified;
PO1000000261;KUALA LUMPUR KEPONG (KLK);KL-KEPONG (SABAH) SDN BHD;BORNION;RSPO Certified;RSPO Certified, IP, MB;13/01/2026;5.609;1.177.899;5.609, 117.7899;MYS;Malaysia;Sabah;Kinabatangan;1-Fully Verified;
PO1000000262;KUALA LUMPUR KEPONG (KLK);KL-KEPONG (SABAH) SDN BHD;RIMMER;RSPO Certified;RSPO Certified, IP;13/01/2026;50.193;1.185.715;5.0193, 118.5715;MYS;Malaysia;Sabah;Lahad Datu;1-Fully Verified;
PO1000000263;KUALA LUMPUR KEPONG (KLK);KL-KEPONG (SABAH) SDN BHD;LUNGMANIS;Not RSPO Certified;;13/01/2026;508.395;11.858.825;5.08395, 118.58825;MYS;Malaysia;Sabah;Lahad Datu;1-Fully Verified;
PO1000000272;FGV HOLDINGS BERHAD;FGV PALM INDUSTRIES SDN BHD;LEPAR UTARA 4;Not RSPO Certified;;13/01/2026;3.873.063;102.816.263;3.873063, 102.816263;MYS;Malaysia;Pahang;Kuantan;1-Fully Verified;
PO1000000279;ROYAL GOLDEN EAGLE;INTI INDOSAWIT SUBUR;MUARA BULIAN;RSPO Certified;RSPO Certified, MB;13/01/2026;-15.851;103.201.217;-1.5851, 103.201217;IDN;Indonesia;Jambi;Batang Hari;1-Fully Verified;
PO1000000280;KUALA LUMPUR KEPONG (KLK);KUALA LUMPUR KEPONG BHD;JERAM PADANG;RSPO Certified;RSPO Certified, IP;13/01/2026;2.735.111;1.024.085;2.735111, 102.4085;MYS;Malaysia;Negeri Sembilan;Jempol;1-Fully Verified;
PO1000000283;MP EVANS;PANGKATAN INDONESIA;PANGKATAN;RSPO Certified;RSPO Certified, IP, MB;13/01/2026;210.305;9.994.766;2.10305, 99.94766;IDN;Indonesia;Sumatera Utara;Labuhanbatu;1-Fully Verified;
PO1000000284;SAMPOERNA AGRO;AEK TARUM;BELIDA;RSPO Certified;RSPO Certified, MB;13/01/2026;-3.836.633;104.969.517;-3.836633, 104.969517;IDN;Indonesia;Sumatera Selatan;Ogan Komering Ilir;1-Fully Verified;
PO1000000286;MUSIM MAS;UNGGUL LESTARI;UNGGUL LESTARI;RSPO Certified;RSPO Certified, IP;13/01/2026;-15.958.444;112.598.831;-1.5958444, 112.598831;IDN;Indonesia;Kalimantan Tengah;Kotawaringin Timur;1-Fully Verified;
PO1000000294;SIME DARBY;SIME DARBY PLANTATION BHD;FLEMINGTON (SOU 4);RSPO Certified;RSPO Certified, IP, MB;13/01/2026;3.928.056;100.857.222;3.928056, 100.857222;MYS;Malaysia;Perak;Hilir Perak;1-Fully Verified;
PO1000000295;SIME DARBY;SIME DARBY PLANTATION BHD;KERDAU (SOU 11);RSPO Certified;RSPO Certified, IP, MB;13/01/2026;3.569.444;102.278.333;3.569444, 102.278333;MYS;Malaysia;Pahang;Temerloh;1-Fully Verified;
PO1000000296;SIME DARBY;SIME DARBY PLANTATION BHD;KOK FOH (SOU 16);RSPO Certified;RSPO Certified, IP, MB;13/01/2026;2.784.667;102.504.167;2.784667, 102.504167;MYS;Malaysia;Negeri Sembilan;Jempol;1-Fully Verified;
PO1000000297;SIME DARBY;SIME DARBY PLANTATION BHD;LABU (SOU 13);Not RSPO Certified;;13/01/2026;2.748.889;1.018.045;2.748889, 101.8045;MYS;Malaysia;Negeri Sembilan;Seremban;1-Fully Verified;
PO1000000298;SIME DARBY;SIME DARBY PLANTATION BHD;SUA BETONG (SOU 15);Not RSPO Certified;;13/01/2026;252.833;101.895.278;2.52833, 101.895278;MYS;Malaysia;Negeri Sembilan;Port Dickson;1-Fully Verified;
PO1000000300;SIME DARBY;SIME DARBY PLANTATION BHD;MELALAP (SOU 27);RSPO Certified;RSPO Certified, MB;13/01/2026;5.230.789;115.986.263;5.230789, 115.986263;MYS;Malaysia;Sabah;Tenom;1-Fully Verified;
PO1000000301;SIME DARBY;SIME DARBY PLANTATION BHD;HADAPAN (SOU 24);RSPO Certified;RSPO Certified, MB;13/01/2026;176.216;103.448.669;1.76216, 103.448669;MYS;Malaysia;Johor;Kulaijaya;1-Fully Verified;
PO1000000302;SIME DARBY;SIME DARBY PLANTATION BHD;CHERSONESE (SOU 2);RSPO Certified;RSPO Certified, MB;13/01/2026;4.978.457;100.461.902;4.978457, 100.461902;MYS;Malaysia;Perak;Kerian;1-Fully Verified;
PO1000000303;SIME DARBY;SIME DARBY PLANTATION BHD;PEKAKA (SOU 34);Not RSPO Certified;;13/01/2026;3.461.379;113.654.176;3.461379, 113.654176;MYS;Malaysia;Sarawak;Miri;1-Fully Verified;
PO1000000304;SIME DARBY;SIME DARBY PLANTATION BHD;LAVANG (SOU 31);RSPO Certified;RSPO Certified, IP;13/01/2026;34.283.333;11.360.028;3.4283333, 113.60028;MYS;Malaysia;Sarawak;Bintulu;1-Fully Verified;
PO1000000305;SIME DARBY;SIME DARBY PLANTATION BHD;RAJAWALI (SOU 32);RSPO Certified;RSPO Certified, IP;13/01/2026;3.372.505;113.400.597;3.372505, 113.400597;MYS;Malaysia;Sarawak;Bintulu;2-High Confidence;
PO1000000306;SIME DARBY;SIME DARBY PLANTATION BHD;DERAWAN (SOU 33);RSPO Certified;RSPO Certified, MB;13/01/2026;3.390.203;113.345.417;3.390203, 113.345417;MYS;Malaysia;Sarawak;Bintulu;1-Fully Verified;
PO1000000307;SIME DARBY;SIME DARBY PLANTATION BHD;ULU REMIS (SOU 23);RSPO Certified;RSPO Certified, IP, MB;13/01/2026;1.834.444;1.034.625;1.834444, 103.4625;MYS;Malaysia;Johor;Keluang;1-Fully Verified;
PO1000000312;AGRIVAR;AGRIVAR;AGRIVAR BONOUA;Not RSPO Certified;;13/01/2026;5.281.733;-35.282;5.281733, -3.5282;CIV;Côte d'Ivoire;Comoé;Sud Comoé;1-Fully Verified;
PO1000000314;SIME DARBY;TEGUH SEMPURNA;PEMANTANG;RSPO Certified;RSPO Certified, IP;13/01/2026;-2.148.333;112.292.778;-2.148333, 112.292778;IDN;Indonesia;Kalimantan Tengah;Seruyan;1-Fully Verified;
PO1000000315;SIME DARBY;BAHARI GEMBIRA RIA;LADANG PANJANG;RSPO Certified;RSPO Certified, MB;13/01/2026;-1.791.666;103.791.388;-1.791666, 103.791388;IDN;Indonesia;Jambi;Muaro Jambi;1-Fully Verified;
PO1000000316;SIME DARBY;BINA SAINS CEMERLANG;SUNGAI PINANG;RSPO Certified;RSPO Certified, MB;13/01/2026;-2.985.722;103.406.028;-2.985722, 103.406028;IDN;Indonesia;Sumatera Selatan;Musi Rawas;1-Fully Verified;
PO1000000317;SIME DARBY;ANEKA INTI PERSADA;TELUK SIAK;RSPO Certified;RSPO Certified, MB;13/01/2026;0.591389;101.658.889;0.591389, 101.658889;IDN;Indonesia;Riau;Siak;1-Fully Verified;
PO1000000318;SIME DARBY;BHUMIREKSA NUSA SEJATI;TELUK BAKAU;RSPO Certified;RSPO Certified, MB;13/01/2026;0.2565;103.588.833;0.2565, 103.588833;IDN;Indonesia;Riau;Indragiri Hilir;1-Fully Verified;
PO1000000319;SIME DARBY;BERSAMA SEJAHTERA SAKTI;GUNUNG ARU;RSPO Certified;RSPO Certified, IP, MB;13/01/2026;-3.494.722;116.166.667;-3.494722, 116.166667;IDN;Indonesia;Kalimantan Selatan;Kota Baru;1-Fully Verified;
PO1000000320;SIME DARBY;GUTHRIE PECCONINA INDONESIA;RANTAU PANJANG POM, PT GPI;RSPO Certified;RSPO Certified, MB;13/01/2026;-2.916.183;103.750.833;-2.916183, 103.750833;IDN;Indonesia;Sumatera Selatan;Musi Banyuasin;1-Fully Verified;
PO1000000321;SIME DARBY;INDOTRUBA TENGAH;SEKUNYIR;RSPO Certified;RSPO Certified, MB;13/01/2026;-2.444.722;112.006.667;-2.444722, 112.006667;IDN;Indonesia;Kalimantan Tengah;Kotawaringin Barat;1-Fully Verified;
PO1000000322;SIME DARBY;KRIDATAMA LANCAR;SUKAMANDANG;RSPO Certified;RSPO Certified, IP;13/01/2026;-206.215;112.315.367;-2.06215, 112.315367;IDN;Indonesia;Kalimantan Tengah;Kotawaringin Timur;1-Fully Verified;
PO1000000323;SIME DARBY;LAGUNA MANDIRI;RANTAU FACTORY;RSPO Certified;RSPO Certified, IP, MB;13/01/2026;-2.439.167;116.114.167;-2.439167, 116.114167;IDN;Indonesia;Kalimantan Selatan;Kota Baru;1-Fully Verified;
PO1000000324;SIME DARBY;LANGGENG MUARA MAKMUR;BEBUNGA;RSPO Certified;RSPO Certified, IP;13/01/2026;-2.373.611;116.329.722;-2.373611, 116.329722;IDN;Indonesia;Kalimantan Selatan;Kota Baru;1-Fully Verified;
PO1000000325;SIME DARBY;LADANGRUMPUN SUBURABADI;ANGSANA;Not RSPO Certified;;13/01/2026;-3.614.333;115.610.833;-3.614333, 115.610833;IDN;Indonesia;Kalimantan Selatan;Tanah Bumbu;1-Fully Verified;
PO1000000326;SIME DARBY;LAHAN TANI SAKTI;ALUR DUMAI;RSPO Certified;RSPO Certified, IP;13/01/2026;1.561.111;100.541.667;1.561111, 100.541667;IDN;Indonesia;Riau;Rokan Hilir;1-Fully Verified;
PO1000000327;SIME DARBY;PARIPURNA SWAKARSA;PONDOK LABU;RSPO Certified;RSPO Certified, IP, MB;13/01/2026;-2.481.389;1.165.125;-2.481389, 116.5125;IDN;Indonesia;Kalimantan Selatan;Kota Baru;1-Fully Verified;
PO1000000328;SIME DARBY;SWADAYA ANDIKA;SELABAK;Not RSPO Certified;;13/01/2026;-2.507.222;116.206.389;-2.507222, 116.206389;IDN;Indonesia;Kalimantan Selatan;Kota Baru;1-Fully Verified;
PO1000000329;SIME DARBY;SAJANG HEULANG;ANGSANA MINI;Not RSPO Certified;;13/01/2026;-3.672.783;115.621.933;-3.672783, 115.621933;IDN;Indonesia;Kalimantan Selatan;Tanah Bumbu;1-Fully Verified;
PO1000000330;SIME DARBY;TUNGGAL MITRA PLANTATIONS;MANGGALA;RSPO Certified;RSPO Certified, MB;13/01/2026;1.520.525;1.007.319;1.520525, 100.7319;IDN;Indonesia;Riau;Rokan Hilir;1-Fully Verified;
PO1000000331;SIME DARBY;TAMACO GRAHA KRIDA;UNGKAYA;RSPO Certified;RSPO Certified, MB;13/01/2026;-2.222.778;121.563.611;-2.222778, 121.563611;IDN;Indonesia;Sulawesi Tengah;Morowali;1-Fully Verified;
PO1000000338;BOUSTEAD PLANTATIONS BERHAD;BOUSTEAD PLANTATIONS BHD;SUNGAI JERNIH;RSPO Certified;RSPO Certified, IP;13/01/2026;3.337;103.099.972;3.337, 103.099972;MYS;Malaysia;Pahang;Pekan;1-Fully Verified;
PO1000000340;KERESA PLANTATIONS SDN BHD;KERESA MILL SDN BHD;KERESA;RSPO Certified;RSPO Certified, MB;13/01/2026;3.164.113;113.600.176;3.164113, 113.600176;MYS;Malaysia;Sarawak;Bintulu;1-Fully Verified;
PO1000000345;ROYAL GOLDEN EAGLE;INTI INDOSAWIT SUBUR;TUNGKAL ULU;RSPO Certified;RSPO Certified, MB;13/01/2026;-1.301.383;10.297.935;-1.301383, 102.97935;IDN;Indonesia;Jambi;Tanjung Jabung B;3-Low Confidence;
PO1000000347;SIME DARBY;SIME DARBY PLANTATION BHD;KEMPAS (SOU 17);Not RSPO Certified;;13/01/2026;2.243.522;102.481.386;2.243522, 102.481386;MYS;Malaysia;Melaka;Jasin;1-Fully Verified;
PO1000000352;SOCFIN S.A.;SOCFIN INDONESIA;TANAH GAMBUS;RSPO Certified;RSPO Certified, IP;13/01/2026;3.204.167;99.403.889;3.204167, 99.403889;IDN;Indonesia;Sumatera Utara;Batu Bara;1-Fully Verified;
PO1000000354;DHARMA SATYA NUSANTARA (DSN);SWAKARSA SINAR SENTOSA;PKS-1;Not RSPO Certified;;13/01/2026;1.124.295;116.851.821;1.124295, 116.851821;IDN;Indonesia;Kalimantan Timur;Kutai Timur;1-Fully Verified;
PO1000000355;MUSIM MAS;MUSIM MAS HOLDINGS PTE LTD;PANGKALAN LESUNG;RSPO Certified;RSPO Certified, IP;13/01/2026;0.05444;102.075;;IDN;Indonesia;Riau;Pelalawan;2-High Confidence;
PO1000000382;ROYAL GOLDEN EAGLE;INTI INDOSAWIT SUBUR;BUATAN II;Not RSPO Certified;;13/01/2026;0.46;101.867.361;0.460000, 101.867361;IDN;Indonesia;Riau;Pelalawan;1-Fully Verified;
PO1000000407;AGROPALMA;AGROPALMA;CRAI;Not RSPO Certified;;13/01/2026;-25.267.611;-48.796.625;-2.5267611, -48.796625;BRA;Brazil;Pará;Tailândia;1-Fully Verified;
PO1000000408;AGROPALMA;AGROPALMA;AGROPALMA;Not RSPO Certified;;13/01/2026;-2.542.728;-48.705.328;-2.542728, -48.705328;BRA;Brazil;Pará;Tailândia;1-Fully Verified;
PO1000000411;KUALA LUMPUR KEPONG (KLK);ADEI PLANTATION AND INDUSTRY;MANDAU;RSPO Certified;RSPO Certified, IP, MB;13/01/2026;1.081.944;101.333.361;1.081944, 101.333361;IDN;Indonesia;Riau;Bengkalis;1-Fully Verified;
PO1000000427;KUALA LUMPUR KEPONG (KLK);KL-KEPONG (SABAH) SDN BHD;PINANG;RSPO Certified;RSPO Certified, IP;13/01/2026;4.450.414;118.278.194;4.450414, 118.278194;MYS;Malaysia;Sabah;Semporna;1-Fully Verified;
PO1000000428;KUALA LUMPUR KEPONG (KLK);KL-KEPONG (SABAH) SDN BHD;MILL 2;RSPO Certified;RSPO Certified, IP;13/01/2026;44.550.861;118.223.825;4.4550861, 118.223825;MYS;Malaysia;Sabah;Tawau;1-Fully Verified;
PO1000000438;LAM SOON (THAILAND);LAM SOON (THAILAND);TRANG PLANT;Not RSPO Certified;;13/01/2026;7.71;993.205;7.71, 99.3205;THA;Thailand;Trang;Sikao;1-Fully Verified;
PO1000000451;SOCFIN S.A.;SOCFIN INDONESIA;BANGUN BANDAR MILL;RSPO Certified;RSPO Certified, IP;13/01/2026;333.166;99.043.333;3.33166, 99.043333;IDN;Indonesia;Sumatera Utara;Serdang Bedagai;1-Fully Verified;
PO1000000505;KECK SENG (M) BERHAD;KECK SENG (M) BHD;MASAI;RSPO Certified;RSPO Certified, IP, MB;13/01/2026;1.540.525;103.964.953;1.540525, 103.964953;MYS;Malaysia;Johor;Johor Baharu;1-Fully Verified;
PO1000000512;REA HOLDINGS;REA KALTIM;CAKRA;RSPO Certified;RSPO Certified, IP, MB;13/01/2026;0.265333;116.266.417;0.265333, 116.266417;IDN;Indonesia;Kalimantan Timur;Kutai Kartanegara;1-Fully Verified;
PO1000000514;FGV HOLDINGS BERHAD;FGV PALM INDUSTRIES SDN BHD;JENGKA 3;Not RSPO Certified;;13/01/2026;36.946.583;102.594.722;3.6946583, 102.594722;MYS;Malaysia;Pahang;Maran;1-Fully Verified;
PO1000000520;NBPOL;KULA PALM OIL LTD - HIGATURU OIL PALMS;MAMBA;RSPO Certified;RSPO Certified, IP;13/01/2026;-88.546.667;147.706.944;-8.8546667, 147.706944;PNG;Papua New Guinea;Oro;Sohe;1-Fully Verified;
PO1000000521;NBPOL;KULA PALM OIL LTD - MILNE BAY ESTATES;HAGITA;RSPO Certified;RSPO Certified, IP;13/01/2026;-10.315.733;150.286.233;-10.315733, 150.286233;PNG;Papua New Guinea;Milne Bay;Alotau;1-Fully Verified;
PO1000000524;JC CHANG (PTE) LTD;ASIA OIL PALM SDN BHD;ASIA;RSPO Certified;RSPO Certified, MB;13/01/2026;5.292.781;118.206.817;5.292781, 118.206817;MYS;Malaysia;Sabah;Kinabatangan;1-Fully Verified;
PO1000000527;JC CHANG (PTE) LTD;MELEWAR PROPERTIES SDN BHD;MELEWAR;RSPO Certified;RSPO Certified, MB;13/01/2026;5.272.222;118.053.444;5.272222, 118.053444;MYS;Malaysia;Sabah;Kinabatangan;1-Fully Verified;
PO1000000530;ANJ GROUP;AUSTINDO NUSANTARA JAYA AGRI ;AUSTINDO NUSANTARA JAYA AGRI BINANGA;RSPO Certified;RSPO Certified, IP, MB;13/01/2026;1.479.483;99.957.167;1.479483, 99.957167;IDN;Indonesia;Sumatera Utara;Padang Lawas Utara;2-High Confidence;
PO1000000531;ANJ AGRO;SAHABAT MEWAH & MAKMUR;JANGKANG;Not RSPO Certified;;13/01/2026;-2.996.917;10.787.665;-2.996917, 107.87665;IDN;Indonesia;Bangka Belitung;Belitung Timur;1-Fully Verified;
PO1000000540;IOI CORPORATION;SYARIMO SDN BHD;SYARIMO;RSPO Certified;RSPO Certified, IP, MB;13/01/2026;5.334.037;117.781.334;5.334037, 117.781334;MYS;Malaysia;Sabah;Kinabatangan;1-Fully Verified;
PO1000000541;IOI CORPORATION;LADANG SABAH SDN BHD;LADANG SABAH;RSPO Certified;RSPO Certified, IP;13/01/2026;5.729.989;11.757.775;5.729989, 117.57775;MYS;Malaysia;Sabah;Beluran;1-Fully Verified;
PO1000000553;SUNGAI BUDI;TUNAS BARU LAMPUNG;PT TUNAS BARU LAMPUNG TBK;Not RSPO Certified;;13/01/2026;-29.059.216;104.913.874;-2.9059216, 104.913874;IDN;Indonesia;Sumatera Selatan;Banyu Asin;1-Fully Verified;
PO1000000560;WILMAR GROUP;PERKEBUNAN MILANO;PINANG AWAM;RSPO Certified;RSPO Certified, MB;13/01/2026;1.842.826;100.203.138;1.842826, 100.203138;IDN;Indonesia;Sumatera Utara;Labuhanbatu Selatan;1-Fully Verified;
PO1000000561;WILMAR GROUP;KENCANA SAWIT INDONESIA;KENCANA SAWIT INDONESIA;RSPO Certified;RSPO Certified, MB;13/01/2026;-146.778;101.514.439;-1.46778, 101.514439;IDN;Indonesia;Sumatera Barat;Solok Selatan;1-Fully Verified;
PO1000000562;WILMAR GROUP;TANIA SELATAN;BURNAI TIMUR;RSPO Certified;RSPO Certified, MB;13/01/2026;-3.627;104.869.467;-3.627, 104.869467;IDN;Indonesia;Sumatera Selatan;Ogan Komering Ilir;1-Fully Verified;
PO1000000567;SALIM GROUP;SALIM IVOMAS PRATAMA;KAYANGAN;Not RSPO Certified;;13/01/2026;166.325;10.059.025;1.66325, 100.59025;IDN;Indonesia;Riau;Rokan Hilir;1-Fully Verified;
PO1000000576;FGV HOLDINGS BERHAD;FGV PALM INDUSTRIES SDN BHD;BUKIT MENDI;Not RSPO Certified;;13/01/2026;3.205.803;102.303.442;3.205803, 102.303442;MYS;Malaysia;Pahang;Bera;1-Fully Verified;
PO1000000600;WILMAR GROUP;SARANA TITIAN PERMATA;SARANA TITIAN PERMATA PKS 1;Not RSPO Certified;;13/01/2026;-2.894.444;112.543.611;-2.894444, 112.543611;IDN;Indonesia;Kalimantan Tengah;Seruyan;1-Fully Verified;
PO1000000601;WILMAR GROUP;AMP PLANTATION;AMP PLANTATION;RSPO Certified;RSPO Certified, MB;13/01/2026;-0.154717;100.029.167;-0.154717, 100.029167;IDN;Indonesia;Sumatera Barat;Agam;1-Fully Verified;
PO1000000603;FGV HOLDINGS BERHAD;FGV PALM INDUSTRIES SDN BHD;SEROJA;Not RSPO Certified;;13/01/2026;3.590.383;10.255.915;3.590383, 102.55915;MYS;Malaysia;Pahang;Maran;1-Fully Verified;
PO1000000607;FGV HOLDINGS BERHAD;FGV PALM INDUSTRIES SDN BHD;JENGKA 21;RSPO Certified;RSPO Certified, MB;13/01/2026;3.740.236;102.489.625;3.740236, 102.489625;MYS;Malaysia;Pahang;Maran;1-Fully Verified;
PO1000000614;UNIVANICH PALM OIL;UNIVANICH PALM OIL PUBLIC COMPANY LTD;LAMTHAP MILL;Not RSPO Certified;;13/01/2026;8.000.322;99.330.686;8.000322, 99.330686;THA;Thailand;Krabi;Lam Thap;1-Fully Verified;
PO1000000638;KUALA LUMPUR KEPONG (KLK);SEKARBUMI ALAMLESTARI;TAPUNG KANAN;RSPO Certified;RSPO Certified, IP, MB;13/01/2026;0.757222;101.219.722;0.757222, 101.219722;IDN;Indonesia;Riau;Kampar;1-Fully Verified;
PO1000000674;FGV HOLDINGS BERHAD;FGV PALM INDUSTRIES SDN BHD;PADANG PIOL;Not RSPO Certified;;13/01/2026;4.023.889;102.388.333;4.023889, 102.388333;MYS;Malaysia;Pahang;Jerantut;1-Fully Verified;
PO1000000694;UNIVANICH PALM OIL;UNIVANICH PALM OIL PUBLIC COMPANY LTD;TOPI MILL;Not RSPO Certified;;13/01/2026;8.578.792;98.920.751;8.578792, 98.920751;THA;Thailand;Surat Thani;Prasaeng;1-Fully Verified;
PO1000000695;UNIVANICH PALM OIL;UNIVANICH PALM OIL PUBLIC COMPANY LTD;SIAM MILL;RSPO Certified;RSPO Certified, IP, MB;13/01/2026;8.385.622;98.729.131;8.385622, 98.729131;THA;Thailand;Krabi;Ao Luk;1-Fully Verified;
PO1000000706;SIME DARBY;PERKASA SUBUR SAKTI;BLANG SIMPO;RSPO Certified;RSPO Certified, IP, MB;13/01/2026;470.789;97.838.433;4.70789, 97.838433;IDN;Indonesia;Aceh;Aceh Timur;1-Fully Verified;
PO1000000762;FGV HOLDINGS BERHAD;FGV PALM INDUSTRIES SDN BHD;TRIANG;RSPO Certified;RSPO Certified, MB;13/01/2026;3.27;102.577;3.27, 102.577;MYS;Malaysia;Pahang;Bera;1-Fully Verified;
PO1000000819;NATURAL HABITATS GROUP;EXTRACTORA NATURAL S.A. EXTRANATU;EXTRACTORA NATURAL S.A. EXTRANATU;Not RSPO Certified;;13/01/2026;0.678301;-79.539.845;0.678301, -79.539845;ECU;Ecuador;Esmeraldas;Esmeraldas;1-Fully Verified;
PO1000000820;FGV HOLDINGS BERHAD;FGV PALM INDUSTRIES SDN BHD;KEMASUL;RSPO Certified;RSPO Certified, MB;13/01/2026;32.725;102.231.389;3.2725, 102.231389;MYS;Malaysia;Pahang;Bentong;1-Fully Verified;
PO1000000829;SIME DARBY;SAJANG HEULANG;MUSTIKA;Not RSPO Certified;;13/01/2026;-34.886.111;1.157.386.111;-3.4886111, 115.7386111;IDN;Indonesia;Kalimantan Selatan;Tanah Bumbu;1-Fully Verified;
PO1000000879;PTPN III;PERKEBUNAN NUSANTARA III;SEI MANGKEI;RSPO Certified;RSPO Certified, MB;13/01/2026;313.077;99.343.861;3.13077, 99.343861;IDN;Indonesia;Sumatera Utara;Simalungun;1-Fully Verified;
PO1000000884;BAKRIE;AGRO MITRA MADANI;AGRO MITRA MADANI;Not RSPO Certified;;13/01/2026;-1.077.592;103.110.697;-1.077592, 103.110697;IDN;Indonesia;Jambi;Tanjung Jabung B;1-Fully Verified;
PO1000000892;KUALA LUMPUR KEPONG (KLK);KUALA LUMPUR KEPONG BHD;TANJONG MALIM;RSPO Certified;RSPO Certified, IP, MB;13/01/2026;3.695;101.485.667;3.695, 101.485667;MYS;Malaysia;Selangor;Hulu Selangor;1-Fully Verified;
PO1000000894;KUALA LUMPUR KEPONG (KLK);KUALA LUMPUR KEPONG BHD;BATU LINTANG;RSPO Certified;RSPO Certified, IP;13/01/2026;5.193.591;10.062.843;5.193591, 100.62843;MYS;Malaysia;Kedah;Bandar Baharu;1-Fully Verified;
PO1000000895;KUALA LUMPUR KEPONG (KLK);KUALA LUMPUR KEPONG BHD;TUAN MEE;RSPO Certified;RSPO Certified, MB;13/01/2026;3.265.156;101.463.279;3.265156, 101.463279;MYS;Malaysia;Selangor;Kuala Selangor;1-Fully Verified;
PO1000000896;KUALA LUMPUR KEPONG (KLK);KUALA LUMPUR KEPONG BHD;CHANGKAT CHERMIN;RSPO Certified;RSPO Certified, IP;13/01/2026;427.527;10.078.498;4.27527, 100.78498;MYS;Malaysia;Perak;Manjung;1-Fully Verified;
PO1000000898;FGV HOLDINGS BERHAD;FGV PALM INDUSTRIES SDN BHD;BUKIT KEPAYANG;RSPO Certified;RSPO Certified, MB;13/01/2026;3.346.311;102.597.375;3.346311, 102.597375;MYS;Malaysia;Pahang;Bera;1-Fully Verified;
PO1000000901;FGV HOLDINGS BERHAD;FGV PALM INDUSTRIES SDN BHD;TEMENTI;Not RSPO Certified;;13/01/2026;326.472.222;102.598.889;3.26472222, 102.598889;MYS;Malaysia;Pahang;Bera;2-High Confidence;
PO1000000936;HAP SENG PLANTATIONS HOLDINGS BERHAD;JEROCO PLANTATIONS SDN BHD;JEROCO 1;RSPO Certified;RSPO Certified, IP;13/01/2026;5.431.112;118.417.224;5.431112, 118.417224;MYS;Malaysia;Sabah;Kinabatangan;1-Fully Verified;
PO1000000939;DHARMA SATYA NUSANTARA (DSN);DHARMA SATYA NUSANTARA;PT DHARMA SATYA NUSANTARA;RSPO Certified;RSPO Certified, IP;13/01/2026;1.250.806;116.728.917;1.250806, 116.728917;IDN;Indonesia;Kalimantan Timur;Kutai Timur;1-Fully Verified;
PO1000000950;DHARMA SATYA NUSANTARA (DSN);DHARMA SATYA NUSANTARA;PKS 3;Not RSPO Certified;;13/01/2026;1.256.028;11.687.475;1.256028, 116.87475;IDN;Indonesia;Kalimantan Timur;Kutai Timur;1-Fully Verified;
PO1000000953;WILMAR GROUP;BULUH CAWANG PLANTATIONS;DABUK REJO;RSPO Certified;RSPO Certified, MB;13/01/2026;-3.948.633;104.957.367;-3.948633, 104.957367;IDN;Indonesia;Sumatera Selatan;Ogan Komering Ilir;1-Fully Verified;
PO1000000967;FGV HOLDINGS BERHAD;FGV PALM INDUSTRIES SDN BHD;FAJAR HARAPAN;Not RSPO Certified;;13/01/2026;5.194.956;119.187.378;5.194956, 119.187378;MYS;Malaysia;Sabah;Lahad Datu;1-Fully Verified;
PO1000000968;FGV HOLDINGS BERHAD;FGV PALM INDUSTRIES SDN BHD;BAIDURI AYU;Not RSPO Certified;;13/01/2026;5.081.152;118.939.752;5.081152, 118.939752;MYS;Malaysia;Sabah;Lahad Datu;1-Fully Verified;
PO1000001031;SIME DARBY;SIME DARBY PLANTATION BHD;PAGOH (SOU 19);RSPO Certified;RSPO Certified, IP, MB;13/01/2026;2.077.424;102.718.519;2.077424, 102.718519;MYS;Malaysia;Johor;Muar;1-Fully Verified;
PO1000001043;WILMAR GROUP;BUMI SAWIT KENCANA;BUMI SAWIT KENCANA;RSPO Certified;RSPO Certified, IP, MB;13/01/2026;-2.230.183;11.249.125;-2.230183, 112.49125;IDN;Indonesia;Kalimantan Tengah;Kotawaringin Timur;1-Fully Verified;
PO1000001050;LAM SOON (THAILAND);UNITED PALM OIL INDUSTRY PUBLIC COMPANY LTD (UPOIC);UNITED PALM OIL INDUSTRY PUBLIC COMPANY LIMITED (UPOIC);RSPO Certified;RSPO Certified, IP, MB;13/01/2026;81.538;990.219;8.1538, 99.0219;THA;Thailand;Krabi;Nua Khlong;1-Fully Verified;
PO1000001053;TDM BERHAD;TDM PLANTATION SDN BHD;KEMAMAN;RSPO Certified;RSPO Certified, IP;13/01/2026;4.403;103.248;4.403, 103.248;MYS;Malaysia;Trengganu;Kemaman;1-Fully Verified;
PO1000001056;SINAR MAS;IVO MAS TUNGGAL;UJUNG TANJUNG;RSPO Certified;RSPO Certified, MB;13/01/2026;0.969733;10.126.075;0.969733, 101.26075;IDN;Indonesia;Riau;Siak;1-Fully Verified;
PO1000001057;SINAR MAS;IVO MAS TUNGGAL;LIBO;RSPO Certified;RSPO Certified, IP;13/01/2026;0.928611;101.206.389;0.928611, 101.206389;IDN;Indonesia;Riau;Siak;1-Fully Verified;
PO1000001058;SINAR MAS;IVO MAS TUNGGAL;SAM-SAM;RSPO Certified;RSPO Certified, IP;13/01/2026;0.9375;1.013.002;0.9375, 101.3002;IDN;Indonesia;Riau;Siak;1-Fully Verified;
PO1000001060;SINAR MAS;BUANA WIRALESTARI MAS;SEKIJANG;RSPO Certified;RSPO Certified, MB;13/01/2026;0.833933;101.044.283;0.833933, 101.044283;IDN;Indonesia;Riau;Kampar;1-Fully Verified;
PO1000001061;SINAR MAS;BUANA WIRALESTARI MAS;NAGA SAKTI;RSPO Certified;RSPO Certified, IP;13/01/2026;0.7827;101.049.567;0.7827, 101.049567;IDN;Indonesia;Riau;Kampar;1-Fully Verified;
PO1000001062;SINAR MAS;RAMAJAYA PRAMUKTI;RAMARAMA;RSPO Certified;RSPO Certified, MB;13/01/2026;0.533494;101.076.381;0.533494, 101.076381;IDN;Indonesia;Riau;Kampar;1-Fully Verified;
PO1000001064;SINAR MAS;BUMIPALMA LESTARIPERSADA;BUMI PALMA;Not RSPO Certified;;13/01/2026;-0.598056;102.983.333;-0.598056, 102.983333;IDN;Indonesia;Riau;Indragiri Hilir;1-Fully Verified;
PO1000001065;SINAR MAS;MEGANUSA INTISAWIT;INDRA SAKTI;RSPO Certified;RSPO Certified, IP;13/01/2026;-0.5692;102.305.851;-0.5692, 102.305851;IDN;Indonesia;Riau;Indragiri Hulu;1-Fully Verified;
PO1000001079;SINAR MAS;SINAR MAS AGRO RESOURCES AND TECHNOLOGY;PADANG HALABAN;RSPO Certified;RSPO Certified, IP;13/01/2026;2.319.167;99.839.444;2.319167, 99.839444;IDN;Indonesia;Sumatera Utara;Labuhanbatu Utara;1-Fully Verified;
PO1000001094;IOI CORPORATION;IOI CORPORATION BHD;LEEPANG;RSPO Certified;RSPO Certified, IP;13/01/2026;5.549.056;118.437.595;5.549056, 118.437595;MYS;Malaysia;Sabah;Kinabatangan;1-Fully Verified;
PO1000001098;IOI CORPORATION;IOI CORPORATION BHD;MORISEM;RSPO Certified;RSPO Certified, IP;13/01/2026;5.493.525;118.370.047;5.493525, 118.370047;MYS;Malaysia;Sabah;Kinabatangan;1-Fully Verified;
PO1000001113;TDM BERHAD;TDM PLANTATION SDN BHD;SUNGAI TONG PALM OIL MILL ;RSPO Certified;RSPO Certified, IP, MB;13/01/2026;5.308.094;102.910.417;5.308094, 102.910417;MYS;Malaysia;Trengganu;Setiu;1-Fully Verified;
PO1000001150;SINAR MAS;TAPIAN NADENGGAN;LANGGA PAYUNG PALM OIL MILL;RSPO Certified;RSPO Certified, MB;13/01/2026;1.654.444;99.886.944;1.654444, 99.886944;IDN;Indonesia;Sumatera Utara;Padang Lawas Utara;1-Fully Verified;
PO1000001151;SINAR MAS;SINAR MAS AGRO RESOURCES AND TECHNOLOGY;BATU AMPAR;RSPO Certified;RSPO Certified, MB;13/01/2026;-31.981;1.160.219;-3.1981, 116.0219;IDN;Indonesia;Kalimantan Selatan;Kota Baru;2-High Confidence;
PO1000001152;SINAR MAS;SINAR MAS AGRO RESOURCES AND TECHNOLOGY;TANAH LAUR;RSPO Certified;RSPO Certified, MB;13/01/2026;-3.790.278;115.283.056;-3.790278, 115.283056;IDN;Indonesia;Kalimantan Selatan;Tanah Laut;1-Fully Verified;
PO1000001154;SINAR MAS;TAPIAN NADENGGAN;HANAU;RSPO Certified;RSPO Certified, MB;13/01/2026;-2.360.861;112.109.694;-2.360861, 112.109694;IDN;Indonesia;Kalimantan Tengah;Seruyan;1-Fully Verified;
PO1000001155;SINAR MAS;BINASAWIT ABADI PRATAMA;SUNGAI RUNGAU;RSPO Certified;RSPO Certified, IP;13/01/2026;-23.206;112.334;-2.3206, 112.334;IDN;Indonesia;Kalimantan Tengah;Seruyan;1-Fully Verified;
PO1000001156;SINAR MAS;TAPIAN NADENGGAN;SEMILAR;RSPO Certified;RSPO Certified, IP;13/01/2026;-2.248.111;112.340.417;-2.248111, 112.340417;IDN;Indonesia;Kalimantan Tengah;Seruyan;1-Fully Verified;
PO1000001207;CARGILL;AYU SAWIT LESTARI;PAKU JUANG;RSPO Certified;RSPO Certified, IP;13/01/2026;-2.433.267;110.817.511;-2.433267, 110.817511;IDN;Indonesia;Kalimantan Barat;Ketapang;1-Fully Verified;
PO1000001208;CARGILL;HARAPAN SAWIT LESTARI;MANIS MATA;RSPO Certified;RSPO Certified, MB;13/01/2026;-2.483.162;111.018.391;-2.483162, 111.018391;IDN;Indonesia;Kalimantan Barat;Ketapang;1-Fully Verified;
PO1000001233;FGV HOLDINGS BERHAD;FGV PALM INDUSTRIES SDN BHD;BUKIT SAGU;RSPO Certified;RSPO Certified, MB;13/01/2026;39.669;1.031.487;3.9669, 103.1487;MYS;Malaysia;Pahang;Kuantan;1-Fully Verified;
PO1000001250;SOCFIN S.A.;SOCFIN INDONESIA;NEGERI LAMA;RSPO Certified;RSPO Certified, IP;13/01/2026;231.725;100.070.169;2.31725, 100.070169;IDN;Indonesia;Sumatera Utara;Labuhanbatu;1-Fully Verified;
PO1000001251;SOCFIN S.A.;SOCFIN INDONESIA;SUNGAI LIPUT;RSPO Certified;RSPO Certified, IP;13/01/2026;42.319;980.594;4.2319, 98.0594;IDN;Indonesia;Aceh;Aceh Tamiang;1-Fully Verified;
PO1000001252;SOCFIN S.A.;SOCFIN INDONESIA;AEK LOBA;RSPO Certified;RSPO Certified, IP;13/01/2026;2.651.389;99.617.778;2.651389, 99.617778;IDN;Indonesia;Sumatera Utara;Asahan;1-Fully Verified;
PO1000001256;SOCFIN S.A.;SOCFIN INDONESIA;MATA PAO MILL;RSPO Certified;RSPO Certified, IP;13/01/2026;3.530.833;99.091.944;3.530833, 99.091944;IDN;Indonesia;Sumatera Utara;Serdang Bedagai;1-Fully Verified;
PO1000001263;JOHOR PLANTATIONS BERHAD;JOHOR PLANTATIONS BERHAD;TEREH;RSPO Certified;RSPO Certified, IP;13/01/2026;2.217.023;103.352.357;2.217023, 103.352357;MYS;Malaysia;Johor;Keluang;1-Fully Verified;
PO1000001264;KULIM (MALAYSIA) BERHAD;SINDORA BHD;SINDORA;RSPO Certified;RSPO Certified, IP;13/01/2026;1.985.372;10.346.231;1.985372, 103.46231;MYS;Malaysia;Johor;Keluang;1-Fully Verified;
PO1000001265;KULIM (MALAYSIA) BERHAD;MAHAMURNI PLANTATIONS SDN BHD;PALONG COCOA;RSPO Certified;RSPO Certified, IP;13/01/2026;27.064;102.785.012;2.7064, 102.785012;MYS;Malaysia;Johor;Segamat;1-Fully Verified;
PO1000001278;SIPEF;AGRO MUKO;MUKOMUKO POM;RSPO Certified;RSPO Certified, IP;13/01/2026;-2.601.342;101.277.978;-2.601342, 101.277978;IDN;Indonesia;Bengkulu;Mukomuko;1-Fully Verified;
PO1000001279;SIPEF;AGRO MUKO;BUNGA TANJUNG;RSPO Certified;RSPO Certified, IP;13/01/2026;-2.716.388;101.369.444;-2.716388, 101.369444;IDN;Indonesia;Bengkulu;Mukomuko;1-Fully Verified;
PO1000001285;FGV HOLDINGS BERHAD;FGV PALM INDUSTRIES SDN BHD;BUKIT BESAR;Not RSPO Certified;;13/01/2026;1.772.191;1.037.022;1.772191, 103.7022;MYS;Malaysia;Johor;Kota Tinggi;2-High Confidence;
PO1000001309;FGV HOLDINGS BERHAD;FGV PALM INDUSTRIES SDN BHD;KULAI;RSPO Certified;RSPO Certified, MB;13/01/2026;1.739.556;103.647.292;1.739556, 103.647292;MYS;Malaysia;Johor;Kulaijaya;2-High Confidence;
PO1000001310;FGV HOLDINGS BERHAD;FGV PALM INDUSTRIES SDN BHD;PENGGELI;RSPO Certified;RSPO Certified, MB;13/01/2026;1.827.009;103.639.143;1.827009, 103.639143;MYS;Malaysia;Johor;Kota Tinggi;1-Fully Verified;
PO1000001311;FGV HOLDINGS BERHAD;FGV PALM INDUSTRIES SDN BHD;BELITONG;RSPO Certified;RSPO Certified, MB;13/01/2026;1.937.607;1.034.986;1.937607, 103.4986;MYS;Malaysia;Johor;Keluang;1-Fully Verified;
PO1000001313;FGV HOLDINGS BERHAD;FGV PALM INDUSTRIES SDN BHD;NITAR;RSPO Certified;RSPO Certified, MB;13/01/2026;2.406.759;103.657.348;2.406759, 103.657348;MYS;Malaysia;Johor;Mersing;1-Fully Verified;
PO1000001314;FGV HOLDINGS BERHAD;FGV PALM INDUSTRIES SDN BHD;KAHANG;Not RSPO Certified;;13/01/2026;2.075.104;103.494.118;2.075104, 103.494118;MYS;Malaysia;Johor;Keluang;1-Fully Verified;
PO1000001315;PASIFIK AGRO SENTOSA (PAS);BARUMUN AGRI SENTOSA;AEK SIGALA GALA;RSPO Certified;RSPO Certified, MB;13/01/2026;1.621.167;100.102.444;1.621167, 100.102444;IDN;Indonesia;Sumatera Utara;Padang Lawas Utara;1-Fully Verified;
PO1000001320;FGV HOLDINGS BERHAD;FGV PALM INDUSTRIES SDN BHD;LEPAR HILIR;RSPO Certified;RSPO Certified, MB;13/01/2026;3.645.278;103.012.778;3.645278, 103.012778;MYS;Malaysia;Pahang;Kuantan;1-Fully Verified;
PO1000001342;SINAR MAS;SUMBER INDAH PERKASA;SUNGAI BUAYA;RSPO Certified;RSPO Certified, IP;13/01/2026;-4.128.611;105.438.839;-4.128611, 105.438839;IDN;Indonesia;Lampung;Mesuji;1-Fully Verified;
PO1000001343;SINAR MAS;SUMBER INDAH PERKASA;SUNGAI MERAH;RSPO Certified;RSPO Certified, MB;13/01/2026;-4.218.444;105.588.769;-4.218444, 105.588769;IDN;Indonesia;Lampung;Tulangbawang;1-Fully Verified;
PO1000001344;SINAR MAS;KRESNA DUTA AGROINDO;JELATANG;RSPO Certified;RSPO Certified, MB;13/01/2026;-2.072.222;102.485.833;-2.072222, 102.485833;IDN;Indonesia;Jambi;Merangin;1-Fully Verified;
PO1000001345;SINAR MAS;KRESNA DUTA AGROINDO;LANGLING;RSPO Certified;RSPO Certified, MB;13/01/2026;-2.100.833;102.374.444;-2.100833, 102.374444;IDN;Indonesia;Jambi;Merangin;1-Fully Verified;
PO1000001372;SINAR MAS;MASKAPAI PERKEBUNAN LEIDONG WEST INDONESIA;MASKAPAI PERKEBUAN LEIDONG WEST;RSPO Certified;RSPO Certified, IP, MB;13/01/2026;-1.901.389;105.476.389;-1.901389, 105.476389;IDN;Indonesia;Bangka Belitung;Bangka Barat;1-Fully Verified;
PO1000001380;SIME DARBY;LAGUNA MANDIRI;BETUNG;RSPO Certified;RSPO Certified, MB;13/01/2026;-2.379.167;116.203.056;-2.379167, 116.203056;IDN;Indonesia;Kalimantan Selatan;Kota Baru;1-Fully Verified;
PO1000001381;SIME DARBY;BHUMIREKSA NUSA SEJATI;MANDAH FACTORY;RSPO Certified;RSPO Certified, IP;13/01/2026;0.1159722;1.035.491.389;0.1159722, 103.5491389;IDN;Indonesia;Riau;Indragiri Hilir;1-Fully Verified;
PO1000001383;SINAR MAS;FORESTA LESTARI DWIKARYA;TANJUNG KEMBIRI;RSPO Certified;RSPO Certified, MB;13/01/2026;-30.324.871;107.770.416;-3.0324871, 107.770416;IDN;Indonesia;Bangka Belitung;Belitung;1-Fully Verified;
PO1000001394;UNKNOWN;THE NATURAL PALM GROUP CO.,LTD;THE NATURAL PALM GROUP CO., LTD.;RSPO Certified;RSPO Certified, MB;13/01/2026;10.293.034;99.090.577;10.293034, 99.090577;THA;Thailand;Chumphon;Sawi;1-Fully Verified;CHUMPHON
PO1000001417;KUALA LUMPUR KEPONG (KLK);ADEI PLANTATION AND INDUSTRY;NILO 1;RSPO Certified;RSPO Certified, IP, MB;13/01/2026;0.3480556;101.971.667;0.3480556, 101.971667;IDN;Indonesia;Riau;Pelalawan;1-Fully Verified;
PO1000001418;KUALA LUMPUR KEPONG (KLK);ADEI PLANTATION AND INDUSTRY;NILO 2;RSPO Certified;RSPO Certified, IP;13/01/2026;0.3525;102.094.722;0.3525, 102.094722;IDN;Indonesia;Riau;Pelalawan;1-Fully Verified;
PO1000001423;DAABON GROUP;PALMAS DE SAN ALBERTO S.A.S;PALMAS DE SAN ALBERTO S.A.S;RSPO Certified;RSPO Certified, IP;13/01/2026;7.703.464;-73.455.515;7.703464, -73.455515;COL;Colombia;Cesar;San Alberto;1-Fully Verified;INDUSTRIAL AGRARIA LA PALMA S.A. (INDUPALMA)
PO1000001431;FORESTA FOOD CORPORATION;EXTRACTORA LA FRANCIA / AGROCARIBE;EXTRACTORA DEL ATLANTICO;RSPO Certified;RSPO Certified, IP;13/01/2026;15.582.959;-88.559.814;15.582959, -88.559814;GTM;Guatemala;Izabal;Morales;1-Fully Verified;
PO1000001488;MP EVANS;PRIMA MITRAJAYA MANDIRI;BENUA PUHUN;RSPO Certified;RSPO Certified, IP, MB;13/01/2026;-0.297714;116.763.666;-0.297714, 116.763666;IDN;Indonesia;Kalimantan Timur;Kutai Kartanegara;1-Fully Verified;
PO1000001529;MUSIM MAS;SIRINGO-RINGO;SIRINGO RINGO;RSPO Certified;RSPO Certified, IP, MB;13/01/2026;2.1;99.77;2.1, 99.77;IDN;Indonesia;Sumatera Utara;Labuhanbatu;1-Fully Verified;
PO1000001564;PTPN III;PERKEBUNAN NUSANTARA III;AEK NABARA SELATAN;RSPO Certified;RSPO Certified, IP, MB;13/01/2026;2.058.056;99.955.278;2.058056, 99.955278;IDN;Indonesia;Sumatera Utara;Labuhanbatu;1-Fully Verified;
PO1000001565;PTPN III;PERKEBUNAN NUSANTARA III;AEK TOROP;RSPO Certified;RSPO Certified, IP, MB;13/01/2026;179.278;10.015.583;1.79278, 100.15583;IDN;Indonesia;Sumatera Utara;Labuhanbatu Selatan;1-Fully Verified;
PO1000001566;PTPN III;PERKEBUNAN NUSANTARA III;AEK RASO;RSPO Certified;RSPO Certified, MB;13/01/2026;1.703.883;100.172.217;1.703883, 100.172217;IDN;Indonesia;Sumatera Utara;Labuhanbatu Selatan;1-Fully Verified;
PO1000001611;SINAR MAS;BUMI SAWIT PERMAI;BUMI SAWIT;RSPO Certified;RSPO Certified, MB;13/01/2026;-35.257;1.043.443;-3.5257, 104.3443;IDN;Indonesia;Sumatera Selatan;Ogan Ilir;1-Fully Verified;
PO1000001612;SINAR MAS;SAWIT MAS SEJAHTERA;PANGKALAN PANJI;RSPO Certified;RSPO Certified, MB;13/01/2026;-2.948.531;104.466.511;-2.948531, 104.466511;IDN;Indonesia;Sumatera Selatan;Banyu Asin;1-Fully Verified;
PO1000001618;TRIPUTRA AGRO PERSADA;GAWI BAHANDEP SAWIT MEKAR;GAWI BAHANDEP SAWIT MEKAR;RSPO Certified;RSPO Certified, IP, MB;13/01/2026;-2.951.233;112.347.033;-2.951233, 112.347033;IDN;Indonesia;Kalimantan Tengah;Seruyan;1-Fully Verified;
PO1000001619;TRIPUTRA AGRO PERSADA;BRAHMA BINA BAKTI;BRAHMA BINABAKTI;RSPO Certified;RSPO Certified, IP, MB;13/01/2026;-13.467;103.327.983;-1.3467, 103.327983;IDN;Indonesia;Jambi;Muaro Jambi;1-Fully Verified;
PO1000001631;SINAR MAS;DJUANDA SAWIT LESTARI;MUARA KANDIS;RSPO Certified;RSPO Certified, MB;13/01/2026;-2.900.278;1.031.775;-2.900278, 103.1775;IDN;Indonesia;Sumatera Selatan;Musi Rawas;1-Fully Verified;
PO1000001637;SINAR MAS;AGRO LESTARI MANDIRI;PEKAWAI;RSPO Certified;RSPO Certified, MB;13/01/2026;-1.521.222;110.458.915;-1.521222, 110.458915;IDN;Indonesia;Kalimantan Barat;Ketapang;1-Fully Verified;
PO1000001638;GOLDEN AGRI RESOURCES ;KENCANA GRAHA PERMAI;KENANGA PALM OIL MILL;RSPO Certified;RSPO Certified, MB;13/01/2026;-21.404;1.105.158;-2.1404, 110.5158;IDN;Indonesia;Kalimantan Barat;Ketapang;1-Fully Verified;
PO1000001654;FGV HOLDINGS BERHAD;FGV PALM INDUSTRIES SDN BHD;EMBARA BUDI;Not RSPO Certified;;13/01/2026;5.132.065;119.092.445;5.132065, 119.092445;MYS;Malaysia;Sabah;Lahad Datu;1-Fully Verified;
PO1000001655;SIPEF;HARGY OIL PALM LTD;BAREMA PALM OIL MILL;Not RSPO Certified;;13/01/2026;-5.210.444;151.129.872;-5.210444, 151.129872;PNG;Papua New Guinea;West New Britain;Talasea;1-Fully Verified;
PO1000001670;SIPEF;UMBUL MAS WISESA;UMBUL MAS WISESA;RSPO Certified;RSPO Certified, IP;13/01/2026;2.210.808;100.271.064;2.210808, 100.271064;IDN;Indonesia;Sumatera Utara;Labuhanbatu Selatan;1-Fully Verified;
PO1000001677;WILMAR GROUP;BENSO OIL PALM PLANTATION LTD;BENSO OIL PALM PLANTATION OIL MILL;RSPO Certified;RSPO Certified, MB;13/01/2026;5.110.717;-1.913.683;5.110717, -1.913683;GHA;Ghana;Western;Mpohor Wassa East;1-Fully Verified;
PO1000001683;BUMITAMA GUNAJAYA AGRO (BGA);WINDU NABATINDO LESTARI;PUNDU NABATINDO;RSPO Certified;RSPO Certified, IP, MB;13/01/2026;-1.993.167;113.060.706;-1.993167, 113.060706;IDN;Indonesia;Kalimantan Tengah;Kotawaringin Timur;1-Fully Verified;
PO1000001684;BUMITAMA GUNAJAYA AGRO (BGA);KARYA MAKMUR BAHAGIA;GUNUNG MAKMUR;RSPO Certified;RSPO Certified, IP, MB;13/01/2026;-1.761.271;112.597.416;-1.761271, 112.597416;IDN;Indonesia;Kalimantan Tengah;Kotawaringin Timur;2-High Confidence;
PO1000001697;FGV HOLDINGS BERHAD;FGV PALM INDUSTRIES SDN BHD;LANCANG KEMUDI;Not RSPO Certified;;13/01/2026;5.232.319;119.057.997;5.232319, 119.057997;MYS;Malaysia;Sabah;Lahad Datu;1-Fully Verified;
PO1000001698;FGV HOLDINGS BERHAD;FGV PALM INDUSTRIES SDN BHD;HAMPARAN BADAI;Not RSPO Certified;;13/01/2026;5.336.233;119.204.668;5.336233, 119.204668;MYS;Malaysia;Sabah;Kinabatangan;1-Fully Verified;
PO1000001699;FGV HOLDINGS BERHAD;FGV PALM INDUSTRIES SDN BHD;MERCU PUSPITA;Not RSPO Certified;;13/01/2026;5.205.806;119.013.742;5.205806, 119.013742;MYS;Malaysia;Sabah;Lahad Datu;1-Fully Verified;
PO1000001700;FGV HOLDINGS BERHAD;FGV PALM INDUSTRIES SDN BHD;NILAM PERMATA;Not RSPO Certified;;13/01/2026;5.290.831;119.009.438;5.290831, 119.009438;MYS;Malaysia;Sabah;Kinabatangan;1-Fully Verified;
PO1000001701;FGV HOLDINGS BERHAD;FGV PALM INDUSTRIES SDN BHD;KEMBARA SAKTI;Not RSPO Certified;;13/01/2026;5.361.039;119.093;5.361039, 119.093;MYS;Malaysia;Sabah;Kinabatangan;1-Fully Verified;
PO1000001702;FGV HOLDINGS BERHAD;FGV PALM INDUSTRIES SDN BHD;UMAS;Not RSPO Certified;;13/01/2026;4.496.906;117.650.576;4.496906, 117.650576;MYS;Malaysia;Sabah;Tawau;1-Fully Verified;
PO1000001703;FGV HOLDINGS BERHAD;FGV PALM INDUSTRIES SDN BHD;KALABAKAN;Not RSPO Certified;;13/01/2026;4.370.035;117.512.487;4.370035, 117.512487;MYS;Malaysia;Sabah;Tawau;1-Fully Verified;
PO1000001722;SINAR MAS;SATYA KISMA USAHA;SUNGAI BENGKAL;RSPO Certified;RSPO Certified, MB;13/01/2026;-1.590.556;102.61;-1.590556, 102.61;IDN;Indonesia;Jambi;Tebo;1-Fully Verified;
PO1000001740;WINGS AGRO;GAWI MAKMUR KALIMANTAN;JORONG;RSPO Certified;RSPO Certified, IP, MB;13/01/2026;-3.822.704;114.963.451;-3.822704, 114.963451;IDN;Indonesia;Kalimantan Selatan;Tanah Laut;1-Fully Verified;
PO1000001761;SINAR MAS;BUMI PERMAI LESTARI;BUKIT PERAK;RSPO Certified;RSPO Certified, MB;13/01/2026;-1.820.147;1.055.509.042;-1.820147, 105.5509042;IDN;Indonesia;Bangka Belitung;Bangka Barat;1-Fully Verified;
PO1000001765;SINAR MAS;KRESNA DUTA AGROINDO;MUARA WAHAU;RSPO Certified;RSPO Certified, IP, MB;13/01/2026;1.111.161;117.023.161;1.111161, 117.023161;IDN;Indonesia;Kalimantan Timur;Kutai Timur;1-Fully Verified;
PO1000001774;SOCFIN S.A.;SOCFIN INDONESIA;SEUNAGAN;RSPO Certified;RSPO Certified, IP;13/01/2026;4.06;96.262.222;4.06, 96.262222;IDN;Indonesia;Aceh;Nagan Raya;1-Fully Verified;
PO1000001775;SOCFIN S.A.;SOCFIN INDONESIA;LAE BUTAR;RSPO Certified;RSPO Certified, IP;13/01/2026;2.391.111;97.956.667;2.391111, 97.956667;IDN;Indonesia;Aceh;Aceh Singkil;1-Fully Verified;
PO1000001777;SOCFIN S.A.;SOCFIN INDONESIA;SEUMANYAM;RSPO Certified;RSPO Certified, IP;13/01/2026;3.965.278;96.565.278;3.965278, 96.565278;IDN;Indonesia;Aceh;Nagan Raya;1-Fully Verified;
PO1000001784;PTPN III;PERKEBUNAN NUSANTARA III;SEI BARUHUR;RSPO Certified;RSPO Certified, IP, MB;13/01/2026;1.688.483;100.285.767;1.688483, 100.285767;IDN;Indonesia;Sumatera Utara;Labuhanbatu Selatan;1-Fully Verified;
PO1000001867;SIME DARBY;SANDIKA NATAPALMA;LEMBIRU;RSPO Certified;RSPO Certified, IP, MB;13/01/2026;-2.17;110.667.778;-2.17, 110.667778;IDN;Indonesia;Kalimantan Barat;Ketapang;2-High Confidence;
PO1000001890;FGV HOLDINGS BERHAD;FGV PALM INDUSTRIES SDN BHD;SG TENGI;Not RSPO Certified;;13/01/2026;3.586.092;101.415.603;3.586092, 101.415603;MYS;Malaysia;Selangor;Hulu Selangor;1-Fully Verified;
PO1000001891;FGV HOLDINGS BERHAD;FGV PALM INDUSTRIES SDN BHD;PANCHING;Not RSPO Certified;;13/01/2026;3.826.111;103.166.111;3.826111, 103.166111;MYS;Malaysia;Pahang;Kuantan;1-Fully Verified;
PO1000001892;FGV HOLDINGS BERHAD;FGV PALM INDUSTRIES SDN BHD;BESOUT;RSPO Certified;RSPO Certified, MB;13/01/2026;3.881.294;101.277.061;3.881294, 101.277061;MYS;Malaysia;Perak;Batang Padang;1-Fully Verified;
PO1000001893;FGV HOLDINGS BERHAD;FGV PALM INDUSTRIES SDN BHD;TROLAK;Not RSPO Certified;;13/01/2026;3.937.983;101.350.228;3.937983, 101.350228;MYS;Malaysia;Perak;Batang Padang;1-Fully Verified;
PO1000001894;FGV HOLDINGS BERHAD;FGV PALM INDUSTRIES SDN BHD;KERATONG 2;RSPO Certified;RSPO Certified, MB;13/01/2026;2.919.339;102.873.272;2.919339, 102.873272;MYS;Malaysia;Pahang;Rompin;1-Fully Verified;
PO1000001895;FGV HOLDINGS BERHAD;FGV PALM INDUSTRIES SDN BHD;KERATONG 3;RSPO Certified;RSPO Certified, MB;13/01/2026;2.929.591;102.935.503;2.929591, 102.935503;MYS;Malaysia;Pahang;Rompin;1-Fully Verified;
PO1000001896;FGV HOLDINGS BERHAD;FGV PALM INDUSTRIES SDN BHD;NERAM;RSPO Certified;RSPO Certified, MB;13/01/2026;4.006.667;103.288.611;4.006667, 103.288611;MYS;Malaysia;Trengganu;Kemaman;1-Fully Verified;
PO1000001897;FGV HOLDINGS BERHAD;FGV PALM INDUSTRIES SDN BHD;KRAU;RSPO Certified;RSPO Certified, MB;13/01/2026;3.647.222;101.976.389;3.647222, 101.976389;MYS;Malaysia;Pahang;Raub;1-Fully Verified;
PO1000001898;FGV HOLDINGS BERHAD;FGV PALM INDUSTRIES SDN BHD;MEMPAGA;Not RSPO Certified;;13/01/2026;3.527.222;101.980.278;3.527222, 101.980278;MYS;Malaysia;Pahang;Bentong;1-Fully Verified;
PO1000001899;FGV HOLDINGS BERHAD;FGV PALM INDUSTRIES SDN BHD;SERTING;RSPO Certified;RSPO Certified, MB;13/01/2026;2.900.353;102.445.975;2.900353, 102.445975;MYS;Malaysia;Negeri Sembilan;Jempol;1-Fully Verified;
PO1000001901;FGV HOLDINGS BERHAD;FGV PALM INDUSTRIES SDN BHD;JERANGAU BARAT;Not RSPO Certified;;13/01/2026;4.916.111;103.135.278;4.916111, 103.135278;MYS;Malaysia;Trengganu;Dungun;1-Fully Verified;
PO1000001902;FGV HOLDINGS BERHAD;FGV PALM INDUSTRIES SDN BHD;JERANGAU BARU;Not RSPO Certified;;13/01/2026;4.934.167;103.184.444;4.934167, 103.184444;MYS;Malaysia;Trengganu;Hulu Terengganu;1-Fully Verified;
PO1000001903;FGV HOLDINGS BERHAD;FGV PALM INDUSTRIES SDN BHD;SELANCAR 2A;Not RSPO Certified;;13/01/2026;26.522;103.019;2.6522, 103.019;MYS;Malaysia;Pahang;Rompin;1-Fully Verified;
PO1000001904;FGV HOLDINGS BERHAD;FGV PALM INDUSTRIES SDN BHD;SELANCAR 2B;RSPO Certified;RSPO Certified, MB;13/01/2026;263.879;103;2.63879, 103.000000;MYS;Malaysia;Pahang;Rompin;1-Fully Verified;
PO1000001905;FGV HOLDINGS BERHAD;FGV PALM INDUSTRIES SDN BHD;SELENDANG;RSPO Certified;RSPO Certified, MB;13/01/2026;2.703.328;103.440.119;2.703328, 103.440119;MYS;Malaysia;Pahang;Rompin;1-Fully Verified;
PO1000001906;FGV HOLDINGS BERHAD;FGV PALM INDUSTRIES SDN BHD;FPISB KILANG SAWIT CHALOK;Not RSPO Certified;;13/01/2026;5.453.889;1.027.825;5.453889, 102.7825;MYS;Malaysia;Trengganu;Setiu;1-Fully Verified;
PO1000001907;FGV HOLDINGS BERHAD;FGV PALM INDUSTRIES SDN BHD;KERTEH;RSPO Certified;RSPO Certified, MB;13/01/2026;46.258.333;103.331.944;4.6258333, 103.331944;MYS;Malaysia;Trengganu;Dungun;1-Fully Verified;
PO1000001920;SINAR MAS;TAPIAN NADENGGAN;JAK LUAY;RSPO Certified;RSPO Certified, MB;13/01/2026;0.950833;116.915;0.950833, 116.915;IDN;Indonesia;Kalimantan Timur;Kutai Timur;1-Fully Verified;
PO1000001960;PASIFIK AGRO SENTOSA (PAS);RIMBA MUJUR MAHKOTA;SIKARAKARA;RSPO Certified;RSPO Certified, MB;13/01/2026;0.6720556;99.092;0.6720556, 99.092;IDN;Indonesia;Sumatera Utara;Mandailing Natal;1-Fully Verified;
PO1000001968;KUALA LUMPUR KEPONG (KLK);KUALA LUMPUR KEPONG BHD;KUALA PERTANG;RSPO Certified;RSPO Certified, IP, MB;13/01/2026;5.623.056;102.238.056;5.623056, 102.238056;MYS;Malaysia;Kelantan;Kuala Krai;1-Fully Verified;
PO1000001992;ANJ GROUP;AUSTINDO NUSANTARA JAYA AGRI SIAIS;AUSTINDO NUSANTARA JAYA AGRI SIAIS;RSPO Certified;RSPO Certified, IP, MB;13/01/2026;117.442;9.915.518;1.17442, 99.15518;IDN;Indonesia;Sumatera Utara;Tapanuli Selatan;1-Fully Verified;
PO1000002037;DHARMA SATYA NUSANTARA (DSN);DHARMA SATYA NUSANTARA;PKS 5;RSPO Certified;RSPO Certified, IP, MB;13/01/2026;-1.971.111;1.113.519;-1.971111, 111.3519;IDN;Indonesia;Kalimantan Tengah;Lamandau;1-Fully Verified;PILAR WANA PERSADA
PO1000002063;ROYAL GOLDEN EAGLE;RIGUNAS AGRI UTAMA;PERANAP;RSPO Certified;RSPO Certified, IP;13/01/2026;-0.584722;102.019.444;-0.584722, 102.019444;IDN;Indonesia;Riau;Indragiri Hulu;1-Fully Verified;
PO1000002070;TIAN SIANG HOLDINGS SDN BHD;TIAN SIANG OILL MILL SDN BHD;TIAN SIANG OILL MILL;Not RSPO Certified;;13/01/2026;5.401.358;117.884.679;5.401358, 117.884679;MYS;Malaysia;Sabah;Kinabatangan;1-Fully Verified;
PO1000002088;DHARMA SATYA NUSANTARA (DSN);DHARMA SATYA NUSANTARA;PKS 4;RSPO Certified;RSPO Certified, MB;13/01/2026;1.151.778;116.746.333;1.151778, 116.746333;IDN;Indonesia;Kalimantan Timur;Kutai Timur;1-Fully Verified;
PO1000002103;WINGS AGRO;GAWI MAKMUR KALIMANTAN;SATUI;RSPO Certified;RSPO Certified, MB;13/01/2026;-3.737.972;115.455.194;-3.737972, 115.455194;IDN;Indonesia;Kalimantan Selatan;Tanah Bumbu;1-Fully Verified;
PO1000002130;UNKNOWN;UNKNOWN;AGRONUSA INVESTAMA 1;Not RSPO Certified;;13/01/2026;1.353.558;109.507.954;1.353558, 109.507954;IDN;Indonesia;Kalimantan Barat;Sambas;1-Fully Verified;
PO1000002132;WILMAR GROUP;DAYA LABUHAN INDAH;DAYA LABUHAN INDAH 2;RSPO Certified;RSPO Certified, IP, MB;13/01/2026;22.861.111;100.140.833;2.2861111, 100.140833;IDN;Indonesia;Sumatera Utara;Labuhanbatu;1-Fully Verified;
PO1000002133;WILMAR GROUP;GERSINDO MINANG PLANTATION;GERSINDO MINANG PLANTATION;RSPO Certified;RSPO Certified, MB;13/01/2026;0.120549;99.718.255;0.120549, 99.718255;IDN;Indonesia;Sumatera Barat;Pasaman Barat;1-Fully Verified;
PO1000002136;HAP SENG PLANTATIONS HOLDINGS BERHAD;HAP SENG PLANTATIONS (RIVER ESTATES) SDN BHD;TOMANGGONG;RSPO Certified;RSPO Certified, MB;13/01/2026;54.273.056;11.865.931;5.4273056, 118.65931;MYS;Malaysia;Sabah;Kinabatangan;1-Fully Verified;
PO1000002142;ROYAL GOLDEN EAGLE;TUNGGAL YUNUS ESTATE;TOPAZ;RSPO Certified;RSPO Certified, IP, MB;13/01/2026;0.689389;100.935;0.689389, 100.935;IDN;Indonesia;Riau;Kampar;1-Fully Verified;
PO1000002143;ROYAL GOLDEN EAGLE;DASA ANUGERAH SEJATI;TAMAN RAJA;RSPO Certified;RSPO Certified, MB;13/01/2026;-1.176.694;103.007.806;-1.176694, 103.007806;IDN;Indonesia;Jambi;Tanjung Jabung B;1-Fully Verified;
PO1000002144;ROYAL GOLDEN EAGLE;SUPRA MATRA ABADI;TANAH DATAR;RSPO Certified;RSPO Certified, IP, MB;13/01/2026;3.148.056;99.556.389;3.148056, 99.556389;IDN;Indonesia;Sumatera Utara;Batu Bara;1-Fully Verified;
PO1000002145;ROYAL GOLDEN EAGLE;SUPRA MATRA ABADI;AEK NABARA;RSPO Certified;RSPO Certified, MB;13/01/2026;1.999.722;99.939.722;1.999722, 99.939722;IDN;Indonesia;Sumatera Utara;Labuhanbatu;1-Fully Verified;
PO1000002146;ROYAL GOLDEN EAGLE;SUPRA MATRA ABADI;TELUK PANJIE;RSPO Certified;RSPO Certified, MB;13/01/2026;2.002.806;100.243.611;2.002806, 100.243611;IDN;Indonesia;Sumatera Utara;Labuhanbatu Selatan;1-Fully Verified;
PO1000002147;ROYAL GOLDEN EAGLE;INTI INDOSAWIT SUBUR;NEGERI LAMA I;Not RSPO Certified;;13/01/2026;2.359.694;100.041.889;2.359694, 100.041889;IDN;Indonesia;Sumatera Utara;Labuhanbatu;1-Fully Verified;
PO1000002158;SALIM GROUP;SALIM IVOMAS PRATAMA;SEI DUA;Not RSPO Certified;;13/01/2026;1.751.238;100.590.906;1.751238, 100.590906;IDN;Indonesia;Riau;Rokan Hilir;1-Fully Verified;
PO1000002159;SALIM GROUP;GUNUNG MAS RAYA;SUNGAI BANGKO;Not RSPO Certified;;13/01/2026;15.857;1.006.765;1.5857, 100.6765;IDN;Indonesia;Riau;Rokan Hilir;1-Fully Verified;
PO1000002188;UNKNOWN;SAVONNERIE TROPICALE;HUILERIE DE MELVILLE;RSPO Certified;RSPO Certified, IP, MB;13/01/2026;-18.233.433;49.292.367;-18.233433, 49.292367;MDG;Madagascar;Toamasina;Atsinanana;1-Fully Verified;
PO1000002198;SINAR MAS;BINASAWIT ABADI PRATAMA;PT BINASAWIT ABADI PRATAMA - PERDANA MILL;Not RSPO Certified;;13/01/2026;-2.422.506;112.359.586;-2.422506, 112.359586;IDN;Indonesia;Kalimantan Tengah;Seruyan;1-Fully Verified;
PO1000002218;LONSUM;PERUSAHAAN PERKEBUNAN LONDON SUMATRA INDONESIA;BELANI ELOK;Not RSPO Certified;;13/01/2026;-2.615.556;1.031.456;-2.615556, 103.1456;IDN;Indonesia;Sumatera Selatan;Musi Rawas;1-Fully Verified;
PO1000002219;LONSUM;PERUSAHAAN PERKEBUNAN LONDON SUMATRA INDONESIA;BEGERPANG;Not RSPO Certified;;13/01/2026;3.458.888;98.823.333;3.458888, 98.823333;IDN;Indonesia;Sumatera Utara;Deli Serdang;1-Fully Verified;
PO1000002226;LONSUM;PERUSAHAAN PERKEBUNAN LONDON SUMATRA INDONESIA;GUNUNG MALAYU;Not RSPO Certified;;13/01/2026;270.104;9.957.361;2.70104, 99.57361;IDN;Indonesia;Sumatera Utara;Asahan;1-Fully Verified;
PO1000002227;LONSUM;PERUSAHAAN PERKEBUNAN LONDON SUMATRA INDONESIA;DOLOK;Not RSPO Certified;;13/01/2026;316.491;9.943.033;3.16491, 99.43033;IDN;Indonesia;Sumatera Utara;Batu Bara;1-Fully Verified;
PO1000002304;CITRA BORNEO INDAH (CBI);SAWIT SUMBERMAS SARANA;SULUNG;RSPO Certified;RSPO Certified, MB;13/01/2026;-2.305.556;111.614.806;-2.305556, 111.614806;IDN;Indonesia;Kalimantan Tengah;Kotawaringin Barat;1-Fully Verified;
PO1000002320;SINAR MAS;SINAR MAS AGRO RESOURCES AND TECHNOLOGY;BATU KAPUR;Not RSPO Certified;;13/01/2026;-2.942.661;116.047.451;-2.942661, 116.047451;IDN;Indonesia;Kalimantan Selatan;Kota Baru;1-Fully Verified;
PO1000002335;PTPN III;PERKEBUNAN NUSANTARA IV;PULAU RAJA;RSPO Certified;RSPO Certified, IP, MB;13/01/2026;2.701.905;99.623.998;2.701905, 99.623998;IDN;Indonesia;Sumatera Utara;Asahan;2-High Confidence;
PO1000002356;MUSIM MAS;GUNTUNG IDAMAN NUSA;GUNTUNG IDAMAN NUSA 1;RSPO Certified;RSPO Certified, MB;13/01/2026;0.16161;103.289.583;0.16161, 103.289583;IDN;Indonesia;Riau;Indragiri Hilir;1-Fully Verified;
PO1000002358;SIAT;GOPDC;GOPDC;RSPO Certified;RSPO Certified, IP, MB;13/01/2026;6.256.111;-0.943889;6.256111, -0.943889;GHA;Ghana;Eastern;Kwabibirem;1-Fully Verified;
PO1000002360;CARGILL;INDO SAWIT KEKAL;RIVER VIEW;RSPO Certified;RSPO Certified, IP;13/01/2026;-2.514.533;110.914.703;-2.514533, 110.914703;IDN;Indonesia;Kalimantan Barat;Ketapang;1-Fully Verified;
PO1000002366;SIPEF;SIPEFCI;SOUBRE;Not RSPO Certified;;13/01/2026;5.668.856;-6.273.887;5.668856, -6.273887;CIV;Côte d'Ivoire;Bas-Sassandra;Nawa;1-Fully Verified;OTTAWA
PO1000002367;LONSUM;PERUSAHAAN PERKEBUNAN LONDON SUMATRA INDONESIA;TURANGIE;Not RSPO Certified;;13/01/2026;3.479.046;98.267.726;3.479046, 98.267726;IDN;Indonesia;Sumatera Utara;Langkat;1-Fully Verified;
PO1000002415;UNKNOWN;THAITALLOW AND OIL CO.LTD;THAITALLOW AND OIL CO.LTD (SITE 1);Not RSPO Certified;;13/01/2026;85.336.472;99.104.283;8.5336472, 99.104283;THA;Thailand;Surat Thani;Prasaeng;1-Fully Verified;
PO1000002439;GENTING PLANTATIONS;GENTING PLANTATIONS BHD;GENTING AYER ITEM;RSPO Certified;RSPO Certified, IP;13/01/2026;1.856.092;103.209.291;1.856092, 103.209291;MYS;Malaysia;Johor;Keluang;1-Fully Verified;
PO1000002459;UNKNOWN;ACEITES Y DERIVADOS S.A.;ACEITES Y DERIVADOS S.A. (ACEYDESA);RSPO Certified;RSPO Certified, IP, MB;13/01/2026;158.244.028;-85.896.528;15.8244028, -85.896528;HND;Honduras;Colón;Trujillo;1-Fully Verified;
PO1000002490;UNKNOWN;SRIJAROEN PALM OIL CO.,LTD;SRIJAROEN PALM OIL CO.,LTD.;Not RSPO Certified;;13/01/2026;8.290.611;99.055.194;8.290611, 99.055194;THA;Thailand;Krabi;Khao Phanom;1-Fully Verified;
PO1000002491;ROYAL GOLDEN EAGLE;INTI INDOSAWIT SUBUR;UKUI II;RSPO Certified;RSPO Certified, IP;13/01/2026;-0.277042;102.116.078;-0.277042, 102.116078;IDN;Indonesia;Riau;Indragiri Hulu;1-Fully Verified;
PO1000002520;PTPN III;PERKEBUNAN NUSANTARA IV;PABATU;RSPO Certified;RSPO Certified, MB;13/01/2026;3.286.111;99.109.167;3.286111, 99.109167;IDN;Indonesia;Sumatera Utara;Serdang Bedagai;1-Fully Verified;
PO1000002539;PTPN III;PERKEBUNAN NUSANTARA IV;DOLOK ILIR;RSPO Certified;RSPO Certified, MB;13/01/2026;3.120.417;99.159.067;3.120417, 99.159067;IDN;Indonesia;Sumatera Utara;Simalungun;1-Fully Verified;
PO1000002543;TIAN SIANG HOLDINGS SDN BHD;TIAN SIANG OILL MILL (AIR KUNING) SDN BHD;TIAN SIANG AIR KUNING;Not RSPO Certified;;13/01/2026;41.614;1.011.648;4.1614, 101.1648;MYS;Malaysia;Perak;Batang Padang;1-Fully Verified;
PO1000002607;ROYAL GOLDEN EAGLE;INTI INDOSAWIT SUBUR;TANJUNG SELAMAT;RSPO Certified;RSPO Certified, MB;13/01/2026;2.128.889;100.008.889;2.128889, 100.008889;IDN;Indonesia;Sumatera Utara;Labuhanbatu;1-Fully Verified;
PO1000002608;ROYAL GOLDEN EAGLE;GUNUNG MELAYU;GUNUNG MELAYU II;RSPO Certified;RSPO Certified, MB;13/01/2026;2.749.444;99.469.722;2.749444, 99.469722;IDN;Indonesia;Sumatera Utara;Asahan;1-Fully Verified;
PO1000002609;ROYAL GOLDEN EAGLE;SAUDARA SEJATI LUHUR;GUNUNG MELAYU I;RSPO Certified;RSPO Certified, MB;13/01/2026;2.791.667;99.598.333;2.791667, 99.598333;IDN;Indonesia;Sumatera Utara;Asahan;1-Fully Verified;
PO1000002631;FIRST RESOURCES;ARINDO TRISEJAHTERA;ARINDO TRI SEJAHTERA;Not RSPO Certified;;13/01/2026;0.580556;100.926.111;0.580556, 100.926111;IDN;Indonesia;Riau;Kampar;1-Fully Verified;MALIM
PO1000002637;FIRST RESOURCES;MERIDAN SEJATISURYA PLANTATION;MERIDAN SEJATI SURYA PLANTATION;Not RSPO Certified;;13/01/2026;0.5380278;101.729.888;0.5380278, 101.729888;IDN;Indonesia;Riau;Siak;1-Fully Verified;
PO1000002651;SALIM GROUP;IDRIPLANT;NAPAL;Not RSPO Certified;;13/01/2026;-0.677472;101.913.583;-0.677472, 101.913583;IDN;Indonesia;Riau;Indragiri Hulu;1-Fully Verified;
PO1000002653;SALIM GROUP;SERIKAT PUTRA;LUBUK RAJA;Not RSPO Certified;;13/01/2026;0.1263;102.126.247;0.1263, 102.126247;IDN;Indonesia;Riau;Pelalawan;1-Fully Verified;
PO1000002676;GOODHOPE;AGRO INDOMAS;SUNGAI PURUN;RSPO Certified;RSPO Certified, IP, MB;13/01/2026;-2.524.252;1.124.168;-2.524252, 112.4168;IDN;Indonesia;Kalimantan Tengah;Seruyan;1-Fully Verified;
PO1000002677;GOODHOPE;AGRO INDOMAS;TERAWAN;RSPO Certified;RSPO Certified, MB;13/01/2026;-2.559.957;1.123.736;-2.559957, 112.3736;IDN;Indonesia;Kalimantan Tengah;Seruyan;1-Fully Verified;
PO1000002706;BOUSTEAD PLANTATIONS BERHAD;BOUSTEAD GRADIENT SDN BHD;NAK;RSPO Certified;RSPO Certified, IP, MB;13/01/2026;5.900.126;117.854.233;5.900126, 117.854233;MYS;Malaysia;Sabah;Sandakan;1-Fully Verified;
PO1000002746;GRUPO NUMAR;COMPAÑÍA INDUSTRIAL ACEITERA COTO 54 S.A.;COTO 54 GUAYCARA, COTO MILL;Not RSPO Certified;;13/01/2026;8.629.799;-83.002.992;8.629799, -83.002992;CRI;Costa Rica;Puntarenas;Golfito;1-Fully Verified;
PO1000002766;GRUPO NUMAR;COMPAÑÍA INDUSTRIAL ACEITERA COTO 54 S.A.;AGRIALIM S.A.;Not RSPO Certified;;13/01/2026;9.533.781;-84.283.963;9.533781, -84.283963;CRI;Costa Rica;Puntarenas;Parrita;1-Fully Verified;
PO1000002767;GRUPO NUMAR;COMPAÑÍA INDUSTRIAL ACEITERA COTO 54 S.A.;COTO 54 AGUIRRE, NARANJO MILL;Not RSPO Certified;;13/01/2026;940.719;-84.085.971;9.40719, -84.085971;CRI;Costa Rica;Puntarenas;Aguirre;1-Fully Verified;
PO1000002779;UNKNOWN;OLAM INTERNATIONAL LTD;OLAM INTERNATIONAL LTD;RSPO Certified;RSPO Certified, IP;13/01/2026;-0.021987;10.197.727;-0.021987, 10.197727;GAB;Gabon;Estuaire;Komo;3-Low Confidence;
PO1000002799;KWANTAS CORPORATION BERHAD;KWANTAS OIL SDN BHD;HARANKY;Not RSPO Certified;;13/01/2026;52.129.912;118.064.423;5.2129912, 118.064423;MYS;Malaysia;Sabah;Kinabatangan;1-Fully Verified;
PO1000002813;UNKNOWN;TRANG PALM OIL  CO.,LTD;TRANG PALM OIL CO.;Not RSPO Certified;;13/01/2026;75.555;99.438.917;7.5555, 99.438917;THA;Thailand;Trang;Sikao;1-Fully Verified;
PO1000002872;NATURACEITES S.A.;NATURACEITES S.A.;PATAXTE;Not RSPO Certified;;13/01/2026;153.448;-892.918;15.3448, -89.2918;GTM;Guatemala;Izabal;El Estor;1-Fully Verified;
PO1000002895;KUALA LUMPUR KEPONG (KLK);STEELINDO WAHANA PERKASA;STEELINDO WAHANA PERKASA;RSPO Certified;RSPO Certified, IP, MB;13/01/2026;-2.723.503;108.062.656;-2.723503, 108.062656;IDN;Indonesia;Bangka Belitung;Belitung Timur;1-Fully Verified;
PO1000002913;ROYAL GOLDEN EAGLE;RIGUNAS AGRI UTAMA;BUNGO TEBO;RSPO Certified;RSPO Certified, MB;13/01/2026;-1.346.526;102.456.315;-1.346526, 102.456315;IDN;Indonesia;Jambi;Tebo;1-Fully Verified;
PO1000002917;UNILEVER GHANA/ GOVERNMENT;TWIFO OIL PALM PLANTATIONS LTD;UGL (TOPP);RSPO Certified;RSPO Certified, MB;13/01/2026;554.317;-1.542.952;5.54317, -1.542952;GHA;Ghana;Central;Lower Denkyira;1-Fully Verified;
PO1000002998;FGV HOLDINGS BERHAD;FGV PALM INDUSTRIES SDN BHD;KEMAHANG;Not RSPO Certified;;13/01/2026;5.866.111;102.005.556;5.866111, 102.005556;MYS;Malaysia;Kelantan;Tanah Merah;1-Fully Verified;
PO1000003004;ROYAL GOLDEN EAGLE;HARI SAWIT JAYA;NEGERI LAMA II;RSPO Certified;RSPO Certified, IP, MB;13/01/2026;2.359.722;100.035.278;2.359722, 100.035278;IDN;Indonesia;Sumatera Utara;Labuhanbatu;1-Fully Verified;
PO1000003031;UNKNOWN;PALMERAS DE LA COSTA S.A.;PALMERAS DE LA COSTA;Not RSPO Certified;;13/01/2026;10.101.325;-740.101;10.101325, -74.0101;COL;Colombia;Cesar;El Copey;1-Fully Verified;
PO1000003038;UNKNOWN;CHUMPORN PALM OIL INDUSTRY PUBLIC COMPANY LTD;CHUMPORN PALM OIL INDUSTRY PUBLIC COMPANY LIMITED MILL;RSPO Certified;RSPO Certified, IP, MB;13/01/2026;10.841.667;99.221.222;10.841667, 99.221222;THA;Thailand;Chumphon;Tha Sae;1-Fully Verified;
PO1000003045;FGV HOLDINGS BERHAD;FGV PALM INDUSTRIES SDN BHD;ARING A;Not RSPO Certified;;13/01/2026;4.940.833;102.364.167;4.940833, 102.364167;MYS;Malaysia;Kelantan;Gua Musang;1-Fully Verified;
PO1000003100;HAP SENG PLANTATIONS HOLDINGS BERHAD;JEROCO PLANTATIONS SDN BHD;JEROCO 2;RSPO Certified;RSPO Certified, IP, MB;13/01/2026;5.431.112;118.417.224;5.431112, 118.417224;MYS;Malaysia;Sabah;Kinabatangan;1-Fully Verified;
PO1000003112;PTPN III;PERKEBUNAN NUSANTARA III;SISUMUT;RSPO Certified;RSPO Certified, IP, MB;13/01/2026;1.964.028;100.108.167;1.964028, 100.108167;IDN;Indonesia;Sumatera Utara;Labuhanbatu Selatan;1-Fully Verified;
PO1000003115;MRICOP;MONG RETHTHY INVESTMENT CAMBODIA OIL PALM CO., LTD;MONORUM PALM OIL MILL;RSPO Certified;RSPO Certified, IP;13/01/2026;10.909.361;1.038.345;10.909361, 103.8345;KHM;Cambodia;Krong Preah Sihanouk;Prey Nob;1-Fully Verified;
PO1000003116;GRUPO JAREMAR;COMPAÑÍA AGRICOLA INDUSTRIAL CEIBEÑA S.A.  (CAICESA);COMPAÑÍA AGRICOLA INDUSTRIAL CEIBEÑA S.A.  (CAICESA);Not RSPO Certified;;13/01/2026;156.887.222;-87.065.111;15.6887222, -87.065111;HND;Honduras;Atlántida;San Francisco;1-Fully Verified;
PO1000003117;GRUPO JAREMAR;AGRICOLA TORNABE SA DE CV (AGROTOR);AGRICOLA TORNABE SA DE CV (AGROTOR);Not RSPO Certified;;13/01/2026;157.320.194;-8.758.903;15.7320194, -87.58903;HND;Honduras;Atlántida;Tela;1-Fully Verified;
PO1000003120;CITRA BORNEO INDAH (CBI);SAWIT SUMBERMAS SARANA;SELANGKUN;RSPO Certified;RSPO Certified, MB;13/01/2026;-24.172.222;111.554.722;-2.4172222, 111.554722;IDN;Indonesia;Kalimantan Tengah;Kotawaringin Barat;1-Fully Verified;
PO1000003150;WILMAR GROUP;MENTAYA SAWIT MAS;MENTAYA SAWIT MAS;RSPO Certified;RSPO Certified, MB;13/01/2026;-216.469;11.256.942;-2.16469, 112.56942;IDN;Indonesia;Kalimantan Tengah;Kotawaringin Timur;2-High Confidence;
PO1000003177;PALMAR DEL ORIENTE / ALIANZA TEAM;EXTRACTORA DEL SUR DE CASANARE S.A.S.;EXTRACTORA DEL SUR DE CASANARE S.A.S.;RSPO Certified;RSPO Certified, IP, MB;13/01/2026;4.493.442;-72.844.307;4.493442, -72.844307;COL;Colombia;Casanare;Villanueva;1-Fully Verified;
PO1000003196;FGV HOLDINGS BERHAD;PONTIAN UNITED PLANTATIONS BHD;PONTIAN FICO;Not RSPO Certified;;13/01/2026;5.423.837;118.145.415;5.423837, 118.145415;MYS;Malaysia;Sabah;Kinabatangan;1-Fully Verified;
PO1000003210;PTPN III;PERKEBUNAN NUSANTARA IV;GUNUNG BAYU;RSPO Certified;RSPO Certified, IP, MB;13/01/2026;3.144.075;9.937.348;3.144075, 99.37348;IDN;Indonesia;Sumatera Utara;Simalungun;1-Fully Verified;
PO1000003254;CARGILL;HINDOLI;MUKUT;RSPO Certified;RSPO Certified, IP;13/01/2026;-2.441.389;104.419.444;-2.441389, 104.419444;IDN;Indonesia;Sumatera Selatan;Musi Banyuasin;1-Fully Verified;
PO1000003257;CITRA BORNEO INDAH (CBI);MITRA MENDAWAI SEJATI;SUAYAP;RSPO Certified;RSPO Certified, MB;13/01/2026;-22.652.528;111.723.078;-2.2652528, 111.723078;IDN;Indonesia;Kalimantan Tengah;Kotawaringin Barat;1-Fully Verified;
PO1000003258;CITRA BORNEO INDAH (CBI);KALIMANTAN SAWIT ABADI;NATAI BARU;RSPO Certified;RSPO Certified, IP, MB;13/01/2026;-260.415;11.166.735;-2.60415, 111.66735;IDN;Indonesia;Kalimantan Tengah;Kotawaringin Barat;2-High Confidence;
PO1000003262;FGV HOLDINGS BERHAD;FGV PALM INDUSTRIES SDN BHD;TERSANG;Not RSPO Certified;;13/01/2026;4.106.944;101.801.389;4.106944, 101.801389;MYS;Malaysia;Pahang;Lipis;1-Fully Verified;
PO1000003324;OLEOFLORES;GRUPO OLEOFLORES;OLEOFLORES;Not RSPO Certified;;13/01/2026;10.097.972;-73.235.556;10.097972, -73.235556;COL;Colombia;Cesar;La Paz;1-Fully Verified;
PO1000003333;GOODHOPE;AGRO BUKIT;SUNGAI BINTI;RSPO Certified;RSPO Certified, IP, MB;13/01/2026;-256.225;112.768.067;-2.56225, 112.768067;IDN;Indonesia;Kalimantan Tengah;Kotawaringin Timur;1-Fully Verified;
PO1000003359;FGV HOLDINGS BERHAD;FGV PALM INDUSTRIES SDN BHD;MAOKIL;RSPO Certified;RSPO Certified, MB;13/01/2026;229.123;102.995.553;2.29123, 102.995553;MYS;Malaysia;Johor;Muar;1-Fully Verified;
PO1000003414;FGV HOLDINGS BERHAD;FGV PALM INDUSTRIES SDN BHD;AIR TAWAR;Not RSPO Certified;;13/01/2026;1.666.944;104.026.944;1.666944, 104.026944;MYS;Malaysia;Johor;Kota Tinggi;1-Fully Verified;
PO1000003486;WILMAR GROUP;RIMBA HARAPAN SAKTI;RIMBA HARAPAN SAKTI;RSPO Certified;RSPO Certified, MB;13/01/2026;-2.835.778;11.257.178;-2.835778, 112.57178;IDN;Indonesia;Kalimantan Tengah;Seruyan;1-Fully Verified;
PO1000003491;BUMITAMA GUNAJAYA AGRO (BGA);GUNAJAYA KARYA GEMILANG;KENDAWANGAN;RSPO Certified;RSPO Certified, IP, MB;13/01/2026;-2.445.833;110.265.833;-2.445833, 110.265833;IDN;Indonesia;Kalimantan Barat;Ketapang;1-Fully Verified;
PO1000003496;KRETAM HOLDINGS BERHAD;SYARIKAT KRETAM MILL SDN BHD;KRETAM;RSPO Certified;RSPO Certified, IP;13/01/2026;5.657.167;117.837.528;5.657167, 117.837528;MYS;Malaysia;Sabah;Sandakan;1-Fully Verified;
PO1000003497;PASIFIK AGRO SENTOSA;MITRA ANEKA REZEKI;BANYUASIN;RSPO Certified;RSPO Certified, MB;13/01/2026;-2.722.018;104.358.599;-2.722018, 104.358599;IDN;Indonesia;Sumatera Selatan;Banyu Asin;1-Fully Verified;MITRA ANEKA REZEKI
PO1000003666;UNKNOWN;PITAK PALM OIL CO.;PITAK PALM OIL CO.;Not RSPO Certified;;13/01/2026;774.324;99.309.558;7.74324, 99.309558;THA;Thailand;Trang;Sikao;1-Fully Verified;
PO1000003712;ACE AGRICULTURAL SDN BHD;ACE OIL MILL SDN BHD;ACE OIL MILL;Not RSPO Certified;;13/01/2026;2.911.917;102.779.806;2.911917, 102.779806;MYS;Malaysia;Pahang;Rompin;1-Fully Verified;
PO1000003713;ACHI JAYA PLANTATIONS SDN BHD;ACHI JAYA PLANTATIONS SDN BHD;JOHOR LABIS;Not RSPO Certified;;13/01/2026;2.251.472;103.051.306;2.251472, 103.051306;MYS;Malaysia;Johor;Segamat;2-High Confidence;
PO1000003714;ALTO SDN BHD;ALAMBUMI PALM OIL MILL SDN BHD;ALAMBUMI;Not RSPO Certified;;13/01/2026;3.585.436;113.670.645;3.585436, 113.670645;MYS;Malaysia;Sarawak;Miri;1-Fully Verified;
PO1000003715;ARAH KAWASAN SDN BHD;ARAH KAWASAN SDN BHD;ARAH KAWASAN;Not RSPO Certified;;13/01/2026;5.278.791;100.686.093;5.278791, 100.686093;MYS;Malaysia;Kedah;Bandar Baharu;1-Fully Verified;
PO1000003716;AWAN TIMUR GROUP;AWAN TIMUR PALM OIL MILL RESOURCES (PERAK) SDN BHD;AWAN TIMUR;Not RSPO Certified;;13/01/2026;4.531.477;100.730.584;4.531477, 100.730584;MYS;Malaysia;Perak;Larut and Matang;1-Fully Verified;
PO1000003717;MALAYSIAN KUWAIT INVESTMENT CO. SDN BHD;BALUNG PALM OIL MILL SDN BHD;BALUNG;Not RSPO Certified;;13/01/2026;4.379.055;118.186.119;4.379055, 118.186119;MYS;Malaysia;Sabah;Tawau;2-High Confidence;
PO1000003718;BAN DUNG PALM OIL INDUSTRIES SDN BHD;BAN DUNG PALM OIL INDUSTRIES SDN BHD;BAN DUNG;Not RSPO Certified;;13/01/2026;2.045.553;102.879.797;2.045553, 102.879797;MYS;Malaysia;Johor;Batu Pahat;1-Fully Verified;
PO1000003719;BBC HOLDINGS (SARAWAK) SDN BHD;BBC PALM OIL MILL SDN BHD;BBC;Not RSPO Certified;;13/01/2026;3.063.214;113.068.154;3.063214, 113.068154;MYS;Malaysia;Sarawak;Bintulu;1-Fully Verified;
PO1000003720;NGIN KONG GROUP;BEAUFORT PALM OIL MILL SDN BHD;BEAUFORT;Not RSPO Certified;;13/01/2026;5.308.611;115.705;5.308611, 115.705;MYS;Malaysia;Sabah;Beaufort;1-Fully Verified;
PO1000003721;BELL GROUP;SYARIKAT PERUSAHAAN KELAPA SAWIT SDN BHD;SYARIKAT PERUSAHAAN KELAPA SAWIT;Not RSPO Certified;;13/01/2026;2.166.967;103.058.453;2.166967, 103.058453;MYS;Malaysia;Johor;Segamat;2-High Confidence;
PO1000003724;BELL GROUP;BELL PALM INDUSTRIES SDN BHD;BELL PALM INDUSTRIES;Not RSPO Certified;;13/01/2026;1.916.778;10.289.175;1.916778, 102.89175;MYS;Malaysia;Johor;Batu Pahat;1-Fully Verified;
PO1000003725;BORNEO AGRO-RESOURCES SDN BHD;BORNEO AGRO-RESOURCES SDN BHD;BORNEO AGRO-RESOURCES;Not RSPO Certified;;13/01/2026;3.276.304;113.426.606;3.276304, 113.426606;MYS;Malaysia;Sarawak;Bintulu;1-Fully Verified;
PO1000003726;SAWIT KINABALU SDN BHD;SAWIT KINABALU SDN BHD;APAS BALUNG;RSPO Certified;RSPO Certified, IP;13/01/2026;4.371.767;118.101.486;4.371767, 118.101486;MYS;Malaysia;Sabah;Tawau;1-Fully Verified;
PO1000003727;SAWIT KINABALU SDN BHD;SAWIT KINABALU SDN BHD;BORNEO SAMUDERA SDN BHD (KUNAK MILL);Not RSPO Certified;;13/01/2026;475.734;118.138.401;4.75734, 118.138401;MYS;Malaysia;Sabah;Kunak;1-Fully Verified;
PO1000003728;SAWIT KINABALU SDN BHD;SAWIT KINABALU SDN BHD;LANGKON;Not RSPO Certified;;13/01/2026;6.571.735;116.708.337;6.571735, 116.708337;MYS;Malaysia;Sabah;Kota Marudu;2-High Confidence;
PO1000003729;SAWIT KINABALU SDN BHD;SAWIT KINABALU SDN BHD;LUMADAN;Not RSPO Certified;;13/01/2026;5.256.014;115.656.269;5.256014, 115.656269;MYS;Malaysia;Sabah;Beaufort;1-Fully Verified;
PO1000003731;SAWIT KINABALU SDN BHD;SAWIT KINABALU SDN BHD;SERUDUNG;Not RSPO Certified;;13/01/2026;4.357.696;11.735.908;4.357696, 117.35908;MYS;Malaysia;Sabah;Tawau;1-Fully Verified;
PO1000003732;SAWIT KINABALU SDN BHD;SAWIT KINABALU SDN BHD;SANDAU;Not RSPO Certified;;13/01/2026;5.204.328;118.134.136;5.204328, 118.134136;MYS;Malaysia;Sabah;Lahad Datu;1-Fully Verified;
PO1000003733;SAWIT KINABALU SDN BHD;SAWIT KINABALU SDN BHD;SEBRANG;Not RSPO Certified;;13/01/2026;4.989.722;118.555.103;4.989722, 118.555103;MYS;Malaysia;Sabah;Lahad Datu;1-Fully Verified;
PO1000003734;BOUSTEAD PLANTATIONS BERHAD;BOUSTEAD EMASTULIN SDN BHD;SEGARIA;RSPO Certified;RSPO Certified, MB;13/01/2026;448.163;11.839.817;4.48163, 118.39817;MYS;Malaysia;Sabah;Semporna;1-Fully Verified;
PO1000003735;BOUSTEAD PLANTATIONS BERHAD;BOUSTEAD PELITA KANOWIT OIL MILL SDN BHD;PELITA KANOWIT;Not RSPO Certified;;13/01/2026;2.163.581;112.099.521;2.163581, 112.099521;MYS;Malaysia;Sarawak;Kanowit;1-Fully Verified;
PO1000003736;BOUSTEAD PLANTATIONS BERHAD;BOUSTEAD RIMBA NILAI SDN BHD;RIMBA NILAI;Not RSPO Certified;;13/01/2026;6.257.292;117.313.204;6.257292, 117.313204;MYS;Malaysia;Sabah;Beluran;1-Fully Verified;
PO1000003737;BOUSTEAD PLANTATIONS BERHAD;BOUSTEAD RIMBA NILAI SDN BHD;SEGAMAHA;RSPO Certified;RSPO Certified, IP, MB;13/01/2026;5.210.414;11.780.966;5.210414, 117.80966;MYS;Malaysia;Sabah;Lahad Datu;1-Fully Verified;
PO1000003738;BOUSTEAD PLANTATIONS BERHAD;BOUSTEAD TELOK SENGAT SDN BHD;TELOK SENGAT;RSPO Certified;RSPO Certified, MB;13/01/2026;1.566.934;104.044.935;1.566934, 104.044935;MYS;Malaysia;Johor;Kota Tinggi;1-Fully Verified;
PO1000003739;KILANG KELAPA SAWIT SELUMPUR SDN BHD;KILANG KELAPA SAWIT SELUMPUR SDN BHD;SELUMPUR;Not RSPO Certified;;13/01/2026;26.663;102.807;2.6663, 102.807;MYS;Malaysia;Johor;Segamat;1-Fully Verified;
PO1000003740;CAM RESOURCES BERHAD;CENTRAL PALM OIL MILL SDN BHD;CENTRAL;Not RSPO Certified;;13/01/2026;4.891.535;100.668.979;4.891535, 100.668979;MYS;Malaysia;Perak;Larut and Matang;1-Fully Verified;
PO1000003741;IJM PLANTATIONS BERHAD;IJM EDIBLE OILS SDN BHD;SABANG 1;RSPO Certified;RSPO Certified, MB;13/01/2026;62.338;1.175.288;6.2338, 117.5288;MYS;Malaysia;Sabah;Beluran;1-Fully Verified;
PO1000003742;MHC PLANTATIONS BHD;CEPATWAWASAN GROUP BHD;PROLIFIC YIELD;Not RSPO Certified;;13/01/2026;5.717.481;117.827.607;5.717481, 117.827607;MYS;Malaysia;Sabah;Sandakan;1-Fully Verified;
PO1000003743;CLASSIC PALM OIL MILL SDN BHD;CLASSIC PALM OIL MILL SDN BHD;CLASSIC;Not RSPO Certified;;13/01/2026;2.600.889;102.624.639;2.600889, 102.624639;MYS;Malaysia;Negeri Sembilan;Tampin;1-Fully Verified;
PO1000003745;LKPP CORPORATION SDN BHD;DOMINION SQUARE SDN BHD;DOMINION SQUARE;Not RSPO Certified;;13/01/2026;3.619.765;103.160.623;3.619765, 103.160623;MYS;Malaysia;Pahang;Kuantan;1-Fully Verified;
PO1000003746;DUPONT & LEOSK ENTERPRISES;DUPONT & LEOSK ENTERPRISES SDN BHD;GEDOK MAS;Not RSPO Certified;;13/01/2026;2.577.947;102.423.929;2.577947, 102.423929;MYS;Malaysia;Negeri Sembilan;Tampin;1-Fully Verified;
PO1000003747;NEGRI SEMBILAN OIL PALMS BOARD;ENG THYE PLANTATIONS BHD;LADANG GULA;Not RSPO Certified;;13/01/2026;4.954.957;100.468.919;4.954957, 100.468919;MYS;Malaysia;Perak;Kerian;1-Fully Verified;
PO1000003749;RISDA ESTATES SDN BHD;RISDA ESTATES SDN BHD;RISDA SG AMBAT;Not RSPO Certified;;13/01/2026;2.194.746;10.387.798;2.194746, 103.87798;MYS;Malaysia;Johor;Mersing;1-Fully Verified;
PO1000003750;RISDA ESTATES SDN BHD;RISDA ESTATES SDN BHD;RISDA ULU KERATONG;Not RSPO Certified;;13/01/2026;2.737.472;102.910.556;2.737472, 102.910556;MYS;Malaysia;Pahang;Rompin;1-Fully Verified;
PO1000003751;BOUSTEAD PLANTATIONS BERHAD;EVER YIELD TRADING SDN BHD;EVER YIELD KKS;Not RSPO Certified;;13/01/2026;5.645.967;117.328;5.645967, 117.328;MYS;Malaysia;Sabah;Beluran;1-Fully Verified;
PO1000003752;FAR EAST HOLDINGS BERHAD;KILANG SAWIRA MAKMUR SDN BHD;SAWIRA MAKMUR;Not RSPO Certified;;13/01/2026;2.967.583;103.092.444;2.967583, 103.092444;MYS;Malaysia;Pahang;Rompin;1-Fully Verified;
PO1000003753;FELCRA BERHAD;FELCRA PROCESSING & ENGINEERING SDN BHD;FELCRA BUKIT KEPONG;Not RSPO Certified;;13/01/2026;2.390.676;102.881.994;2.390676, 102.881994;MYS;Malaysia;Johor;Muar;1-Fully Verified;
PO1000003754;FELCRA BERHAD;FELCRA PROCESSING & ENGINEERING SDN BHD;FELCRA MARAN;Not RSPO Certified;;13/01/2026;3.570.918;102.685.688;3.570918, 102.685688;MYS;Malaysia;Pahang;Maran;1-Fully Verified;
PO1000003755;FELCRA BERHAD;FELCRA PROCESSING & ENGINEERING SDN BHD;FELCRA NASARUDDIN;Not RSPO Certified;;13/01/2026;4.323.522;100.938.307;4.323522, 100.938307;MYS;Malaysia;Perak;Perak Tengah;1-Fully Verified;
PO1000003756;FELCRA BERHAD;FELCRA PROCESSING & ENGINEERING SDN BHD;FELCRA SEBERANG PERAK;Not RSPO Certified;;13/01/2026;4.148.111;100.839.765;4.148111, 100.839765;MYS;Malaysia;Perak;Perak Tengah;1-Fully Verified;
PO1000003757;FELCRA BERHAD;FELCRA PROCESSING & ENGINEERING SDN BHD;FELCRA SUNGAI MELIKAI;Not RSPO Certified;;13/01/2026;2.388.242;103.801.396;2.388242, 103.801396;MYS;Malaysia;Johor;Mersing;1-Fully Verified;
PO1000003758;FELCRA BERHAD;FELCRA PROCESSING & ENGINEERING SDN BHD;FELCRA PROCESSING & ENGINEERING;Not RSPO Certified;;13/01/2026;3.999.611;101.167.028;3.999611, 101.167028;MYS;Malaysia;Perak;Hilir Perak;1-Fully Verified;
PO1000003759;FELCRA BERHAD;FELCRA JAYA SAMARAHAN SDN BHD;FELCRA JAYA SAMARAHAN;Not RSPO Certified;;13/01/2026;1.390.556;110.455.461;1.390556, 110.455461;MYS;Malaysia;Sarawak;Samarahan;1-Fully Verified;
PO1000003760;FGV HOLDINGS BERHAD;FGV PALM INDUSTRIES SDN BHD;CHINI 3;RSPO Certified;RSPO Certified, MB;13/01/2026;3.366.486;102.931.272;3.366486, 102.931272;MYS;Malaysia;Pahang;Pekan;1-Fully Verified;
PO1000003761;FGV HOLDINGS BERHAD;FGV PALM INDUSTRIES SDN BHD;JERAGAN BISTARI;Not RSPO Certified;;13/01/2026;5.351.045;119.143.998;5.351045, 119.143998;MYS;Malaysia;Sabah;Kinabatangan;1-Fully Verified;
PO1000003766;FGV HOLDINGS BERHAD;FGV PALM INDUSTRIES SDN BHD;SAMPADI;Not RSPO Certified;;13/01/2026;1.619.547;109.948.545;1.619547, 109.948545;MYS;Malaysia;Sarawak;Lundu;1-Fully Verified;
PO1000003767;FGV HOLDINGS BERHAD;FGV PALM INDUSTRIES SDN BHD;TENGGAROH;RSPO Certified;RSPO Certified, MB;13/01/2026;205.401;103.933;2.05401, 103.933;MYS;Malaysia;Johor;Mersing;2-High Confidence;
PO1000003769;FGV HOLDINGS BERHAD;FGV PALM INDUSTRIES SDN BHD;TENGGAROH TIMOR;Not RSPO Certified;;13/01/2026;2.082.064;10.400.722;2.082064, 104.00722;MYS;Malaysia;Johor;Mersing;1-Fully Verified;
PO1000003770;FOONG LEE SAWI MINYAK SDN BHD;FOONG LEE SAWI MINYAK SDN BHD;FOONG LEE SAWI MINYAK;Not RSPO Certified;;13/01/2026;4.924.211;101.105.208;4.924211, 101.105208;MYS;Malaysia;Perak;Kuala Kangsar;1-Fully Verified;
PO1000003771;JOHAWAKI PLANTATION SDN BHD;GABUNGAN PERUSAHAAN MINYAK LANGKAP SDN BHD;LANGKAP;Not RSPO Certified;;13/01/2026;4.056.506;101.139.214;4.056506, 101.139214;MYS;Malaysia;Perak;Hilir Perak;1-Fully Verified;
PO1000003776;GENTING PLANTATIONS;GENTING SDC SDN BHD;GENTING INDAH;RSPO Certified;RSPO Certified, IP;13/01/2026;5.375.197;116.934.967;5.375197, 116.934967;MYS;Malaysia;Sabah;Tongod;1-Fully Verified;
PO1000003777;GENTING PLANTATIONS;GENTING SDC SDN BHD;GENTING JAMBONGAN;RSPO Certified;RSPO Certified, MB;13/01/2026;6.651.844;117.446.257;6.651844, 117.446257;MYS;Malaysia;Sabah;Beluran;1-Fully Verified;
PO1000003778;GENTING PLANTATIONS;GENTING SDC SDN BHD;GENTING MEWAH;RSPO Certified;RSPO Certified, MB;13/01/2026;5.518.017;1.177.088;5.518017, 117.7088;MYS;Malaysia;Sabah;Kinabatangan;1-Fully Verified;
PO1000003781;GLOBAL ENTERPRISE OIL MILL SDN BHD;GLOBAL ENTERPRISE OIL MILL SDN BHD;GLOBAL ENTERPRISE;Not RSPO Certified;;13/01/2026;5.490.111;117.988.556;5.490111, 117.988556;MYS;Malaysia;Sabah;Kinabatangan;1-Fully Verified;
PO1000003782;SINAR MAS;PARAMITRA INTERNUSA PRATAMA;BELIAN;RSPO Certified;RSPO Certified, IP, MB;13/01/2026;0.487029;111.845.392;0.487029, 111.845392;IDN;Indonesia;Kalimantan Barat;Kapuas Hulu;1-Fully Verified;
PO1000003783;SINAR MAS;PERSADA GRAHA MANDIRI;PERSADA GRAHA MANDIRI;Not RSPO Certified;;13/01/2026;0.400721;111.730.713;0.400721, 111.730713;IDN;Indonesia;Kalimantan Barat;Kapuas Hulu;2-High Confidence;
PO1000003784;BORNEO PACIFIC (HOLDINGS) SDN BHD;GOLDEN ELATE OIL MILL SDN BHD;GOLDEN ELATE;Not RSPO Certified;;13/01/2026;513.729;118.837.979;5.13729, 118.837979;MYS;Malaysia;Sabah;Lahad Datu;1-Fully Verified;
PO1000003785;HAVYS OIL MILL SDN BHD;HAVYS OIL MILL SDN BHD;HAVYS;Not RSPO Certified;;13/01/2026;2.892.339;102.662.724;2.892339, 102.662724;MYS;Malaysia;Pahang;Bera;2-High Confidence;
PO1000003787;HOK HUAT GROUP SDN BHD;HOK HUAT OIL MILL SDN BHD;KLUANG;Not RSPO Certified;;13/01/2026;2.058.694;103.361.583;2.058694, 103.361583;MYS;Malaysia;Johor;Keluang;1-Fully Verified;
PO1000003789;IJM PLANTATIONS BERHAD;IJM EDIBLE OILS SDN BHD;DESA TALISAI;RSPO Certified;RSPO Certified, MB;13/01/2026;5.706.359;117.535.848;5.706359, 117.535848;MYS;Malaysia;Sabah;Beluran;1-Fully Verified;
PO1000003790;IJM PLANTATIONS BERHAD;IJM EDIBLE OILS SDN BHD;MINAT TEGUH;Not RSPO Certified;;13/01/2026;5.817.892;117.869.394;5.817892, 117.869394;MYS;Malaysia;Sabah;Sandakan;1-Fully Verified;
PO1000003792;IJM PLANTATIONS BERHAD;IJM EDIBLE OILS SDN BHD;SABANG 2;RSPO Certified;RSPO Certified, IP, MB;13/01/2026;635.182;117.479.338;6.35182, 117.479338;MYS;Malaysia;Sabah;Beluran;1-Fully Verified;
PO1000003793;YAYASAN SABAH GROUP;INNOPRISE PLANTATIONS BHD;SERIJAYA INDUSTRI SDN BHD;Not RSPO Certified;;13/01/2026;4.792.969;117.353.614;4.792969, 117.353614;MYS;Malaysia;Sabah;Tongod;1-Fully Verified;
PO1000003795;SAWIT KINABALU SDN BHD;SAWIT KINABALU SDN BHD;SEPAGAYA;Not RSPO Certified;;13/01/2026;5.633.883;11.812.495;5.633883, 118.12495;MYS;Malaysia;Sabah;Sandakan;1-Fully Verified;
PO1000003796;IOI CORPORATION;IOI CORPORATION BHD;UNICO;Not RSPO Certified;;13/01/2026;5.150.056;118.222.056;5.150056, 118.222056;MYS;Malaysia;Sabah;Lahad Datu;1-Fully Verified;
PO1000003797;IOI CORPORATION;IOI CORPORATION BHD;UNICO DESA;RSPO Certified;RSPO Certified, IP;13/01/2026;54.130.889;118.529.333;5.4130889, 118.529333;MYS;Malaysia;Sabah;Kinabatangan;1-Fully Verified;
PO1000003798;JAYA TIASA HOLDINGS BERHAD;JT OIL DEVELOPMENT SDN BHD;WEALTH HOUSES;Not RSPO Certified;;13/01/2026;2.389.539;111.352.246;2.389539, 111.352246;MYS;Malaysia;Sarawak;Daro;2-High Confidence;
PO1000003799;JAYA TIASA HOLDINGS BERHAD;MAUJAYA SDN BHD;MAUJAYA;Not RSPO Certified;;13/01/2026;2.438.934;111.524.427;2.438934, 111.524427;MYS;Malaysia;Sarawak;Daro;1-Fully Verified;
PO1000003800;JAYA TIASA HOLDINGS BERHAD;MAXIWEALTH HOLDINGS SDN BHD;LASSA;Not RSPO Certified;;13/01/2026;2.519.721;111.640.773;2.519721, 111.640773;MYS;Malaysia;Sarawak;Matu;1-Fully Verified;
PO1000003801;MAFRICA CORPORATION SDN BHD / PALMGROUP HOLDINGS SDN BHD;PALMGROUP PALM OIL MILL SDN BHD;PALM GROUP;Not RSPO Certified;;13/01/2026;2.823.906;112.634.518;2.823906, 112.634518;MYS;Malaysia;Sarawak;Selangau;1-Fully Verified;
PO1000003803;JC CHANG (PTE) LTD;SANKINA OIL MILLS SDN BHD;TAKON;Not RSPO Certified;;13/01/2026;5.064.444;118.812.222;5.064444, 118.812222;MYS;Malaysia;Sabah;Lahad Datu;1-Fully Verified;
PO1000003804;JENG HUAT (BAHAU) REALTY SDN BHD;JENG HUAT (BAHAU) REALTY SDN BHD;JENG HUAT;Not RSPO Certified;;13/01/2026;3.103.806;102.458.083;3.103806, 102.458083;MYS;Malaysia;Pahang;Bera;1-Fully Verified;
PO1000003805;JENG HUAT (BAHAU) REALTY SDN BHD;KAHANG PALM OIL MILL SDN BHD;KAHANG PALM OIL MILL SDN BHD;Not RSPO Certified;;13/01/2026;2.342.278;1.034.384;2.342278, 103.4384;MYS;Malaysia;Johor;Keluang;1-Fully Verified;
PO1000003806;FGV HOLDINGS BERHAD;ASIAN PLANTATIONS MILLING SDN BHD;ASIAN PLANTATIONS MILLING;Not RSPO Certified;;13/01/2026;358.705;114.225.871;3.58705, 114.225871;MYS;Malaysia;Sarawak;Marudi;1-Fully Verified;
PO1000003809;KESEDAR;KESEDAR PERKILANGAN SDN BHD;PALOH 3;Not RSPO Certified;;13/01/2026;499.986;10.227.477;4.99986, 102.27477;MYS;Malaysia;Kelantan;Gua Musang;1-Fully Verified;
PO1000003811;KIAN HOE PLANTATIONS BHD;KIAN HOE PLANTATIONS BHD;CORONATION;Not RSPO Certified;;13/01/2026;2.022.778;103.267.194;2.022778, 103.267194;MYS;Malaysia;Johor;Keluang;1-Fully Verified;
PO1000003812;HOK HUAT GROUP SDN BHD;HOK HUAT OIL MILL SDN BHD;BUKIT PASIR;Not RSPO Certified;;13/01/2026;2.085.126;102.697.623;2.085126, 102.697623;MYS;Malaysia;Johor;Muar;1-Fully Verified;
PO1000003813;FORTUNA GROUP;KILANG KELAPA SAWIT FORTUNA SDN BHD;FORTUNA;Not RSPO Certified;;13/01/2026;60.475;117.219.722;6.0475, 117.219722;MYS;Malaysia;Sabah;Beluran;1-Fully Verified;
PO1000003814;UNKNOWN;SIANG;KILANG KELAPA SAWIT LADANG SIANG;Not RSPO Certified;;13/01/2026;1.633.611;104.218.889;1.633611, 104.218889;MYS;Malaysia;Johor;Kota Tinggi;1-Fully Verified;PH PALM EXPRESS
PO1000003815;JOHAWAKI PLANTATION SDN BHD;KILANG KELAPA SAWIT LEKIR SDN BHD;LEKIR;Not RSPO Certified;;13/01/2026;4.151.198;100.781.185;4.151198, 100.781185;MYS;Malaysia;Perak;Perak Tengah;1-Fully Verified;
PO1000003816;FELCRA BERHAD;FELCRA BHD;SELAMA;RSPO Certified;RSPO Certified, IP;13/01/2026;5.178.291;100.716.671;5.178291, 100.716671;MYS;Malaysia;Perak;Kampar;1-Fully Verified;
PO1000003817;NGAN & NGAN HOLDINGS SDN BHD;KILANG MINYAK SAWIT KAMUNTING SDN BHD;KAMUNTING;Not RSPO Certified;;13/01/2026;4.922.709;100.719.732;4.922709, 100.719732;MYS;Malaysia;Perak;Larut and Matang;1-Fully Verified;
PO1000003818;KILANG MINYAK SAWIT TG TUALANG (1997) SDN BHD;KILANG MINYAK SAWIT TG TUALANG (1997) SDN BHD;TG TUALANG;Not RSPO Certified;;13/01/2026;4.305.207;101.039.023;4.305207, 101.039023;MYS;Malaysia;Perak;Kinta;1-Fully Verified;
PO1000003819;BELL GROUP;KILANG SAWIT BELL SDN BHD;KILANG SAWIT BELL;Not RSPO Certified;;13/01/2026;5.204.698;118.077.104;5.204698, 118.077104;MYS;Malaysia;Sabah;Kinabatangan;1-Fully Verified;
PO1000003820;YUWANG GROUP;KILANG SAWIT LEMBING SDN BHD;LEMBING;Not RSPO Certified;;13/01/2026;3.892.699;10.309.959;3.892699, 103.09959;MYS;Malaysia;Pahang;Kuantan;1-Fully Verified;
PO1000003821;KILANG SAWIT MUAR BHD;KILANG SAWIT MUAR BHD;MUAR;Not RSPO Certified;;13/01/2026;2.009.418;102.679.904;2.009418, 102.679904;MYS;Malaysia;Johor;Muar;1-Fully Verified;
PO1000003822;KETENGAH HOLDINGS SDN BHD;KILANG SAWIT PANJI ALAM SDN BHD;PANJI ALAM;Not RSPO Certified;;13/01/2026;4.374.444;103.349.167;4.374444, 103.349167;MYS;Malaysia;Trengganu;Kemaman;1-Fully Verified;
PO1000003823;BELL GROUP;KILANG SAWIT UNITED BELL SDN BHD;UNITED BELLL;Not RSPO Certified;;13/01/2026;1.565.451;103.467.984;1.565451, 103.467984;MYS;Malaysia;Johor;Pontian;1-Fully Verified;
PO1000003824;KIM LOONG RESOURCES BERHAD;KIM LOONG PALM OIL MILLS SDN BHD;DESA KIM LOONG;Not RSPO Certified;;13/01/2026;5.129.927;116.265.564;5.129927, 116.265564;MYS;Malaysia;Sabah;Keningau;1-Fully Verified;
PO1000003825;KIM LOONG RESOURCES BERHAD;KIM LOONG PALM OIL MILLS SDN BHD;KOTA TINGGI;Not RSPO Certified;;13/01/2026;1.808.028;103.961.972;1.808028, 103.961972;MYS;Malaysia;Johor;Kota Tinggi;1-Fully Verified;
PO1000003826;KIM LOONG RESOURCES BERHAD;KIM LOONG PALM OIL MILLS SDN BHD;TELUPID;Not RSPO Certified;;13/01/2026;5.467.278;116.989.556;5.467278, 116.989556;MYS;Malaysia;Sabah;Tongod;1-Fully Verified;
PO1000003827;N.Y. HIEW (HOLDINGS) SDN BHD;KILANG KELAPA SAWIT PINANGAH SDN BHD;PINANGAH;Not RSPO Certified;;13/01/2026;4.491.019;118.437.699;4.491019, 118.437699;MYS;Malaysia;Sabah;Semporna;1-Fully Verified;
PO1000003828;KRETAM HOLDINGS BERHAD;ABEDON OIL MILL SDN. BHD;ABEDOM POM;RSPO Certified;RSPO Certified, MB;13/01/2026;53.117.778;1.179.739.167;5.3117778, 117.9739167;MYS;Malaysia;Sabah;Kinabatangan;1-Fully Verified;
PO1000003830;KUALA LUMPUR KEPONG (KLK);KUALA LUMPUR KEPONG BHD;PALOH KKS;Not RSPO Certified;;13/01/2026;2.211.246;103.213.124;2.211246, 103.213124;MYS;Malaysia;Johor;Keluang;1-Fully Verified;
PO1000003831;KUANTAN TRADING OIL MILL SDN BHD;KUANTAN TRADING OIL MILL SDN BHD;KUANTAN TRADING;Not RSPO Certified;;13/01/2026;2.729.528;102.940.028;2.729528, 102.940028;MYS;Malaysia;Pahang;Rompin;1-Fully Verified;
PO1000003833;LADANG RAKYAT TERENGGANU SDN BHD;LADANG RAKYAT TERENGGANU SDN BHD;LADANG RAKYAT;Not RSPO Certified;;13/01/2026;4.140.742;103.218.992;4.140742, 103.218992;MYS;Malaysia;Trengganu;Kemaman;1-Fully Verified;
PO1000003834;LADANG TAI TAK (KOTA TINGGI) SDN BHD;LADANG TAI TAK (KOTA TINGGI) SDN BHD;TAI TAK;Not RSPO Certified;;13/01/2026;1.693.889;103.858.611;1.693889, 103.858611;MYS;Malaysia;Johor;Kota Tinggi;1-Fully Verified;
PO1000003835;LAM SOON (M) BERHAD;LAM SOON PLANTATIONS SDN BHD;LAM SOON;RSPO Certified;RSPO Certified, IP;13/01/2026;5.254.833;118.175.167;5.254833, 118.175167;MYS;Malaysia;Sabah;Kinabatangan;1-Fully Verified;
PO1000003836;LENGA PALMOIL INDUSTRIES SDN BHD;LENGA PALMOIL INDUSTRIES SDN BHD;LENGA;Not RSPO Certified;;13/01/2026;2.226.357;102.569.333;2.226357, 102.569333;MYS;Malaysia;Johor;Ledang;1-Fully Verified;
PO1000003838;LFK GROUP;LADANG MILLS SDN BHD;LADANG MILL;Not RSPO Certified;;13/01/2026;5.618.283;117.645.283;5.618283, 117.645283;MYS;Malaysia;Sabah;Kinabatangan;1-Fully Verified;
PO1000003839;LIZIZ PLANTATION SDN BHD;LIZIZ PLANTATION SDN BHD;LIZIZ;Not RSPO Certified;;13/01/2026;4.871.817;101.805.583;4.871817, 101.805583;MYS;Malaysia;Kelantan;Gua Musang;1-Fully Verified;
PO1000003840;LKPP CORPORATION SDN BHD;LKPP CORPORATION SDN BHD;LCSB LEPAR;Not RSPO Certified;;13/01/2026;3.592.639;103.083;3.592639, 103.083;MYS;Malaysia;Pahang;Pekan;2-High Confidence;
PO1000003841;MALBUMI GROUP;SUKAU PALM OIL MILL SDN BHD;SUKAU;Not RSPO Certified;;13/01/2026;5.568.408;118.205.663;5.568408, 118.205663;MYS;Malaysia;Sabah;Sandakan;1-Fully Verified;
PO1000003842;MALMAJU BINA SDN BHD;MALMAJU BINA SDN BHD;MALMAJU BINA;Not RSPO Certified;;13/01/2026;51.748;1.006.741;5.1748, 100.6741;MYS;Malaysia;Perak;Kampar;1-Fully Verified;
PO1000003843;MALPOM INDUSTRIES BHD;MALPOM INDUSTRIES BHD;MALPOM INDUSTRIES;Not RSPO Certified;;13/01/2026;5.207.778;100.483.889;5.207778, 100.483889;MYS;Malaysia;Pulau Pinang;Seberang Perai Selatan;1-Fully Verified;
PO1000003844;MALSA CORPORATION SDN BHD;MALSA CORPORATION SDN BHD;MALSA;Not RSPO Certified;;13/01/2026;5.781.927;117.657.208;5.781927, 117.657208;MYS;Malaysia;Sabah;Beluran;1-Fully Verified;
PO1000003845;MANILAL & SONS (MALAYA) SDN BHD;AUMKAR PLANTATIONS SDN BHD;AUMKAR;Not RSPO Certified;;13/01/2026;4.747.442;11.786.882;4.747442, 117.86882;MYS;Malaysia;Sabah;Lahad Datu;1-Fully Verified;
PO1000003846;MELAKA TONG BEE SDN BHD;NAM BEE COMPANY SDN BHD;NAM BEE;Not RSPO Certified;;13/01/2026;2.496.667;102.490.583;2.496667, 102.490583;MYS;Malaysia;Negeri Sembilan;Tampin;1-Fully Verified;
PO1000003849;MINSAWI INDUSTRIES (KUALA KANGSAR) SDN BHD;MINSAWI INDUSTRIES (KUALA KANGSAR) SDN BHD;MINSAWI;Not RSPO Certified;;13/01/2026;4.903.604;100.906.978;4.903604, 100.906978;MYS;Malaysia;Perak;Kuala Kangsar;1-Fully Verified;
PO1000003850;PUI GROUPS;MJM (PALM OIL MILL) SDN BHD;MJM;Not RSPO Certified;;13/01/2026;3.960.915;113.791.539;3.960915, 113.791539;MYS;Malaysia;Sarawak;Miri;1-Fully Verified;
PO1000003851;GOLDEN LAND BERHAD;TANAH EMAS OIL PALM PROCESSING SDN BHD;TANAH EMAS;Not RSPO Certified;;13/01/2026;5.646.992;117.292.872;5.646992, 117.292872;MYS;Malaysia;Sabah;Beluran;1-Fully Verified;
PO1000003853;NGAN & NGAN HOLDINGS SDN BHD;TEMERLOH MILL SDN BHD;TEMERLOH;Not RSPO Certified;;13/01/2026;4.648.028;100.694.972;4.648028, 100.694972;MYS;Malaysia;Perak;Larut and Matang;1-Fully Verified;
PO1000003854;NGIN KONG GROUP;PITAS PALM OIL MILL SDN BHD;PITAS;Not RSPO Certified;;13/01/2026;6.675.202;116.960.096;6.675202, 116.960096;MYS;Malaysia;Sabah;Pitas;1-Fully Verified;
PO1000003855;NPC RESOURCES BERHAD;BERKAT SETIA SDN BHD;BERKAT SETIA;Not RSPO Certified;;13/01/2026;5.710.034;117.620.773;5.710034, 117.620773;MYS;Malaysia;Sabah;Beluran;1-Fully Verified;
PO1000003856;BUDAYA POTENSI SDN BHD;SUNGAI RUKU OIL PALM PLANTATION SDN BHD;SUNGAI RUKU;RSPO Certified;RSPO Certified, IP, MB;13/01/2026;556.367;11.790.028;5.56367, 117.90028;MYS;Malaysia;Sabah;Kinabatangan;1-Fully Verified;
PO1000003857;PANTAI REMIS PALM OIL MILL SDN BHD;PANTAI REMIS PALM OIL MILL SDN BHD;PANTAI REMIS;Not RSPO Certified;;13/01/2026;4.367.164;100.696.154;4.367164, 100.696154;MYS;Malaysia;Perak;Manjung;1-Fully Verified;
PO1000003858;PEMBANGUNAN LADANG HASSAN SDN BHD;PEMBANGUNAN LADANG HASSAN SDN BHD;LADANG HASSAN;Not RSPO Certified;;13/01/2026;578.435;117.700.146;5.78435, 117.700146;MYS;Malaysia;Sabah;Sandakan;1-Fully Verified;
PO1000003859;PERAK AGRO OIL FARM SDN BHD;PERAK AGRO MILLS SDN BHD;KAMPUNG GAJAH;Not RSPO Certified;;13/01/2026;42.428;1.009.689;4.2428, 100.9689;MYS;Malaysia;Perak;Perak Tengah;1-Fully Verified;
PO1000003860;PERAK MOTOR COMPANY SDN BHD;PERAK MOTOR COMPANY SDN BHD;PERAK MOTOR;Not RSPO Certified;;13/01/2026;3.964.975;101.178.389;3.964975, 101.178389;MYS;Malaysia;Perak;Hilir Perak;1-Fully Verified;
PO1000003861;PERTUBUHAN PELADANG NEGERI JOHOR (PPNJ);PERTUBUHAN PELADANG NEGERI JOHOR (PPNJ);PPNJ BUKIT BUJANG;Not RSPO Certified;;13/01/2026;2.799.894;102.758.411;2.799894, 102.758411;MYS;Malaysia;Johor;Segamat;1-Fully Verified;
PO1000003862;PERTUBUHAN PELADANG NEGERI JOHOR (PPNJ);PERTUBUHAN PELADANG NEGERI JOHOR (PPNJ);PPNJ KAHANG;Not RSPO Certified;;13/01/2026;21.714;1.034.796;2.1714, 103.4796;MYS;Malaysia;Johor;Keluang;1-Fully Verified;
PO1000003863;BELL GROUP;PERUSAHAAN MINYAK SAWIT BINTANG SDN BHD;BINTANG PALM OIL MILL;Not RSPO Certified;;13/01/2026;2.157.444;103.123.425;2.157444, 103.123425;MYS;Malaysia;Johor;Batu Pahat;1-Fully Verified;
PO1000003864;PINEHILL PACIFIC BERHAD;PINEHILL PLANTATIONS (MALAYSIA) SDN BHD;PINEHILL;Not RSPO Certified;;13/01/2026;3.969.938;101.096.621;3.969938, 101.096621;MYS;Malaysia;Perak;Hilir Perak;1-Fully Verified;
PO1000003866;WILMAR GROUP;SUBURMAS PLANTATIONS SDN BHD;SUBURMAS;Not RSPO Certified;;13/01/2026;3.525.253;113.357.533;3.525253, 113.357533;MYS;Malaysia;Sarawak;Bintulu;1-Fully Verified;
PO1000003868;PROSPER GROUP;CHEEKAH-KEMAYAN PLANTATIONS SDN BHD;CHEEKAH-KEMAYAN;RSPO Certified;RSPO Certified, MB;13/01/2026;3.148.583;102.475.361;3.148583, 102.475361;MYS;Malaysia;Pahang;Bera;1-Fully Verified;
PO1000003869;FAR EAST HOLDINGS BERHAD;ENDAU PALM OIL MILL SDN BHD;ENDAU;Not RSPO Certified;;13/01/2026;2.679.944;103.505.361;2.679944, 103.505361;MYS;Malaysia;Pahang;Rompin;1-Fully Verified;
PO1000003871;FAR EAST HOLDINGS BERHAD;KILANG KOSFARM SDN BHD;KOSFARM;Not RSPO Certified;;13/01/2026;29.934;102.82;2.9934, 102.820000;MYS;Malaysia;Pahang;Rompin;1-Fully Verified;
PO1000003872;FAR EAST HOLDINGS BERHAD;PROSPER PALM OIL MILL SDN BHD;PROSPER;Not RSPO Certified;;13/01/2026;2.890.795;102.522.013;2.890795, 102.522013;MYS;Malaysia;Negeri Sembilan;Jempol;1-Fully Verified;
PO1000003873;FAR EAST HOLDINGS BERHAD;ROMPIN PALM OIL MILL SDN BHD;ROMPIN;Not RSPO Certified;;13/01/2026;3.077.222;103.174.722;3.077222, 103.174722;MYS;Malaysia;Pahang;Pekan;1-Fully Verified;
PO1000003874;FAR EAST HOLDINGS BERHAD;WUJUD WAWASAN SDN BHD;KOSMA / WUJUD WAWASAN;Not RSPO Certified;;13/01/2026;3.033.934;102.840.363;3.033934, 102.840363;MYS;Malaysia;Pahang;Rompin;1-Fully Verified;
PO1000003875;PALMHEAD HOLDINGS;PSS OIL MILL SDN BHD;PSS;Not RSPO Certified;;13/01/2026;339.676;113.287.718;3.39676, 113.287718;MYS;Malaysia;Sarawak;Bintulu;1-Fully Verified;
PO1000003876;QL RESOURCES;QL PLANTATION SDN BHD;QL MILL 1;Not RSPO Certified;;13/01/2026;4.476.456;118.198.075;4.476456, 118.198075;MYS;Malaysia;Sabah;Tawau;1-Fully Verified;
PO1000003877;RADIANT RESPONSE SDN BHD / SRI GANDA OIL MILL SDN BHD;SRI GANDA OIL MILL SDN BHD;SRI GANDA;Not RSPO Certified;;13/01/2026;3.913.102;101.198.753;3.913102, 101.198753;MYS;Malaysia;Perak;Hilir Perak;2-High Confidence;
PO1000003878;KETENGAH HOLDINGS SDN BHD;RAKYAT KETENGAH PERWIRA SDN BHD;RAKYAT KETENGAH PERWIRA;Not RSPO Certified;;13/01/2026;4.119.153;103.203.506;4.119153, 103.203506;MYS;Malaysia;Trengganu;Kemaman;1-Fully Verified;
PO1000003879;DUPONT & LEOSK ENTERPRISES;PALM DISCOVERY SDN BHD;PALM DISCOVERY / KULAI MAS;Not RSPO Certified;;13/01/2026;1.802.372;103.623.894;1.802372, 103.623894;MYS;Malaysia;Johor;Keluang;1-Fully Verified;
PO1000003880;YAYASAN SABAH GROUP;REGIONAL HARVEST SDN BHD;DUMPAS;Not RSPO Certified;;13/01/2026;4.534.908;117.705.141;4.534908, 117.705141;MYS;Malaysia;Sabah;Tawau;1-Fully Verified;
PO1000003881;RIMBUNAN HIJAU GROUP;RH BALINGIAN ;RH BALINGIAN PALM OIL MILL SDN BHD;Not RSPO Certified;;13/01/2026;2.872.164;112.452.378;2.872164, 112.452378;MYS;Malaysia;Sarawak;Mukah;1-Fully Verified;
PO1000003882;RIMBUNAN SAWIT BERHAD;R.H. PLANTATIONS SDN BHD;RHP;Not RSPO Certified;;13/01/2026;3.775.039;11.410.401;3.775039, 114.10401;MYS;Malaysia;Sarawak;Marudi;1-Fully Verified;
PO1000003883;RIMBUNAN HIJAU GROUP;RH SELANGAU PALM OIL MILL SDN BHD;RH SELANGAU;Not RSPO Certified;;13/01/2026;2.584.815;112.334.566;2.584815, 112.334566;MYS;Malaysia;Sarawak;Mukah;1-Fully Verified;
PO1000003884;YUWANG GROUP;SACHIEW PLANTATIONS SDN BHD;SACHIEW;Not RSPO Certified;;13/01/2026;376.455;113.702.656;3.76455, 113.702656;MYS;Malaysia;Sarawak;Miri;1-Fully Verified;
PO1000003886;SARAWAK LAND CONSOLIDATION AND REHABILITATION AUTHORITY (SALCRA);BAU PALM OIL MILL SDN BHD;BAU;Not RSPO Certified;;13/01/2026;1.490.067;109.985.197;1.490067, 109.985197;MYS;Malaysia;Sarawak;Lundu;1-Fully Verified;
PO1000003887;SARAWAK LAND CONSOLIDATION AND REHABILITATION AUTHORITY (SALCRA);SERIAN PALM OIL MILL SDN BHD;SERIAN;Not RSPO Certified;;13/01/2026;0.956144;110.622.625;0.956144, 110.622625;MYS;Malaysia;Sarawak;Serian;1-Fully Verified;
PO1000003888;SAYONG PLANTATION SDN BHD;SUNGEI KAHANG PALM OIL SDN BHD;SUNGEI KAHANG;Not RSPO Certified;;13/01/2026;223.185;103.526.014;2.23185, 103.526014;MYS;Malaysia;Johor;Keluang;1-Fully Verified;
PO1000003889;SARAWAK OIL PALMS BERHAD;SARAWAK OIL PALMS BHD;GALASAH;Not RSPO Certified;;13/01/2026;3.611.044;113.661.384;3.611044, 113.661384;MYS;Malaysia;Sarawak;Miri;1-Fully Verified;
PO1000003890;SEONG THYE PLANTATIONS SDN BHD;SEONG THYE PLANTATIONS SDN BHD;LADANG PADANG KAHANG;Not RSPO Certified;;13/01/2026;2.309.604;103.529.202;2.309604, 103.529202;MYS;Malaysia;Johor;Keluang;2-High Confidence;
PO1000003891;SETIA KAWAN KILANG KELAPA SAWIT SDN BHD;SETIA KAWAN KILANG KELAPA SAWIT SDN BHD;SETIA KAWAN;Not RSPO Certified;;13/01/2026;5.441.292;100.627.419;5.441292, 100.627419;MYS;Malaysia;Kedah;Kulim;1-Fully Verified;
PO1000003892;SOLID ORIENT HOLDINGS SDN BHD;SOLID ORIENT HOLDINGS SDN BHD;SOLID ORIENT;Not RSPO Certified;;13/01/2026;55.699;100.699.263;5.5699, 100.699263;MYS;Malaysia;Kedah;Baling;1-Fully Verified;
PO1000003893;SOLID ORIENT HOLDINGS SDN BHD;SOLID OIL PALM PLANTATION SDN BHD;SOLID;Not RSPO Certified;;13/01/2026;373.694;113.590.325;3.73694, 113.590325;MYS;Malaysia;Sarawak;Miri;2-High Confidence;
PO1000003894;CHELLAM PLANTATIONS;CHELLAM PLANTATIONS (SABAH) SDN BHD;SOOK OIL MILL;Not RSPO Certified;;13/01/2026;5.334.363;116.362.612;5.334363, 116.362612;MYS;Malaysia;Sabah;Keningau;1-Fully Verified;
PO1000003895;SOUTHERN KERATONG PLANTATIONS SDN BHD;SOUTHERN KERATONG PLANTATIONS SDN BHD;BUKIT BEREMBUN;Not RSPO Certified;;13/01/2026;3.075.403;102.766.156;3.075403, 102.766156;MYS;Malaysia;Pahang;Rompin;1-Fully Verified;
PO1000003896;SOUTHERN GROUP;SOUTHERN PERAK PLANTATIONS SDN BHD;SOUTHERN PERAK;Not RSPO Certified;;13/01/2026;3.806.889;101.029.361;3.806889, 101.029361;MYS;Malaysia;Perak;Hilir Perak;1-Fully Verified;
PO1000003897;SARAWAK PLANTATION BERHAD;SARAWAK PLANTATION AGRICULTURE DEVELOPMENT (SPAD) SDN BHD;MUKAH MILL;Not RSPO Certified;;13/01/2026;2.650.825;112.330.089;2.650825, 112.330089;MYS;Malaysia;Sarawak;Mukah;1-Fully Verified;
PO1000003898;SARAWAK PLANTATION BERHAD;SARAWAK PLANTATION AGRICULTURE DEVELOPMENT (SPAD) SDN BHD;NIAH;Not RSPO Certified;;13/01/2026;3.874.177;113.861.357;3.874177, 113.861357;MYS;Malaysia;Sarawak;Miri;1-Fully Verified;
PO1000003899;IKHASAS GROUP / TANAH MAKMUR BERHAD;TANAH MAKMUR BHD;SRI JELUTUNG;Not RSPO Certified;;13/01/2026;3.351.525;103.127.819;3.351525, 103.127819;MYS;Malaysia;Pahang;Pekan;1-Fully Verified;
PO1000003900;SERN LEE ENTERPRISE SDN BHD;ST PALM OIL MILL SDN BHD;ST PALM OIL MILL;Not RSPO Certified;;13/01/2026;3.834.211;101.174.517;3.834211, 101.174517;MYS;Malaysia;Perak;Hilir Perak;1-Fully Verified;
PO1000003901;SUBURBAN PROPERTIES SDN BHD;SUBURBAN PROPERTIES SDN BHD;SUBURBAN PROPERTIES;Not RSPO Certified;;13/01/2026;2.748.994;102.989.292;2.748994, 102.989292;MYS;Malaysia;Pahang;Rompin;1-Fully Verified;
PO1000003902;SUNGAI KERANG DEVELOPMENT SDN BHD;SUNGAI KERANG DEVELOPMENT SDN BHD;SUNGAI KERANG;Not RSPO Certified;;13/01/2026;4.403.481;100.835.955;4.403481, 100.835955;MYS;Malaysia;Perak;Perak Tengah;1-Fully Verified;
PO1000003903;KUMPULAN PERLADANGAN PKINK BHD;SYARIKAT LADANG SUNGAI TERAH SDN BHD;KILANG SAWIT SUNGAI TERAH;Not RSPO Certified;;13/01/2026;4.977.872;101.955.083;4.977872, 101.955083;MYS;Malaysia;Kelantan;Gua Musang;1-Fully Verified;
PO1000003905;NGAN & NGAN HOLDINGS SDN BHD;SYARIKAT CAHAYA MUDA PERAK (OIL MILL) SDN BHD;CAHAYA MUDA PERAK;Not RSPO Certified;;13/01/2026;4.160.967;101.282.921;4.160967, 101.282921;MYS;Malaysia;Perak;Batang Padang;1-Fully Verified;
PO1000003906;SYARIKAT PELADANG & PERUSAHAAN MINYAK SDN BHD;SYARIKAT PELADANG & PERUSAHAAN MINYAK SDN BHD;SYARIKAT PELADANG & PERUSAHAAN MINYAK;Not RSPO Certified;;13/01/2026;3.979.658;100.990.561;3.979658, 100.990561;MYS;Malaysia;Perak;Hilir Perak;1-Fully Verified;
PO1000003907;SYNN HENG TRADING COMPANY SDN BHD;SYNN PALM OIL SDN BHD;SYNN;Not RSPO Certified;;13/01/2026;4.831.397;100.698.407;4.831397, 100.698407;MYS;Malaysia;Perak;Larut and Matang;1-Fully Verified;
PO1000003908;TA ANN HOLDINGS BHD;MANIS OIL SDN BHD;MANIS;Not RSPO Certified;;13/01/2026;2.131.184;111.893.076;2.131184, 111.893076;MYS;Malaysia;Sarawak;Sibu;1-Fully Verified;
PO1000003909;TACLICO COMPANY SDN BHD;TACLICO COMPANY SDN BHD;TACLICO;Not RSPO Certified;;13/01/2026;5.507.567;100.599.592;5.507567, 100.599592;MYS;Malaysia;Kedah;Kulim;1-Fully Verified;
PO1000003910;TAMACO PLANTATION SDN BHD;TAMACO OIL MILL SDN BHD;TAMACO 1;Not RSPO Certified;;13/01/2026;5.244;118.326;5.244, 118.326;MYS;Malaysia;Sabah;Lahad Datu;1-Fully Verified;
PO1000003911;TAMACO PLANTATION SDN BHD;TAMACO OIL MILL SDN BHD;TAMACO 2;Not RSPO Certified;;13/01/2026;5.154.061;118.228.475;5.154061, 118.228475;MYS;Malaysia;Sabah;Lahad Datu;1-Fully Verified;
PO1000003912;TACLICO COMPANY SDN BHD;TACLICO COMPANY SDN BHD;TANJUNG PANJANG;Not RSPO Certified;;13/01/2026;5.644.344;118.333.054;5.644344, 118.333054;MYS;Malaysia;Sabah;Kinabatangan;1-Fully Verified;
PO1000003914;TECK GUAN GROUP;ATLANTICA SDN BHD;ATLANTICA;Not RSPO Certified;;13/01/2026;5.712.135;117.686.628;5.712135, 117.686628;MYS;Malaysia;Sabah;Beluran;1-Fully Verified;
PO1000003915;TECK GUAN GROUP;BRANTIAN PALM OIL SDN BHD;BRANTIAN;Not RSPO Certified;;13/01/2026;4.436.611;117.516.806;4.436611, 117.516806;MYS;Malaysia;Sabah;Tawau;1-Fully Verified;
PO1000003916;TECK GUAN GROUP;KONSEP MUKTAMAD SDN BHD;REX;Not RSPO Certified;;13/01/2026;4.487.203;117.598.549;4.487203, 117.598549;MYS;Malaysia;Sabah;Tawau;1-Fully Verified;
PO1000003917;TECK GUAN GROUP;PROSPEROUS SEBATIK SDN BHD;PROSPEROUS SEBATIK;Not RSPO Certified;;13/01/2026;418.921;117.787.665;4.18921, 117.787665;MYS;Malaysia;Sabah;Tawau;1-Fully Verified;
PO1000003918;TECK GUAN GROUP;SUNGAI BURUNG INDUSTRIES SDN BHD;SUNGAI BURUNG;Not RSPO Certified;;13/01/2026;4.404.281;118.137.855;4.404281, 118.137855;MYS;Malaysia;Sabah;Tawau;1-Fully Verified;
PO1000003922;TEE TEH SDN BHD;TEE TEH SDN BHD;TEE TEH;Not RSPO Certified;;13/01/2026;2.840.728;102.865.883;2.840728, 102.865883;MYS;Malaysia;Pahang;Rompin;1-Fully Verified;
PO1000003923;TH PLANTATIONS BERHAD;THP SARIBAS SDN BHD;GEDONG;Not RSPO Certified;;13/01/2026;1.155.266;110.676.239;1.155266, 110.676239;MYS;Malaysia;Sarawak;Serian;1-Fully Verified;
PO1000003924;TH PLANTATIONS BERHAD;TH PLANTATIONS BHD;BUKIT LAWIANG;Not RSPO Certified;;13/01/2026;1.965.939;103.434.303;1.965939, 103.434303;MYS;Malaysia;Johor;Keluang;1-Fully Verified;
PO1000003925;TH PLANTATIONS BERHAD;TH PLANTATIONS BHD;PASIR BESAR;Not RSPO Certified;;13/01/2026;2.619.444;102.511.667;2.619444, 102.511667;MYS;Malaysia;Negeri Sembilan;Tampin;1-Fully Verified;
PO1000003926;TH PLANTATIONS BERHAD;THP KOTA BAHAGIA SDN BHD;KOTA BAHAGIA;Not RSPO Certified;;13/01/2026;2.986.505;102.927.032;2.986505, 102.927032;MYS;Malaysia;Pahang;Rompin;1-Fully Verified;
PO1000003927;GOODHOPE;AGRO WANA LESTARI;BUKIT SANTUAI;RSPO Certified;RSPO Certified, MB;13/01/2026;-18.625;112.395.833;-1.8625, 112.395833;IDN;Indonesia;Kalimantan Tengah;Kotawaringin Timur;1-Fully Verified;
PO1000003928;TH PLANTATIONS BERHAD;THP SABACO SDN BHD;LADANG MAMAHAT;Not RSPO Certified;;13/01/2026;6.466.095;117.568.819;6.466095, 117.568819;MYS;Malaysia;Sabah;Beluran;1-Fully Verified;
PO1000003929;TH PLANTATIONS BERHAD;THP SABACO SDN BHD;SUNGAI TENEGANG;Not RSPO Certified;;13/01/2026;5.218.094;118.031.364;5.218094, 118.031364;MYS;Malaysia;Sabah;Kinabatangan;1-Fully Verified;
PO1000003931;TIAN SIANG HOLDINGS SDN BHD;TIAN SIANG OILL MILL (PERAK) SDN BHD;TIAN SIANG PERAK;Not RSPO Certified;;13/01/2026;4.592.983;100.732.286;4.592983, 100.732286;MYS;Malaysia;Perak;Larut Matang;1-Fully Verified;
PO1000003932;GLENEALY PLANTATIONS SDN BHD;TIMOR ENTERPRISE SDN BHD;TIMORA;Not RSPO Certified;;13/01/2026;5.304.724;118.340.076;5.304724, 118.340076;MYS;Malaysia;Sabah;Kinabatangan;1-Fully Verified;
PO1000003933;HOK HUAT GROUP SDN BHD;TOPAZ EMAS SDN BHD;TOPAZ EMAS;Not RSPO Certified;;13/01/2026;4.553.367;100.725.591;4.553367, 100.725591;MYS;Malaysia;Perak;Larut and Matang;1-Fully Verified;
PO1000003935;TRADEWINDS PLANTATION BERHAD;ARAH BERSAMA SDN BHD;KUALA SUAI;Not RSPO Certified;;13/01/2026;367.658;113.464.469;3.67658, 113.464469;MYS;Malaysia;Sarawak;Bintulu;1-Fully Verified;
PO1000003936;TRADEWINDS PLANTATION BERHAD;BINU PLANTATION SDN BHD;BINU;Not RSPO Certified;;13/01/2026;3.941.725;114.026.536;3.941725, 114.026536;MYS;Malaysia;Sarawak;Marudi;1-Fully Verified;
PO1000003937;TRADEWINDS PLANTATION BERHAD;KUMPULAN KRIS JATI SDN BHD;TRUSAN;Not RSPO Certified;;13/01/2026;482.863;115.265.071;4.82863, 115.265071;MYS;Malaysia;Sarawak;Lawas;1-Fully Verified;
PO1000003938;TRADEWINDS PLANTATION BERHAD;LADANG PERMAI SDN BHD;BATU PUTIH;Not RSPO Certified;;13/01/2026;5.58;117.946;5.58, 117.946;MYS;Malaysia;Sabah;Sandakan;1-Fully Verified;
PO1000003939;TRADEWINDS PLANTATION BERHAD;LADANG PERMAI SDN BHD;PERMAI;Not RSPO Certified;;13/01/2026;5.187.332;118.440.289;5.187332, 118.440289;MYS;Malaysia;Sabah;Lahad Datu;1-Fully Verified;
PO1000003941;TRADEWINDS PLANTATION BERHAD;LADANG SERASA SDN BHD;SERASA;Not RSPO Certified;;13/01/2026;5.099.504;102.175.826;5.099504, 102.175826;MYS;Malaysia;Kelantan;Gua Musang;1-Fully Verified;
PO1000003942;TRADEWINDS PLANTATION BERHAD;MELUR GEMILANG SDN BHD;MELUR GEMILANG;Not RSPO Certified;;13/01/2026;1.209.702;110.813.955;1.209702, 110.813955;MYS;Malaysia;Sarawak;Simunjan;1-Fully Verified;
PO1000003943;TRADEWINDS PLANTATION BERHAD;RETUS PLANTATION SDN BHD;RETUS;Not RSPO Certified;;13/01/2026;2.465.577;111.931.263;2.465577, 111.931263;MYS;Malaysia;Sarawak;Sibu;1-Fully Verified;
PO1000003944;TRADEWINDS PLANTATION BERHAD;SOLAR GREEN SDN BHD;JUDAN;Not RSPO Certified;;13/01/2026;2.776;112.026;2.776, 112.026;MYS;Malaysia;Sarawak;Dalat;2-High Confidence;
PO1000003945;TRADEWINDS PLANTATION BERHAD;LADANG PETRI TENGGARA SDN BHD;SUNGAI KACHUR;Not RSPO Certified;;13/01/2026;1.783.328;103.762.661;1.783328, 103.762661;MYS;Malaysia;Johor;Kota Tinggi;1-Fully Verified;
PO1000003947;TUNG HUP ENTERPRISE SDN BHD;TUNG HUP PALM OIL MILL SDN BHD;TUNG HUP;Not RSPO Certified;;13/01/2026;5.282.445;11.786.801;5.282445, 117.86801;MYS;Malaysia;Sabah;Kinabatangan;1-Fully Verified;
PO1000003948;UNIQUE PALM OIL MILL SDN BHD;UNIQUE PALM OIL MILL SDN BHD;UNIQUE;Not RSPO Certified;;13/01/2026;2.781.783;112.290.967;2.781783, 112.290967;MYS;Malaysia;Sarawak;Mukah;2-High Confidence;
PO1000003949;UNITED MALACCA BHD (UMB);MERIDIAN PLANTATIONS SDN BHD;MERIDIAN;Not RSPO Certified;;13/01/2026;645.475;117.431.184;6.45475, 117.431184;MYS;Malaysia;Sabah;Beluran;1-Fully Verified;
PO1000003950;UNITED MALACCA BHD (UMB);SYARIKAT PENANAMAN BUKIT SENORANG SDN BHD;BUKIT SENORANG;Not RSPO Certified;;13/01/2026;309.746;10.242.668;3.09746, 102.42668;MYS;Malaysia;Pahang;Bera;1-Fully Verified;
PO1000003951;UNITED OIL PALM INDUSTRIES SDN BHD;UNITED OIL PALM INDUSTRIES SDN BHD;UNITED OIL PALM;RSPO Certified;RSPO Certified, IP;13/01/2026;5.154.837;100.507.765;5.154837, 100.507765;MYS;Malaysia;Pulau Pinang;Seberang Perai Selatan;1-Fully Verified;
PO1000003952;VEE SENG DEVELOPMENT SDN BHD;VEETAR PALM OIL MILL SDN BHD;VEETAR;Not RSPO Certified;;13/01/2026;5.336.397;116.942.543;5.336397, 116.942543;MYS;Malaysia;Sabah;Tongod;1-Fully Verified;
PO1000003953;VICTORY ENGHOE PLANTATIONS SDN BHD;VICTORY ENGHOE PLANTATIONS SDN BHD;SOUTHERN MALAY;Not RSPO Certified;;13/01/2026;1.791.003;103.362.557;1.791003, 103.362557;MYS;Malaysia;Johor;Keluang;1-Fully Verified;
PO1000003954;VILA SUTERA SDN BHD;VILA SUTERA SDN BHD;BUKIT KAPAH;Not RSPO Certified;;13/01/2026;5.109.417;102.897;5.109417, 102.897;MYS;Malaysia;Trengganu;Hulu Terengganu;1-Fully Verified;
PO1000003956;WINSOME HARVEST PALM OIL MILL SDN BHD;WINSOME HARVEST PALM OIL MILL SDN BHD;WINSOME HARVEST;Not RSPO Certified;;13/01/2026;4.553.317;118.358.978;4.553317, 118.358978;MYS;Malaysia;Sabah;Semporna;1-Fully Verified;
PO1000003957;WOODMAN SDN BHD;WOODMAN KUALA BARAM ESTATES SDN BHD;ADONG;Not RSPO Certified;;13/01/2026;4.541.035;114.119.098;4.541035, 114.119098;MYS;Malaysia;Sarawak;Miri;1-Fully Verified;
PO1000003958;WOODMAN SDN BHD;WOODMAN KUALA BARAM ESTATES SDN BHD;SEMANOK;Not RSPO Certified;;13/01/2026;3.005.242;112.898.545;3.005242, 112.898545;MYS;Malaysia;Sarawak;Tatau;1-Fully Verified;
PO1000003959;WOODMAN SDN BHD;WOODMAN KUALA BARAM ESTATES SDN BHD;USAHA SEPADAN;Not RSPO Certified;;13/01/2026;3.342.182;113.188.112;3.342182, 113.188112;MYS;Malaysia;Sarawak;Bintulu;1-Fully Verified;
PO1000003961;WTK HOLDINGS BHD;WEALTH LEAP SDN BHD (HARVARD MASTER);WEALTH LEAP (HARVARD MASTER);Not RSPO Certified;;13/01/2026;3.754.595;113.849.117;3.754595, 113.849117;MYS;Malaysia;Sarawak;Miri;1-Fully Verified;
PO1000003962;WTK HOLDINGS BHD;WTK OIL MILL SDN BHD;WTK OIL MILL;Not RSPO Certified;;13/01/2026;3.576.625;113.488.075;3.576625, 113.488075;MYS;Malaysia;Sarawak;Bintulu;1-Fully Verified;
PO1000003963;YEE LEE CORPORATION BHD;YEE LEE PALM OIL INDUSTRIES SDN BHD;YEE LEE;Not RSPO Certified;;13/01/2026;408.574;101.280.275;4.08574, 101.280275;MYS;Malaysia;Perak;Batang Padang;1-Fully Verified;
PO1000003964;YPJ PLANTATIONS SDN BHD;YPJ PLANTATIONS SDN BHD;ALAF;Not RSPO Certified;;13/01/2026;1.718.682;103.782.365;1.718682, 103.782365;MYS;Malaysia;Johor;Kota Tinggi;1-Fully Verified;
PO1000003965;YUWANG GROUP;YUWANG PALM OIL MILL SDN BHD;YUWANG;Not RSPO Certified;;13/01/2026;4.776.764;117.934.449;4.776764, 117.934449;MYS;Malaysia;Sabah;Lahad Datu;1-Fully Verified;
PO1000003966;HILLTOP PALMS SDN BHD;HILLTOP PALMS SDN BHD;TALI AYER;Not RSPO Certified;;13/01/2026;50.523;1.005.156;5.0523, 100.5156;MYS;Malaysia;Perak;Kerian;1-Fully Verified;
PO1000003970;SAMPOERNA AGRO;GUNUNG TUA ABADI;SUMBER SAWIT;RSPO Certified;RSPO Certified, MB;13/01/2026;-3.81;105.17;-3.81, 105.17;IDN;Indonesia;Sumatera Selatan;Ogan Komering Ilir;1-Fully Verified;
PO1000003976;TSH RESOURCES;SARANA PRIMA MULTI NIAGA;SARANA PRIMA MULTI NIAGA;Not RSPO Certified;;13/01/2026;-1.990.717;112.923.133;-1.990717, 112.923133;IDN;Indonesia;Kalimantan Tengah;Kotawaringin Timur;1-Fully Verified;
PO1000003979;UNKNOWN;AGROPECUARIA SANTA MARIA S.A.;ACEITES CIMARRONES SAS;Not RSPO Certified;;13/01/2026;10.570.139;-74.208.778;10.570139, -74.208778;COL;Colombia;Magdalena;Aracataca;1-Fully Verified;ACEITES LA UNION
PO1000003980;C.I BIOCOSTA S.A;AGROPECUARIA LA RIVERA GAITAN SAS;AGROPECUARIA LA RIVERA GAITAN SAS;Not RSPO Certified;;13/01/2026;3.409.536;-73.749.542;3.409536, -73.749542;COL;Colombia;Meta;Fuente de Oro;1-Fully Verified;
PO1000003981;C.I BIOCOSTA S.A;AGROPECUARIA SANTA MARIA S.A. SAN MARTIN;AGROPECUARIA SANTA MARIA S.A. (SAN MARTIN);Not RSPO Certified;;13/01/2026;3.515.861;-73.558.333;3.515861, -73.558333;COL;Colombia;Meta;San Martín;1-Fully Verified;
PO1000003982;UNKNOWN;COOPERATIVA AGROINDUSTRIAL DE PRODUCTORES DE PALMA ACEITERA R.L. (COOPEAGROPAL R.L.);COOPEAGROPAL EL ROBEL;Not RSPO Certified;;13/01/2026;84.358;-829.447;8.4358, -82.9447;CRI;Costa Rica;Puntarenas;Corredores;1-Fully Verified;
PO1000003983;UNKNOWN;ENTREPALMAS S.A.S.;ENTREPALMAS S.A.S.;RSPO Certified;RSPO Certified, IP, MB;13/01/2026;3.564.583;-73.579.412;3.564583, -73.579412;COL;Colombia;Meta;San Martín;1-Fully Verified;
PO1000003984;UNKNOWN;PALMATEC CORPORATION DE COSTA RICA S.A.;PALMATEC CORPORATION DE COSTA RICA S.A.;Not RSPO Certified;;13/01/2026;84.212;-829.686;8.4212, -82.9686;CRI;Costa Rica;Puntarenas;Corredores;2-High Confidence;
PO1000003985;UNKNOWN;EXTRACTORA LA PAZ S.A.;EXTRACTORA LA PAZ S.A.;Not RSPO Certified;;13/01/2026;3.711.178;-73.272.167;3.711178, -73.272167;COL;Colombia;Meta;San Carlos de Guaroa;1-Fully Verified;
PO1000003988;UNKNOWN;ACEITES MORICHAL S.A.;ACEITES MORICHAL;Not RSPO Certified;;13/01/2026;3.932.197;-73.244.072;3.932197, -73.244072;COL;Colombia;Meta;San Carlos de Guaroa;1-Fully Verified;
PO1000003989;UNKNOWN;CIECOPALMA;QUEVEPALMA;Not RSPO Certified;;13/01/2026;-0.965756;-79.470.027;-0.965756, -79.470027;ECU;Ecuador;Los Rios;Quevedo;1-Fully Verified;
PO1000003990;C.I BIOCOSTA S.A;INVERSIONES LA MEJORANA S.A.S;INVERSIONES LA MEJORANA S.A.S;Not RSPO Certified;;13/01/2026;3.961.281;-73.626.778;3.961281, -73.626778;COL;Colombia;Meta;Acacías;1-Fully Verified;
PO1000003991;OLEANA/GRUPO ALZAMORA;EXTRACTOCOCA EXTRACTORA RIO COCA S.A.;EXTRACTORA RIO COCA;Not RSPO Certified;;13/01/2026;-0.382502778;-76.995.475;-0.382502778, -76.995475;ECU;Ecuador;Orellana;Orellana;1-Fully Verified;
PO1000003992;UNKNOWN;ALIANZA ORIENTAL S.A.;ALIANZA ORIENTAL S.A.;Not RSPO Certified;;13/01/2026;3.995.075;-7.358.075;3.995075, -73.58075;COL;Colombia;Meta;Villavicencio;2-High Confidence;
PO1000003993;OLEANA/GRUPO ALZAMORA;EXTRACTORA LA SEXTA S.A.;LA SEXTA;Not RSPO Certified;;13/01/2026;0.290028;-7.927.319.444;0.290028, -79.27319444;ECU;Ecuador;Esmeraldas;Quinindé;1-Fully Verified;
PO1000003995;OLEANA/GRUPO ALZAMORA;ALCOPALMA S.A.;TEOBROMA;Not RSPO Certified;;13/01/2026;-0.046694;-79.352.139;-0.046694, -79.352139;ECU;Ecuador;Santo Domingo de los Tsachilas;La Concordia;3-Low Confidence;
PO1000003996;UNKNOWN;SAPUGA S.A.;SAPUGA S.A.;Not RSPO Certified;;13/01/2026;4.147.981;-72.037.175;4.147981, -72.037175;COL;Colombia;Meta;Puerto Gaitán;2-High Confidence;
PO1000003997;AGROAMERICA;EXTRACTORA LA FRANCIA / AGROCARIBE;EXTRACTORA LA FRANCIA;RSPO Certified;RSPO Certified, IP;13/01/2026;15.468.472;-88.809.417;15.468472, -88.809417;GTM;Guatemala;Izabal;Morales;1-Fully Verified;
PO1000003998;GRUPO HAME;REFORESTADORA DE PALMA DEL PETEN S.A. (REPSA);REPSA I;Not RSPO Certified;;13/01/2026;16.118.667;-90.071.806;16.118667, -90.071806;GTM;Guatemala;Petén;Sayaxché;2-High Confidence;
PO1000003999;INPARME S.A.;HACIENDA LA CABAÑA S.A.;HACIENDA LA CABAÑA S.A.;RSPO Certified;RSPO Certified, MB;13/01/2026;4.301.186;-7.335.635;4.301186, -73.35635;COL;Colombia;Cundinamarca;Paratebueno;2-High Confidence;
PO1000004000;NATURACEITES S.A.;NATURACEITES S.A.;FRAY MILL / YALCOBE;Not RSPO Certified;;13/01/2026;15.787.694;-89.847.944;15.787694, -89.847944;GTM;Guatemala;Alta Verapaz;Fray Bartolomé de las Casas;1-Fully Verified;
PO1000004002;GRUPO HAME;REFORESTADORA DE PALMA DEL PETEN S.A. (REPSA);REPSA II;RSPO Certified;RSPO Certified, IP;13/01/2026;161.397;-901.658;16.1397, -90.1658;GTM;Guatemala;Petén;Sayaxché;2-High Confidence;
PO1000004003;UNKNOWN;PALMERAS SANTANA LTDA;PALMERAS SANTANA LTDA;RSPO Certified;RSPO Certified, IP, MB;13/01/2026;4.564.131;-72.907.618;4.564131, -72.907618;COL;Colombia;Casanare;Villanueva;1-Fully Verified;
PO1000004004;GRUPO JAREMAR;AGROINDUSTRIAL PALMA REAL S.A. DE C.V.;AGROINDUSTRIAL PALMA REAL S.A. DE C.V. (AGROPALMA);Not RSPO Certified;;13/01/2026;1.584.883.056;-85.875.536;15.84883056, -85.875536;HND;Honduras;Colón;Trujillo;1-Fully Verified;
PO1000004005;C.I BIOCOSTA S.A;EXTRACTORA CUSIANA LTDA;EXTRACTORA CUSIANA LTDA;Not RSPO Certified;;13/01/2026;4.595.056;-72.827.423;4.595056, -72.827423;COL;Colombia;Casanare;Villanueva;2-High Confidence;
PO1000004006;CORPORACION INDUSTRIAL DE SULA S.A. (COINSU);CORPORACION INDUSTRIAL DE SULA (COINSU);CORPORACION INDUSTRIAL DE SULA (COINSU);Not RSPO Certified;;13/01/2026;15.743.222;-87.887.944;15.743222, -87.887944;HND;Honduras;Cortés;Choloma;1-Fully Verified;
PO1000004007;MANUELITA;PALMAR DE ALTAMIRA S.A.S.;PALMAR DE ALTAMIRA S.A.S.;RSPO Certified;RSPO Certified, IP, MB;13/01/2026;4.750.511;-71.682.461;4.750511, -71.682461;COL;Colombia;Casanare;Orocué;1-Fully Verified;
PO1000004008;UNKNOWN;PALMEROS DE AGUAN S.A.  (PALMASA);PALMEROS DE AGUAN S.A. (PALMASA);RSPO Certified;RSPO Certified, MB;13/01/2026;15.761.267;-85.768.067;15.761267, -85.768067;HND;Honduras;Colón;Bonito Oriental;1-Fully Verified;
PO1000004009;DINANT;EXPORTADORA DEL ATLANTICO (DINANT);PLANTA EXTRACTORA AGUAN;Not RSPO Certified;;13/01/2026;15.728;-85.857.472;15.728, -85.857472;HND;Honduras;Colón;Tocoa;1-Fully Verified;
PO1000004010;UNKNOWN;EXTRACTORA CENTRAL S.A.;EXTRACTORA CENTRAL S.A.;Not RSPO Certified;;13/01/2026;7.284;-736.218;7.284, -73.6218;COL;Colombia;Santander;Sabana de Torres;1-Fully Verified;
PO1000004011;DINANT;EXPORTADORA DEL ATLANTICO (DINANT);PLANTA EXTRACTORA LEAN;Not RSPO Certified;;13/01/2026;15.598.056;-87.393.333;15.598056, -87.393333;HND;Honduras;Atlántida;Arizona;1-Fully Verified;
PO1000004012;SACEITES;EXTRACTORA MONTERREY  S.A.;EXTRACTORA MONTERREY  S.A.;RSPO Certified;RSPO Certified, IP, MB;13/01/2026;729.856;-7.388.373;7.29856, -73.88373;COL;Colombia;Santander;Puerto Wilches;1-Fully Verified;
PO1000004013;UNKNOWN;SPO AGRO INDUSTRIES;SPO AGRO INDUSTRIES;Not RSPO Certified;;13/01/2026;85.199;99.228;8.5199, 99.228;THA;Thailand;Surat Thani;Prasaeng;1-Fully Verified;
PO1000004014;UNKNOWN;PALMERAS DE PUERTO WILCHES S.A.;PALMERAS DE PUERTO WILCHES S.A.;RSPO Certified;RSPO Certified, MB;13/01/2026;7.339.056;-73.837.389;7.339056, -73.837389;COL;Colombia;Santander;Puerto Wilches;1-Fully Verified;
PO1000004015;UNKNOWN;SAENGSIRI AGRO?INDUSTRIES CO. LTD;SAENGSIRI AGRO?INDUSTRIES CO. LTD;Not RSPO Certified;;13/01/2026;90.844;994.285;9.0844, 99.4285;THA;Thailand;Surat Thani;Kanchanadit;1-Fully Verified;
PO1000004016;UNKNOWN;EXTRACTORA VIZCAYAS S.A.S.;EXTRACTORA VIZCAYAS S.A.S.;Not RSPO Certified;;13/01/2026;7.575.389;-73.950.528;7.575389, -73.950528;COL;Colombia;Bolívar;Simití;2-High Confidence;
PO1000004017;MERCASID;INDUSPALMA DOMINICANA SA;INDUSPALMA DOMINICANA;Not RSPO Certified;;13/01/2026;187.254;-697.641;18.7254, -69.7641;DOM;Dominican Republic;Monte Plata;Monte Plata;1-Fully Verified;
PO1000004018;UNKNOWN;COOPERATIVA DE PRODUCTORES DE PALMA ACEITERA DE CHIRIQUÍ;COOPEMAPACHI;Not RSPO Certified;;13/01/2026;84.433;-828.505;8.4433, -82.8505;PAN;Panama;Chiriquí;Barú;1-Fully Verified;
PO1000004019;C.I BIOCOSTA S.A;COOPERATIVA PALMAS DE RISARALDA LTDA;COOPAR LTDA;Not RSPO Certified;;13/01/2026;820.255;-72.548.675;8.20255, -72.548675;COL;Colombia;Norte de Santander;San José de Cúcuta;1-Fully Verified;
PO1000004020;GRUPO PALMAS / PALMAS DEL ESPINO;INDUSTRIAS DEL ESPINO SA;EXTRACTORA PALMAWASI;Not RSPO Certified;;13/01/2026;-8.335;-764.911;-8.335, -76.4911;PER;Peru;San Martín;Tocache;1-Fully Verified;
PO1000004025;C.I BIOCOSTA S.A;PALMAGRO S.A.;PALMAGRO;Not RSPO Certified;;13/01/2026;96.514;-7.356.629;9.6514, -73.56629;COL;Colombia;Cesar;Agustín Codazzi;1-Fully Verified;PALMAGRO
PO1000004026;UNKNOWN;EXTRACTORA SICARARE LTDA;EXTRACTORA SICARARE LTDA;RSPO Certified;RSPO Certified, IP, MB;13/01/2026;9.931.944;-73.262.494;9.931944, -73.262494;COL;Colombia;Cesar;Agustín Codazzi;1-Fully Verified;
PO1000004027;C.I BIOCOSTA S.A;PALMARIGUANI S.A;PALMARIGUANI S.A;Not RSPO Certified;;13/01/2026;9.936;-7.394.405;9.936, -73.94405;COL;Colombia;Cesar;Bosconia;1-Fully Verified;
PO1000004029;UNKNOWN;PALMACEITE S.A.;PALMACEITE S.A.;Not RSPO Certified;;13/01/2026;106.189;-741.689;10.6189, -74.1689;COL;Colombia;Magdalena;Ciénaga;1-Fully Verified;
PO1000004030;FAMAR S.A.;EL ROBLE S.A;EXTRACTORA EL ROBLE S.A.;Not RSPO Certified;;13/01/2026;10.671;-74.215.165;10.671, -74.215165;COL;Colombia;Magdalena;Ciénaga;1-Fully Verified;
PO1000004031;EXTRACTORA FRUPALMA S.A.;FRUPALMA S.A;FRUPALMA S.A;Not RSPO Certified;;13/01/2026;1.070.444;-74.194.826;10.70444, -74.194826;COL;Colombia;Magdalena;Ciénaga;1-Fully Verified;
PO1000004032;C.I BIOCOSTA S.A;PALMAS OLEAGINOSAS DEL MAGDALENA LTDA (PALDEMA);PALMAS OLEAGINOSAS DEL MAGDALENA LTDA (PALDEMA, PADELMA);Not RSPO Certified;;13/01/2026;10.722.222;-74.2;10.722222, -74.2;COL;Colombia;Magdalena;Ciénaga;1-Fully Verified;
PO1000004033;UNKNOWN;EXTRACTORA LA BELLA S.A.S.;EXTRACTORA LA BELLA S.A.S.;Not RSPO Certified;;13/01/2026;10.770.736;-74.177.983;10.770736, -74.177983;COL;Colombia;Magdalena;Ciénaga;1-Fully Verified;
PO1000004034;GRADESA S.A.;GRASAS Y DERIVADOS S.A. (GRADESA);GRADESA S.A.;Not RSPO Certified;;13/01/2026;11.002;-74.218.628;11.002, -74.218628;COL;Colombia;Magdalena;Ciénaga;1-Fully Verified;
PO1000004055;MEDCO AGRO;KRIYA SWARNA PUBIAN;KRIYA SWARNA PUBIAN;Not RSPO Certified;;13/01/2026;-50.637;104.876.633;-5.0637, 104.876633;IDN;Indonesia;Lampung;Lampung Tengah;1-Fully Verified;
PO1000004056;MAKIN;WAHANA KARYA MANDIRI KAHURIPAN;BUNGA MAYANG;Not RSPO Certified;;13/01/2026;-4.471.586;104.255.916;-4.471586, 104.255916;IDN;Indonesia;Sumatera Selatan;Ogan Komering Ulu Timur;1-Fully Verified;
PO1000004057;TORGANDA;DAMAI JAYA LESTARI;DAMAI JAYA LESTARI;Not RSPO Certified;;13/01/2026;-4.415.616;121.640.221;-4.415616, 121.640221;IDN;Indonesia;Sulawesi Tenggara;Kolaka;1-Fully Verified;
PO1000004059;TRINITY INTERLINK;SINAR BENGKULU SELATAN;SINAR BENGKULU SELATAN;Not RSPO Certified;;13/01/2026;-43.782;1.028.406;-4.3782, 102.8406;IDN;Indonesia;Bengkulu;Bengkulu Selatan;1-Fully Verified;
PO1000004060;SINAR JAYA AGRO INVESTAMA (SJAI);MENGGALA SAWITINDO;MENGGALA SAWITINDO;Not RSPO Certified;;13/01/2026;-4.350.847;105.270.936;-4.350847, 105.270936;IDN;Indonesia;Lampung;Tulangbawang;1-Fully Verified;
PO1000004061;PTPN III;PERKEBUNAN NUSANTARA VII;UNIT TALO PINO;Not RSPO Certified;;13/01/2026;-42.467.079;102.712.486;-4.2467079, 102.712486;IDN;Indonesia;Bengkulu;Seluma;1-Fully Verified;
PO1000004063;UNKNOWN;SURYA UTAMA NABATI;SURYA UTAMA NABATI;Not RSPO Certified;;13/01/2026;-4.188.889;105.220.556;-4.188889, 105.220556;IDN;Indonesia;Lampung;Tulang Bawang Barat;1-Fully Verified;
PO1000004064;TUDUNG;GARUDA BUMI PERKASA;GARUDA BUMI PERKASA;Not RSPO Certified;;13/01/2026;-40.299;1.051.588;-4.0299, 105.1588;IDN;Indonesia;Lampung;Mesuji;1-Fully Verified;
PO1000004065;RAJAWALI NUSANTARA INDONESIA (RNI);MITRA OGAN;PKS I;Not RSPO Certified;;13/01/2026;-3.896.472;1.043.545;-3.896472, 104.3545;IDN;Indonesia;Sumatera Selatan;Ogan Komering Ulu;1-Fully Verified;
PO1000004066;PTPN III;PERKEBUNAN NUSANTARA XIII;PELAIHARI;Not RSPO Certified;;13/01/2026;-3.725.467;114.786.267;-3.725467, 114.786267;IDN;Indonesia;Kalimantan Selatan;Tanah Laut;1-Fully Verified;
PO1000004067;UNKNOWN;SAWIT MULIA;SAWIT MULIA;Not RSPO Certified;;13/01/2026;-3.634.526;102.212.235;-3.634526, 102.212235;IDN;Indonesia;Bengkulu;Bengkulu Tengah;1-Fully Verified;
PO1000004068;SINAR MAS;SAWIT MAS SEJAHTERA;SUNGAI KIKIM;RSPO Certified;RSPO Certified, MB;13/01/2026;-3.633.013;103.219.098;-3.633013, 103.219098;IDN;Indonesia;Sumatera Selatan;Lahat;1-Fully Verified;
PO1000004070;EAGLE HIGH PLANTATIONS;SURYABUMI TUNGGAL PERKASA;BATU BULAN;Not RSPO Certified;;13/01/2026;-3.337.111;115.771;-3.337111, 115.771;IDN;Indonesia;Kalimantan Selatan;Tanah Bumbu;1-Fully Verified;
PO1000004072;UNKNOWN;AGRICINAL;AGRICINAL;Not RSPO Certified;;13/01/2026;-3.200.972;101.630.139;-3.200972, 101.630139;IDN;Indonesia;Bengkulu;Bengkulu Utara;1-Fully Verified;
PO1000004075;UNKNOWN;KARYA INDO SEJATITAMA;KARYA INDO SEJATITAMA;Not RSPO Certified;;13/01/2026;-2.997.939;102.787.836;-2.997939, 102.787836;IDN;Indonesia;Sumatera Selatan;Musi Rawas;1-Fully Verified;
PO1000004077;LONSUM;PERUSAHAAN PERKEBUNAN LONDON SUMATRA INDONESIA;GUNUNG BAIS;Not RSPO Certified;;13/01/2026;-2.975.465;103.341.777;-2.975465, 103.341777;IDN;Indonesia;Sumatera Selatan;Musi Rawas;1-Fully Verified;
PO1000004078;SUPERVENTURE;BUMI MENTARI KARYA;BUMI MENTARI KARYA;Not RSPO Certified;;13/01/2026;-287.559;101.423.755;-2.87559, 101.423755;IDN;Indonesia;Bengkulu;Mukomuko;1-Fully Verified;
PO1000004080;META EPSI;ANDIRA AGRO;ANDIRA AGRO;Not RSPO Certified;;13/01/2026;-27.866;1.050.989;-2.7866 , 105.0989;IDN;Indonesia;Sumatera Selatan;Ogan Komering Ilir;1-Fully Verified;
PO1000004081;WIDYA;DARIA DHARMA PRATAMA;LUBUK BENTO;Not RSPO Certified;;13/01/2026;-2.793.707;101.402.522;-2.793707, 101.402522;IDN;Indonesia;Bengkulu;Mukomuko;1-Fully Verified;
PO1000004082;GAMA PLANTATIONS;SWADAYA INDOPALMA;SWADAYA INDOPALMA;Not RSPO Certified;;13/01/2026;-2.765.881;10.463.151;-2.765881, 104.63151;IDN;Indonesia;Sumatera Selatan;Banyu Asin;1-Fully Verified;
PO1000004083;UNITED PLANTATIONS;UNITED PLANTATIONS BHD;LADA;RSPO Certified;RSPO Certified, MB;13/01/2026;-2.590.899;111.772.559;-2.590899, 111.772559;IDN;Indonesia;Kalimantan Tengah;Kotawaringin Barat;1-Fully Verified;
PO1000004084;CAPELLA;SWARNA NUSA SENTOSA;SWARNA NUSA SENTOSA;Not RSPO Certified;;13/01/2026;-2.482.539;106.076.744;-2.482539, 106.076744;IDN;Indonesia;Bangka Belitung;Bangka Tengah;1-Fully Verified;
PO1000004085;WIDYA;DARIA DHARMA PRATAMA;IPUH;Not RSPO Certified;;13/01/2026;-2.980.764;101.506.734;-2.980764, 101.506734;IDN;Indonesia;Bengkulu;Mukomuko;1-Fully Verified;
PO1000004089;SINAR MAS;KRESNA DUTA AGROINDO;PELAKAR;RSPO Certified;RSPO Certified, MB;13/01/2026;-2.185.278;102.642.222;-2.185278, 102.642222;IDN;Indonesia;Jambi;Sarolangun;2-High Confidence;
PO1000004090;LAMBANG JAYA;LAMBANG SAWIT PERKASA;LAMBANG SAWIT PERKASA;Not RSPO Certified;;13/01/2026;-2.223.756;102.480.456;-2.223756, 102.480456;IDN;Indonesia;Jambi;Sarolangun;1-Fully Verified;SABANG SAWIT NUSANTARA
PO1000004092;PADASA ENAM UTAMA;MULTI MAKMUR MITRA ALAM;MULTI MAKMUR MITRA ALAM;Not RSPO Certified;;13/01/2026;-2.150.817;116.083.859;-2.150817, 116.083859;IDN;Indonesia;Kalimantan Timur;Paser;1-Fully Verified;PASER
PO1000004093;ASTRA AGRO LESTARI;AGRO NUSA ABADI;AGRO NUSA ABADI;Not RSPO Certified;;13/01/2026;-2.129.894;121.484.959;-2.129894, 121.484959;IDN;Indonesia;Sulawesi Tengah;Morowali;1-Fully Verified;
PO1000004094;MENTARI;GRAHACIPTA BANGKOJAYA;GRAHA CIPTA BANGKO JAYA;Not RSPO Certified;;13/01/2026;-20.852.778;102.436.472;-2.0852778, 102.436472;IDN;Indonesia;Jambi;Merangin;1-Fully Verified;
PO1000004096;ASTRA AGRO LESTARI;BORNEO INDAH MARJAYA;BORNEO INDAH MARJAYA;Not RSPO Certified;;13/01/2026;-2.033.198;116.401.023;-2.033198, 116.401023;IDN;Indonesia;Kalimantan Timur;Paser;2-High Confidence;
PO1000004098;CITRA BORNEO INDAH (CBI);TANJUNG SAWIT ABADI;TANJUNG SAWIT ABADI;RSPO Certified;RSPO Certified, MB;13/01/2026;-1.911.694;111.599.406;-1.911694, 111.599406;IDN;Indonesia;Kalimantan Tengah;Lamandau;1-Fully Verified;
PO1000004100;INCASI RAYA (GUNAS);MEGASAWINDO PERKASA;MEGASAWINDO PERKASA;Not RSPO Certified;;13/01/2026;-16.843;1.022.347;-1.6843, 102.2347;IDN;Indonesia;Jambi;Bungo;1-Fully Verified;
PO1000004101;BAKRIE;SUMBERTAMA NUSAPERTIWI;SUMBERTAMA NUSA PERTIWI;Not RSPO Certified;;13/01/2026;-16.804;103.799.883;-1.6804, 103.799883;IDN;Indonesia;Jambi;Muaro Jambi;1-Fully Verified;
PO1000004102;EAGLE HIGH PLANTATIONS;ADHYAKSA DHARMA SATYA;ADHYAKSA DHARMA SATYA;Not RSPO Certified;;13/01/2026;-1.588.931;112.861.883;-1.588931, 112.861883;IDN;Indonesia;Kalimantan Tengah;Kotawaringin Timur;1-Fully Verified;
PO1000004103;UNKNOWN;ERASAKTI WIRA FORESTAMA;ERASAKTI WIRA FORESTAMA 1;Not RSPO Certified;;13/01/2026;-1.529.469;103.726.249;-1.529469, 103.726249;IDN;Indonesia;Jambi;Muaro Jambi;1-Fully Verified;
PO1000004104;TIRTA MAS MAJUTAMA;TIDAR KERINCI AGUNG;TIDAR KERINCI AGUNG;Not RSPO Certified;;13/01/2026;-152.085;101.553.368;-1.52085, 101.553368;IDN;Indonesia;Sumatera Barat;Dharmasraya;1-Fully Verified;
PO1000004105;UNKNOWN;TEBO PLASMA INTILESTARI;TEBO PLASMA INTILESTARI;Not RSPO Certified;;13/01/2026;-1.444.739;102.537.288;-1.444739, 102.537288;IDN;Indonesia;Jambi;Tebo;1-Fully Verified;
PO1000004106;UNKNOWN;KURNIA LUWUK SEJATI;TOILI;Not RSPO Certified;;13/01/2026;-1.359.017;122.307.176;-1.359017, 122.307176;IDN;Indonesia;Sulawesi Tengah;Banggai;1-Fully Verified;
PO1000004107;TRIPUTRA AGRO PERSADA;MUARATOYU SUBUR LESTARI;MUARATOYU SUBUR LESTARI;Not RSPO Certified;;13/01/2026;-1.351.767;116.382.913;-1.351767, 116.382913;IDN;Indonesia;Kalimantan Timur;Penajam Paser Utara;1-Fully Verified;
PO1000004109;ASTRA AGRO LESTARI;LETAWA;LETAWA;Not RSPO Certified;;13/01/2026;-1.332.133;11.942.824;-1.332133, 119.42824;IDN;Indonesia;Sulawesi Barat;Mamuju Utara;1-Fully Verified;
PO1000004110;UNKNOWN;MITRA SAWIT JAMBI;MITRA SAWIT JAMBI;Not RSPO Certified;;13/01/2026;-1.316.889;103.086.833;-1.316889, 103.086833;IDN;Indonesia;Jambi;Tanjung Jabung B;1-Fully Verified;
PO1000004111;METRO;CITRAKOPRASINDO TANI;CITRAKOPRASINDO TANI;Not RSPO Certified;;13/01/2026;-1.295.921;103.143.637;-1.295921, 103.143637;IDN;Indonesia;Jambi;Tanjung Jabung B;1-Fully Verified;
PO1000004112;UNKNOWN;RUDY AGUNG AGRA LAKSANA;RAAL;Not RSPO Certified;;13/01/2026;-1.276.208;103.248.727;-1.276208, 103.248727;IDN;Indonesia;Jambi;Tanjung Jabung B;1-Fully Verified;
PO1000004113;ASTRA AGRO LESTARI;PASANGKAYU;PASANGKAYU;Not RSPO Certified;;13/01/2026;-1.222.355;119.472.451;-1.222355, 119.472451;IDN;Indonesia;Sulawesi Barat;Mamuju Utara;1-Fully Verified;
PO1000004114;INCASI RAYA (GUNAS);TRANSCO PRATAMA;TRANSCO PRATAMA;Not RSPO Certified;;13/01/2026;-1.178.455;101.722.335;-1.178455, 101.722335;IDN;Indonesia;Sumatera Barat;Dharmasraya;1-Fully Verified;
PO1000004116;MAKIN;ANTANG GANDA UTAMA;BUTONG;RSPO Certified;RSPO Certified, MB;13/01/2026;-1.115.694;114.887.194;-1.115694, 114.887194;IDN;Indonesia;Kalimantan Tengah;Barito Utara;1-Fully Verified;
PO1000004117;UNKNOWN;NIRMALA ABDI DAMAI;SEI AKAR;Not RSPO Certified;;13/01/2026;-0.792917;1.025.963;-0.792917, 102.5963;IDN;Indonesia;Riau;Indragiri Hulu;1-Fully Verified;
PO1000004119;SARIMAS;PT. KARYA TAMA BAKTI MULIA;PT. KARYA TAMA BAKTI MULIA;Not RSPO Certified;;13/01/2026;-0.7282;1.016.399;-0.7282, 101.6399;IDN;Indonesia;Riau;Kuantan Singingi;2-High Confidence;
PO1000004121;TSH RESOURCES;FARINDA BERSAUDARA;FARINDA BERSAUDARA;Not RSPO Certified;;13/01/2026;-0.695892;116.261.869;-0.695892, 116.261869;IDN;Indonesia;Kalimantan Timur;Kutai Barat;1-Fully Verified;
PO1000004125;UNKNOWN;PRIMA PALM LATEX INDUSTRI;PRIMA PALM LATEX INDUSTRI;Not RSPO Certified;;13/01/2026;278.305;99.253.967;2.78305, 99.253967;IDN;Indonesia;Sumatera Utara;Asahan;1-Fully Verified;
PO1000004126;MAHKOTA;KARYA MITRA ANDALAN;KARYA MITRA ANDALAN;Not RSPO Certified;;13/01/2026;278.457;9.961.819;2.78457, 99.61819;IDN;Indonesia;Sumatera Utara;Asahan;1-Fully Verified;
PO1000004127;SIPEF;DENDY MARKER INDAH LESTARI;DENDYMARKER;RSPO Certified;RSPO Certified, MB;13/01/2026;-2.795.033;102.944.683;-2.795033, 102.944683;IDN;Indonesia;Sumatera Selatan;Musi Rawas;1-Fully Verified;
PO1000004128;SAMSUNG;INECDA PLANTATIONS;INECDA;RSPO Certified;RSPO Certified, IP, MB;13/01/2026;-0.49318;102.367.555;-0.49318, 102.367555;IDN;Indonesia;Riau;Indragiri Hulu;1-Fully Verified;
PO1000004129;UNKNOWN;SAWITA INTER PERKASA;SAWITA INTER PERKASA;Not RSPO Certified;;13/01/2026;2.799;99.441.617;2.799, 99.441617;IDN;Indonesia;Sumatera Utara;Asahan;1-Fully Verified;
PO1000004130;UNKNOWN;SWAKARSA SAWIT RAYA;SWAKARSA SAWIT RAYA;Not RSPO Certified;;13/01/2026;-0.48911;102.479.086;-0.48911, 102.479086;IDN;Indonesia;Riau;Indragiri Hulu;1-Fully Verified;
PO1000004131;LONSUM;PERUSAHAAN PERKEBUNAN LONDON SUMATRA INDONESIA;PAHU MAKMUR;Not RSPO Certified;;13/01/2026;-0.598324;1.161.398;-0.598324, 116.1398;IDN;Indonesia;Kalimantan Timur;Kutai Barat;1-Fully Verified;
PO1000004132;SINAR MAS;SINAR KENCANA INTI PERKASA;SENAKIN;Not RSPO Certified;;13/01/2026;-2.807.667;116.186.301;-2.807667, 116.186301;IDN;Indonesia;Kalimantan Selatan;Kota Baru;1-Fully Verified;
PO1000004133;LONSUM;PERUSAHAAN PERKEBUNAN LONDON SUMATRA INDONESIA;SEI LAKITAN;Not RSPO Certified;;13/01/2026;-2.832.833;103.129.317;-2.832833, 103.129317;IDN;Indonesia;Sumatera Selatan;Musi Rawas;1-Fully Verified;
PO1000004134;PTPN III;PERKEBUNAN NUSANTARA IV;BERANGIR;RSPO Certified;RSPO Certified, MB;13/01/2026;22.247.222;99.760.278;2.2247222, 99.760278;IDN;Indonesia;Sumatera Utara;Labuhanbatu Utara;1-Fully Verified;
PO1000004135;UNKNOWN;PINANG WITMAS SEJATI;PINANG WITMAS SEJATI;RSPO Certified;RSPO Certified, IP, MB;13/01/2026;-2.221.933;1.041.768;-2.221933, 104.1768;IDN;Indonesia;Sumatera Selatan;Musi Banyuasin;1-Fully Verified;
PO1000004136;LYMAN AGRO;SINAR DINAMIKA KAPUAS;SINAR DINAMIKA KAPUAS;Not RSPO Certified;;13/01/2026;-0.309167;111.596.767;-0.309167, 111.596767;IDN;Indonesia;Kalimantan Barat;Melawi;2-High Confidence;
PO1000004137;SUNGAI BUDI;SERBA HUTA JAYA;SERBA HUTA JAYA;Not RSPO Certified;;13/01/2026;2.222.889;99.934.639;2.222889, 99.934639;IDN;Indonesia;Sumatera Utara;Labuhanbatu Utara;1-Fully Verified;
PO1000004138;SAMSUNG;GANDAERAH HENDANA;GANDAERAH HENDANA;RSPO Certified;RSPO Certified, IP, MB;13/01/2026;-0.156038;10.220.624;-0.156038, 102.20624;IDN;Indonesia;Riau;Pelalawan;1-Fully Verified;
PO1000004139;UNKNOWN;ANUGRAH DJAM SAWIT LESTARI;ANUGRAH DJAM SAWIT LESTARI;Not RSPO Certified;;13/01/2026;-2.848.567;10.426.545;-2.848567, 104.26545;IDN;Indonesia;Sumatera Selatan;Banyu Asin;1-Fully Verified;
PO1000004141;UMADA;UMADA;UMADA;Not RSPO Certified;;13/01/2026;223.425;99.789.117;2.23425, 99.789117;IDN;Indonesia;Sumatera Utara;Labuhanbatu Utara;1-Fully Verified;
PO1000004142;PADASA ENAM UTAMA;INTERNUSA PRIMA MAKMUR;TELUK DALAM;Not RSPO Certified;;13/01/2026;2.852.254;99.673.624;2.852254, 99.673624;IDN;Indonesia;Sumatera Utara;Asahan;1-Fully Verified;
PO1000004149;DUPONT & LEOSK ENTERPRISES;SINTONG ABADI;SINTONG ABADI;Not RSPO Certified;;13/01/2026;29.239;99.707.367;2.9239, 99.707367;IDN;Indonesia;Sumatera Utara;Asahan;1-Fully Verified;
PO1000004150;WILMAR GROUP;KARUNIA KENCANA PERMAI SEJATI;KARUNIA KENCANA PERMAI SEJATI;RSPO Certified;RSPO Certified, IP;13/01/2026;-223.985;11.263.045;-2.23985, 112.63045;IDN;Indonesia;Kalimantan Tengah;Kotawaringin Timur;2-High Confidence;
PO1000004153;CISADANE RAYA;CISADANE SAWIT RAYA;CISADANE SAWIT RAYA;Not RSPO Certified;;13/01/2026;2.242.982;100.191.747;2.242982, 100.191747;IDN;Indonesia;Sumatera Utara;Labuhanbatu;1-Fully Verified;
PO1000004154;BBIP PALM;FLORA WAHANA TIRTA;FLORA WAHANA TIRTA;Not RSPO Certified;;13/01/2026;0.134774;101.267.236;0.134774, 101.267236;IDN;Indonesia;Riau;Kampar;2-High Confidence;
PO1000004155;IBRIS PALM;DELIMA MAKMUR;DELIMA MAKMUR;Not RSPO Certified;;13/01/2026;224.508;9.802.851;2.24508, 98.02851;IDN;Indonesia;Aceh;Aceh Singkil;1-Fully Verified;LAE TANGGA
PO1000004156;ASTRA AGRO LESTARI;SURYARAYA LESTARI;SURYARAYA LESTARI 2;Not RSPO Certified;;13/01/2026;-21.151.333;1.192.570.917;-2.1151333, 119.2570917;IDN;Indonesia;Sulawesi Barat;Mamuju;1-Fully Verified;
PO1000004157;ROYAL GOLDEN EAGLE;MITRA UNGGUL PUSAKA;SEGATI;RSPO Certified;RSPO Certified, IP, MB;13/01/2026;0.141389;1.016.466.667;0.141389, 101.6466667;IDN;Indonesia;Riau;Pelalawan;2-High Confidence;
PO1000004158;CARGILL;POLIPLANT SEJAHTERA;SIRIHAM;RSPO Certified;RSPO Certified, IP, MB;13/01/2026;-228.375;110.868.267;-2.28375, 110.868267;IDN;Indonesia;Kalimantan Barat;Ketapang;2-High Confidence;
PO1000004159;UNKNOWN;SURYA BRATASENA PLANTATION;SEI NILO;Not RSPO Certified;;13/01/2026;0.1510556;101.975.056;0.1510556, 101.975056;IDN;Indonesia;Riau;Pelalawan;2-High Confidence;
PO1000004160;FIRST RESOURCES;CILIANDRA PERKASA;CILIANDRA PERKASA;Not RSPO Certified;;13/01/2026;0.1621;1.010.549;0.1621, 101.0549;IDN;Indonesia;Riau;Kampar;1-Fully Verified;
PO1000004161;MERBAUJAYA INDAHRAYA;MERBAUJAYA INDAHRAYA;MERBAUJAYA INDAHRAYA;Not RSPO Certified;;13/01/2026;2.283.883;997.803;2.283883, 99.7803;IDN;Indonesia;Sumatera Utara;Labuhanbatu Utara;1-Fully Verified;
PO1000004162;HPI-AGRO (DJARUM);PENITI SUNGAI PURUN;ENGGANG;Not RSPO Certified;;13/01/2026;0.2998;1.091.754;0.2998, 109.1754;IDN;Indonesia;Kalimantan Barat;Pontianak;1-Fully Verified;
PO1000004163;KALIMANTAN SAWIT KUSUMA (KSK);KALIMANTAN SAWIT KUSUMA;KALIMANTAN SAWIT KUSUMA;Not RSPO Certified;;13/01/2026;-2.293.505;111.166.972;-2.293505, 111.166972;IDN;Indonesia;Kalimantan Tengah;Sukamara;1-Fully Verified;
PO1000004164;PROVIDENT AGRO;LANGGAM INTI HIBRINDO;LANGGAM INTI HIBRINDO;Not RSPO Certified;;13/01/2026;0.303622;101.904.783;0.303622, 101.904783;IDN;Indonesia;Riau;Pelalawan;1-Fully Verified;
PO1000004165;ASTRA AGRO LESTARI;GUNUNG SEJAHTERA DUA INDAH;GUNUNG SEJAHTERA DUA INDAH;Not RSPO Certified;;13/01/2026;-230.085;111.837.333;-2.30085, 111.837333;IDN;Indonesia;Kalimantan Tengah;Kotawaringin Barat;1-Fully Verified;
PO1000004167;ASTRA AGRO LESTARI;PERKEBUNAN LEMBAH BHAKTI;PERKEBUNAN LEMBAH BHAKTI 1;Not RSPO Certified;;13/01/2026;2.314.164;97.995.719;2.314164, 97.995719;IDN;Indonesia;Aceh;Aceh Singkil;1-Fully Verified;
PO1000004168;PADASA ENAM UTAMA;PADASA ENAM UTAMA;KOTO KAMPAR;Not RSPO Certified;;13/01/2026;0.39647222;100.613.167;0.39647222, 100.613167;IDN;Indonesia;Riau;Kampar;1-Fully Verified;
PO1000004169;INCASI RAYA (GUNAS);SUMATERA JAYA AGRO LESTARI;SILAUT;Not RSPO Certified;;13/01/2026;-2.330.883;100.995.267;-2.330883, 100.995267;IDN;Indonesia;Sumatera Barat;Pesisir Selatan;2-High Confidence;
PO1000004171;UNION SAMPOERNA TRIPUTRA PERSADA (USTP);PT. HHK SUNGAI BILA ESTATE;PT. HHK SUNGAI BILA ESTATE;Not RSPO Certified;;13/01/2026;-23.333;111.281.083;-2.3333, 111.281083;IDN;Indonesia;Kalimantan Tengah;Sukamara;2-High Confidence;
PO1000004172;UNKNOWN;MULTI PALMA SEJAHTERA;SI KIJANG;Not RSPO Certified;;13/01/2026;0.414389;10.166.675;0.414389, 101.66675;IDN;Indonesia;Riau;Pelalawan;1-Fully Verified;
PO1000004173;UNKNOWN;SAWITA UNGGUL JAYA;SAWITTA UNGGUL JAYA;Not RSPO Certified;;13/01/2026;233.347;10.009.947;2.33347, 100.09947;IDN;Indonesia;Sumatera Utara;Labuhanbatu;1-Fully Verified;
PO1000004175;DAYA SEMESTA AGRO PERSADA (DSAP);DAYA SEMESTA AGRO PERSADA;DAYA SEMESTA AGRO PERSADA;Not RSPO Certified;;13/01/2026;-2.963.908;104.917.801;-2.963908, 104.917801;IDN;Indonesia;Sumatera Selatan;Banyu Asin;1-Fully Verified;
PO1000004176;ASTRA AGRO LESTARI;GUNUNG SEJAHTERA PUTI PESONA;GUNUNG SEJAHTERA PUTI PESONA;Not RSPO Certified;;13/01/2026;-2.366.254;111.955.128;-2.366254, 111.955128;IDN;Indonesia;Kalimantan Tengah;Kotawaringin Barat;1-Fully Verified;
PO1000004177;LONSUM;PERUSAHAAN PERKEBUNAN LONDON SUMATRA INDONESIA;TERAWAS INDAH;Not RSPO Certified;;13/01/2026;-2.975.562;102.788.219;-2.975562, 102.788219;IDN;Indonesia;Sumatera Selatan;Musi Rawas;1-Fully Verified;
PO1000004178;UNKNOWN;SENTOSA MULIA BAHAGIA;SENTOSA MULIA BAHAGIA;Not RSPO Certified;;13/01/2026;-2.375.462;103.973.495;-2.375462, 103.973495;IDN;Indonesia;Sumatera Selatan;Musi Banyuasin;1-Fully Verified;
PO1000004179;ASTRA AGRO LESTARI;GUNUNG SEJAHTERA IBU PERTIWI;GUNUNG SEJAHTERA IBU PERTIWI;Not RSPO Certified;;13/01/2026;-2.38;111.79;-2.38, 111.79;IDN;Indonesia;Kalimantan Tengah;Kotawaringin Barat;1-Fully Verified;
PO1000004181;PTPN III;PERKEBUNAN NUSANTARA IV;BAH JAMBI;RSPO Certified;RSPO Certified, IP;13/01/2026;2.986.317;99.220.233;2.986317, 99.220233;IDN;Indonesia;Sumatera Utara;Simalungun;2-High Confidence;
PO1000004185;TORGANDA;TOR GANDA;TAHUAN GANDA;Not RSPO Certified;;13/01/2026;2.383.611;99.826.388;2.383611, 99.826388;IDN;Indonesia;Sumatera Utara;Labuhanbatu Utara;1-Fully Verified;
PO1000004188;HERFINTA;SAPTA SENTOSA JAYA ABADI;SAPTA SENTOSA JAYA ABADI;Not RSPO Certified;;13/01/2026;-238.565;101.162.717;-2.38565, 101.162717;IDN;Indonesia;Bengkulu;Mukomuko;1-Fully Verified;
PO1000004189;UNKNOWN;RAPI TEKNIK;RAPI TEKNIK;Not RSPO Certified;;13/01/2026;299.972;9.921.675;2.99972, 99.21675;IDN;Indonesia;Sumatera Utara;Simalungun;1-Fully Verified;
PO1000004190;SUPERVENTURE;FORTIUS AGRO ASIA;FORTIUS AGRO ASIA;Not RSPO Certified;;13/01/2026;0.477181;1.007.515.306;0.477181, 100.7515306;IDN;Indonesia;Riau;Rokan Hulu;1-Fully Verified;
PO1000004191;BUMITAMA GUNAJAYA AGRO (BGA);BUMITAMA GUNAJAYA ABADI;KOTAWARINGIN;Not RSPO Certified;;13/01/2026;-2.391.111;111.373.333;-2.391111, 111.373333;IDN;Indonesia;Kalimantan Tengah;Kotawaringin Barat;1-Fully Verified;
PO1000004192;MUSIRAWAS;MUSIRAWAS CITRA HARPINDO;MUSIRAWAS CITRAHARPINDO PKS 1;Not RSPO Certified;;13/01/2026;-239.805;11.222.479;-2.39805, 112.22479;IDN;Indonesia;Kalimantan Tengah;Seruyan;1-Fully Verified;
PO1000004194;KENCANA AGRI;ALAMRAYA KENCANA MAS;ALAM RAYA KENCANA MAS;Not RSPO Certified;;13/01/2026;-2.400.317;115.988.167;-2.400317, 115.988167;IDN;Indonesia;Kalimantan Selatan;Kota Baru;1-Fully Verified;
PO1000004195;PADASA ENAM UTAMA;PADASA ENAM UTAMA;KALIANTA 2;Not RSPO Certified;;13/01/2026;0.529028;100.776.972;0.529028, 100.776972;IDN;Indonesia;Riau;Kampar;1-Fully Verified;
PO1000004196;SINAR MAS;SINAR KENCANA INTI PERKASA;SUNGAI KUPANG;RSPO Certified;RSPO Certified, IP, MB;13/01/2026;-3.053.367;116.015.417;-3.053367, 116.015417;IDN;Indonesia;Kalimantan Selatan;Kota Baru;1-Fully Verified;
PO1000004197;UNKNOWN;NAFASINDO;NAFASINDO;Not RSPO Certified;;13/01/2026;243.594;9.791.529;2.43594, 97.91529;IDN;Indonesia;Aceh;Aceh Singkil;1-Fully Verified;
PO1000004198;UNKNOWN;INTI KARYA PLASMA PERKASA;INTI KARYA PLASMA PERKASA;Not RSPO Certified;;13/01/2026;0.544302;101.253.755;0.544302, 101.253755;IDN;Indonesia;Riau;Kampar;1-Fully Verified;
PO1000004200;INDAH;HUTA BAYU MARSADA;HUTA BAYU MARSADA;Not RSPO Certified;;13/01/2026;3.063.817;99.333.633;3.063817, 99.333633;IDN;Indonesia;Sumatera Utara;Simalungun;1-Fully Verified;
PO1000004202;PTPN III;PERKEBUNAN NUSANTARA IV;AJAMU-I;RSPO Certified;RSPO Certified, IP, MB;13/01/2026;2.457.183;10.016.065;2.457183, 100.16065;IDN;Indonesia;Sumatera Utara;Labuhanbatu;1-Fully Verified;
PO1000004203;UNKNOWN;HARKAT SEJAHTERA;HARKAT SEJAHTERA;Not RSPO Certified;;13/01/2026;3.065.017;99.428.267;3.065017, 99.428267;IDN;Indonesia;Sumatera Utara;Simalungun;1-Fully Verified;
PO1000004204;UNKNOWN;BUDI TANI KEMBANG JAYA;BUDI TANI KEMBANG JAYA;Not RSPO Certified;;13/01/2026;0.542767;101.579.856;0.542767, 101.579856;IDN;Indonesia;Riau;Siak;1-Fully Verified;
PO1000004205;DUPONT & LEOSK ENTERPRISES;KWALA INTAN SAWIT SELATAN;KWALA INTAN SAWIT SELATAN;Not RSPO Certified;;13/01/2026;2.464.104;9.963.821;2.464104, 99.63821;IDN;Indonesia;Sumatera Utara;Labuhanbatu Utara;1-Fully Verified;
PO1000004206;PTPN III;PERKEBUNAN NUSANTARA V;TERANTAM;RSPO Certified;RSPO Certified, MB;13/01/2026;0.578806;100.750.806;0.578806, 100.750806;IDN;Indonesia;Riau;Kampar;1-Fully Verified;
PO1000004207;UNKNOWN;MUTIARA ALAM LESTARI;MUTIARA ALAM LESTARI;Not RSPO Certified;;13/01/2026;-2.492.167;106.364.317;-2.492167, 106.364317;IDN;Indonesia;Bangka Belitung;Bangka Tengah;1-Fully Verified;
PO1000004208;PTPN III;PERKEBUNAN NUSANTARA IV;TINJOWAN;RSPO Certified;RSPO Certified, MB;13/01/2026;3.080.023;99.512.734;3.080023, 99.512734;IDN;Indonesia;Sumatera Utara;Simalungun;1-Fully Verified;
PO1000004210;SUPERVENTURE;CAHAYA CEMERLANG LESTARI;CAHAYA CEMERLANG LESTARI;Not RSPO Certified;;13/01/2026;-2.535.817;104.150.283;-2.535817, 104.150283;IDN;Indonesia;Sumatera Selatan;Banyu Asin;1-Fully Verified;
PO1000004213;UNKNOWN;PRIMA SAUHUR LESTARI;PRIMA SAUHUR LESTARI;Not RSPO Certified;;13/01/2026;3.083.042;99.301.816;3.083042, 99.301816;IDN;Indonesia;Sumatera Utara;Simalungun;1-Fully Verified;
PO1000004214;ASAM JAWA;SAPTA KARYA DAMAI;SAPTA KARYA DAMAI;Not RSPO Certified;;13/01/2026;-258.287;11.262.698;-2.58287, 112.62698;IDN;Indonesia;Kalimantan Tengah;Kotawaringin Timur;1-Fully Verified;
PO1000004215;ANGLO-EASTERN PLANTATION (AEP);ALNO AGRO UTAMA;SUMIDO;Not RSPO Certified;;13/01/2026;-313.275;1.018.766;-3.13275, 101.8766;IDN;Indonesia;Bengkulu;Bengkulu Utara;1-Fully Verified;
PO1000004216;FIRST RESOURCES;SURYA INTISARI RAYA;SURYA INTISARI RAYA;Not RSPO Certified;;13/01/2026;0.629583;1.015.685;0.629583, 101.5685;IDN;Indonesia;Riau;Pekanbaru;1-Fully Verified;
PO1000004217;BAKRIE;GRAHADURA LEIDONGPRIMA;LEIDONG MAKMUR;Not RSPO Certified;;13/01/2026;2.583.633;99.782.467;2.583633, 99.782467;IDN;Indonesia;Sumatera Utara;Labuhanbatu Utara;1-Fully Verified;
PO1000004218;UNKNOWN;AGUNG AGRO LESTARI;AGUNG AGRO LESTARI;Not RSPO Certified;;13/01/2026;2.541.258;9.988.067;2.541258, 99.88067;IDN;Indonesia;Sumatera Utara;Labuhanbatu Utara;1-Fully Verified;
PO1000004219;PTPN III;PERKEBUNAN NUSANTARA V;LUBUK DALAM;RSPO Certified;RSPO Certified, MB;13/01/2026;0.629944;101.779.556;0.629944, 101.779556;IDN;Indonesia;Riau;Siak;1-Fully Verified;
PO1000004223;WILMAR GROUP;MUSI BANYUASIN INDAH;SELABU;Not RSPO Certified;;13/01/2026;-2.627.033;103.818.533;-2.627033, 103.818533;IDN;Indonesia;Sumatera Selatan;Musi Banyuasin;1-Fully Verified;
PO1000004225;PTPN III;PERKEBUNAN NUSANTARA V;SEI BUATAN;RSPO Certified;RSPO Certified, MB;13/01/2026;0.6539;1.018.648;0.6539, 101.8648;IDN;Indonesia;Riau;Siak;1-Fully Verified;
PO1000004226;SAMPOERNA AGRO;SUNGAI RANGIT;SUNGAI RANGIT;RSPO Certified;RSPO Certified, MB;13/01/2026;-2.628.958;111.257.912;-2.628958, 111.257912;IDN;Indonesia;Kalimantan Tengah;Sukamara;1-Fully Verified;
PO1000004228;ASTRA AGRO LESTARI;SUBUR AGRO MAKMUR;SUBUR AGRO MAKMUR;Not RSPO Certified;;13/01/2026;-2.652.773;114.970.661;-2.652773, 114.970661;IDN;Indonesia;Kalimantan Selatan;Hulu Sungai Selatan;1-Fully Verified;
PO1000004230;UNKNOWN;SENTOSA SEJAHTERA SEJATI;SENTOSA SEJAHTERA SEJATI;Not RSPO Certified;;13/01/2026;-266.545;10.129.975;-2.66545, 101.29975;IDN;Indonesia;Bengkulu;Mukomuko;1-Fully Verified;
PO1000004231;FIRST RESOURCES;PT SUBUR ARUMMAKMUR;PT SUBUR ARUMMAKMUR;Not RSPO Certified;;13/01/2026;0.819333;1.008.875;0.819333, 100.8875;IDN;Indonesia;Riau;Kampar;1-Fully Verified;
PO1000004232;TIANJIN JULONG;GRAHA INTI JAYA;GRAHA INTI JAYA;Not RSPO Certified;;13/01/2026;-2.673.925;11.437.912;-2.673925, 114.379120;IDN;Indonesia;Kalimantan Tengah;Kapuas;1-Fully Verified;
PO1000004234;EAGLE HIGH PLANTATIONS;BUMI LANGGENG PERDANATRADA;BEDAUN;RSPO Certified;RSPO Certified, IP, MB;13/01/2026;-272.055;111.822.667;-2.72055, 111.822667;IDN;Indonesia;Kalimantan Tengah;Kotawaringin Barat;1-Fully Verified;
PO1000004236;UNKNOWN;PINAGO UTAMA;PINAGO UTAMA;Not RSPO Certified;;13/01/2026;-2.739.183;103.568.533;-2.739183, 103.568533;IDN;Indonesia;Sumatera Selatan;Musi Banyuasin;1-Fully Verified;
PO1000004238;UNION SAMPOERNA TRIPUTRA PERSADA (USTP);SALONOK LADANG MAS;SALONOK LADANG MAS;Not RSPO Certified;;13/01/2026;-2.754;112.437.383;-2.754, 112.437383;IDN;Indonesia;Kalimantan Tengah;Seruyan;1-Fully Verified;
PO1000004239;UNKNOWN;LIBO SAWIT PERKASA;LIBO SAWIT PERKASA;Not RSPO Certified;;13/01/2026;0.956278;101.140.528;0.956278, 101.140528;IDN;Indonesia;Riau;Siak;1-Fully Verified;
PO1000004240;UNKNOWN;SUMBER SAWIT JAYA LESTARI;SUMBER SAWIT JAYA LESTARI;Not RSPO Certified;;13/01/2026;2.761.504;99.958.939;2.761504, 99.958939;IDN;Indonesia;Sumatera Utara;Labuhanbatu Utara;1-Fully Verified;
PO1000004241;HUTAHAEAN;HUTAHAEAN;TELUK SONO;Not RSPO Certified;;13/01/2026;1.06;1.007.572;1.06, 100.7572;IDN;Indonesia;Riau;Rokan Hulu;1-Fully Verified;SONTANG
PO1000004242;DUTA MARGA;SAMUDERA SAWIT NABATI;SAMUDERA SAWIT NABATI;Not RSPO Certified;;13/01/2026;2.766.733;979.367;2.766733, 97.9367;IDN;Indonesia;Aceh;Subulussalam;1-Fully Verified;
PO1000004243;WILMAR GROUP;AGRINDO INDAH PERSADA;AGROINDO INDAH PERSADA 1;Not RSPO Certified;;13/01/2026;2.778.667;99.393.433;2.778667, 99.393433;IDN;Indonesia;Sumatera Utara;Asahan;1-Fully Verified;
PO1000004244;PERMATA HIJAU;PERMATA HIJAU SAWIT;PERMATA HIJAU SAWIT;RSPO Certified;RSPO Certified, MB;13/01/2026;1.066.238;100.070.478;1.066238, 100.070478;IDN;Indonesia;Sumatera Utara;Padang Lawas;1-Fully Verified;
PO1000004245;UNKNOWN;ERA SAWITA;ERA SAWITA;Not RSPO Certified;;13/01/2026;107.791;10.049.042;1.07791, 100.49042;IDN;Indonesia;Riau;Rokan Hulu;1-Fully Verified;KEPENUHAN
PO1000004246;SUPERVENTURE;MANDIRI SAWIT BERSAMA;AEK TINGA;Not RSPO Certified;;13/01/2026;1.073.631;99.995.119;1.073631, 99.995119;IDN;Indonesia;Sumatera Utara;Padang Lawas;1-Fully Verified;
PO1000004249;UNKNOWN;TENGGANAU MANDIRI LESTARI;TENGGANAU MANDIRI LESTARI;Not RSPO Certified;;13/01/2026;1.122.222;101.257.278;1.122222, 101.257278;IDN;Indonesia;Riau;Bengkalis;1-Fully Verified;
PO1000004251;UNKNOWN;SUMBER JAYA INDAHNUSA COY;TAMBUSAI MILL;Not RSPO Certified;;13/01/2026;1.134.644;10.064.218;1.134644, 100.64218;IDN;Indonesia;Riau;Rokan Hulu;1-Fully Verified;
PO1000004252;TORGANDA;TORUS GANDA;TAMBUSAI TIMUR;Not RSPO Certified;;13/01/2026;1.139.364;10.040.855;1.139364, 100.40855;IDN;Indonesia;Riau;Rokan Hulu;1-Fully Verified;ARYA RAMA PRAKARSA
PO1000004253;FIRST RESOURCES;PERDANA INTISAWIT PERKASA;PERDANA INTI SAWIT PERKASA 1;Not RSPO Certified;;13/01/2026;1.140.183;100.494.367;1.140183, 100.494367;IDN;Indonesia;Riau;Rokan Hulu;1-Fully Verified;
PO1000004254;ZTE AGRIBUSINESS;RANA WASTU KENCANA;RANA WESTU KENCANA;Not RSPO Certified;;13/01/2026;1.145.883;109.318.333;1.145883, 109.318333;IDN;Indonesia;Kalimantan Barat;Sambas;1-Fully Verified;
PO1000004255;UNKNOWN;MUSTIKA AGUNG SAWIT SEJAHTERA;MUSTIKA AGUNG SAWIT SEJAHTERA;Not RSPO Certified;;13/01/2026;1.224.239;101.242.411;1.224239, 101.242411;IDN;Indonesia;Riau;Bengkalis;1-Fully Verified;
PO1000004257;FIRST RESOURCES;MURINIWOOD INDAH INDUSTRY;MURINI WOOD INDAH INDUSTRI;Not RSPO Certified;;13/01/2026;139.375;10.130.525;1.39375, 101.30525;IDN;Indonesia;Riau;Bengkalis;1-Fully Verified;
PO1000004259;MAHKOTA;INTAN SEJATI ANDALAN;INTAN SEJATI ANDALAN;Not RSPO Certified;;13/01/2026;1.432.694;101.285.667;1.432694, 101.285667;IDN;Indonesia;Riau;Bengkalis;1-Fully Verified;
PO1000004260;SUPERVENTURE;HASIL KARYA BUMI SEJATI;HASIL KARYA BUMI SEJATI;Not RSPO Certified;;13/01/2026;145.105;1.006.165.306;1.45105, 100.6165306;IDN;Indonesia;Riau;Rokan Hilir;1-Fully Verified;
PO1000004263;UNKNOWN;SAWIT RIAU MAKMUR;TELUK MEGA;Not RSPO Certified;;13/01/2026;1.533.719;100.992.861;1.533719, 100.992861;IDN;Indonesia;Riau;Rokan Hilir;1-Fully Verified;
PO1000004265;SUPERVENTURE;SINAR SAWIT SUBUR LESTARI;SINAR SAWIT SUBUR LESTARI;Not RSPO Certified;;13/01/2026;1.590.339;99.872.989;1.590339, 99.872989;IDN;Indonesia;Sumatera Utara;Padang Lawas Utara;1-Fully Verified;
PO1000004266;UNKNOWN;DJAYA GLOBALINDO SENTOSA;DJAYA GLOBALINDO SENTOSA;Not RSPO Certified;;13/01/2026;1.694.611.111;101.043;1.694611111, 101.043;IDN;Indonesia;Riau;Rokan Hilir;1-Fully Verified;
PO1000004267;MUSIM MAS;BAHANA NUSA INTERINDO;BAHANA NUSA INTERINDO;Not RSPO Certified;;13/01/2026;169.686;100.701.833;1.69686, 100.701833;IDN;Indonesia;Riau;Rokan Hilir;1-Fully Verified;
PO1000004268;PTPN III;PERKEBUNAN NUSANTARA V;TANAH PUTIH;RSPO Certified;RSPO Certified, MB;13/01/2026;1.74;100.51;1.74, 100.51;IDN;Indonesia;Riau;Rokan Hilir;1-Fully Verified;
PO1000004269;SUMBER TANI HARAPAN (STH);ABDI BUDI MULIA;ABDI BUDI MULIA 1;Not RSPO Certified;;13/01/2026;20.512.694;100.252.339;2.0512694, 100.252339;IDN;Indonesia;Sumatera Utara;Labuhanbatu Selatan;1-Fully Verified;
PO1000004270;UNKNOWN;CITRA INDAH PERTIWI;CITRA INDAH PERTIWI;Not RSPO Certified;;13/01/2026;2.072.353;100.010.247;2.072353, 100.010247;IDN;Indonesia;Sumatera Utara;Labuhanbatu;1-Fully Verified;
PO1000004271;UNKNOWN;SINAR PANDAWA;SINAR PANDAWA;Not RSPO Certified;;13/01/2026;2.226.342;100.082.275;2.226342, 100.082275;IDN;Indonesia;Sumatera Utara;Labuhanbatu;1-Fully Verified;
PO1000004273;UNKNOWN;SINAR SAWIT LESTARI;SINAR SAWIT LESTARI;Not RSPO Certified;;13/01/2026;2.461.781;99.652.975;2.461781, 99.652975;IDN;Indonesia;Sumatera Utara;Labuhanbatu Utara;1-Fully Verified;
PO1000004274;UNKNOWN;BANGUN SEMPURNA LESTARI;BANGUN SEMPURNA LESTARI;Not RSPO Certified;;13/01/2026;2.633.514;97.950.322;2.633514, 97.950322;IDN;Indonesia;Aceh;Subulussalam;1-Fully Verified;
PO1000004275;UNKNOWN;DJAJA PUTRA INDONESIA;DJAJA PUTRA INDONESIA;Not RSPO Certified;;13/01/2026;2.680.278;99.427.611;2.680278, 99.427611;IDN;Indonesia;Sumatera Utara;Asahan;1-Fully Verified;
PO1000004277;PTPN III;PERKEBUNAN NUSANTARA IV;PASIR MANDOGE;RSPO Certified;RSPO Certified, MB;13/01/2026;276.796;9.931.697;2.76796, 99.31697;IDN;Indonesia;Sumatera Utara;Asahan;1-Fully Verified;
PO1000004280;PTPN III;PERKEBUNAN NUSANTARA IV;AIR BATU;RSPO Certified;RSPO Certified, MB;13/01/2026;2.859.745;99.638.317;2.859745, 99.638317;IDN;Indonesia;Sumatera Utara;Asahan;1-Fully Verified;
PO1000004281;PTPN III;PERKEBUNAN NUSANTARA IV;MAYANG;RSPO Certified;RSPO Certified, IP, MB;13/01/2026;3.033.219;993.334;3.033219, 99.3334;IDN;Indonesia;Sumatera Utara;Simalungun;1-Fully Verified;
PO1000004284;MAKIN;SANGGAM KAHURIPAN INDONESIA;SANGGAM KAHURIPAN INDONESIA;Not RSPO Certified;;13/01/2026;3.115.467;117.266.333;3.115467, 117.266333;IDN;Indonesia;Kalimantan Timur;Bulungan;1-Fully Verified;
PO1000004285;UNKNOWN;KWALA GUNUNG;LIMA PULUH;Not RSPO Certified;;13/01/2026;3.163.917;99.482.383;3.163917, 99.482383;IDN;Indonesia;Sumatera Utara;Batu Bara;1-Fully Verified;
PO1000004286;UNKNOWN;INDOMAS MITRA TEKNIK;INDOMAS MITRA TEKNIK;Not RSPO Certified;;13/01/2026;32.259;97.980.486;3.2259, 97.980486;IDN;Indonesia;Sumatera Utara;Karo;1-Fully Verified;
PO1000004288;UNKNOWN;MITRA AGUNG SAWITA SEJATI;MITRA AGUNG SAWITA SEJATI;Not RSPO Certified;;13/01/2026;3.296.392;99.305.017;3.296392, 99.305017;IDN;Indonesia;Sumatera Utara;Batu Bara;1-Fully Verified;
PO1000004289;MAHKOTA;KARYA PRATAMA NIAGAJAYA;KARYA PRATAMA NIAGAJAYA;Not RSPO Certified;;13/01/2026;3.316.389;9.931.377.778;3.316389, 99.31377778;IDN;Indonesia;Sumatera Utara;Batu Bara;1-Fully Verified;
PO1000004291;UNKNOWN;DEWA RENCANA PERANGIN ANGIN;DEWA RENCANA PERANGIN ANGIN;Not RSPO Certified;;13/01/2026;3.501.233;98.437.783;3.501233, 98.437783;IDN;Indonesia;Sumatera Utara;Langkat;1-Fully Verified;ERAKARYA PRIMA
PO1000004292;UNKNOWN;TANINDO SEJATI;TANINDO SEJATI;Not RSPO Certified;;13/01/2026;351.085;99.202.317;3.51085, 99.202317;IDN;Indonesia;Sumatera Utara;Serdang Bedagai;1-Fully Verified;CV. SINAR TENERA
PO1000004294;UNKNOWN;PERUSAHAAN PERKEBUNAN & DAGANG INDAH PONTJAN;DELI MUDA;Not RSPO Certified;;13/01/2026;3.564.244;99.016.147;3.564244, 99.016147;IDN;Indonesia;Sumatera Utara;Serdang Bedagai;1-Fully Verified;
PO1000004295;UNKNOWN;AMAL TANI;AMAL TANI;Not RSPO Certified;;13/01/2026;3.588.333;98.305.556;3.588333, 98.305556;IDN;Indonesia;Sumatera Utara;Langkat;1-Fully Verified;
PO1000004296;UNKNOWN;SINAR LANGKAT PERKASA;SINAR LANGKAT PERKASA;Not RSPO Certified;;13/01/2026;3.620.806;98.401.528;3.620806, 98.401528;IDN;Indonesia;Sumatera Utara;Langkat;1-Fully Verified;
PO1000004297;UNKNOWN;RAYA PADANG LANGKAT;SEI MUSAM POM;Not RSPO Certified;;13/01/2026;36.506.639;981.507.722;3.6506639, 98.1507722;IDN;Indonesia;Sumatera Utara;Langkat;1-Fully Verified;
PO1000004299;AMARA PLANTATION;SURYA PANEN SUBUR;SURYA PANEN SUBUR;Not RSPO Certified;;13/01/2026;38.077;964.947;3.8077, 96.4947;IDN;Indonesia;Aceh;Nagan Raya;1-Fully Verified;
PO1000004300;UNKNOWN;KALLISTA ALAM;KALLISTA ALAM;Not RSPO Certified;;13/01/2026;3.871.528;9.658.175;3.871528, 96.58175;IDN;Indonesia;Aceh;Nagan Raya;1-Fully Verified;
PO1000004302;UNKNOWN;PERKEBUNAN PERTANIAN PATI SARI;PATI SARI;Not RSPO Certified;;13/01/2026;4.088.528;97.960.917;4.088528, 97.960917;IDN;Indonesia;Aceh;Aceh Tamiang;1-Fully Verified;
PO1000004303;UNKNOWN;BEURATA SUBUR PERSADA;BEURATA SUBUR PERSADA;Not RSPO Certified;;13/01/2026;4.125.333;9.634.125;4.125333, 96.34125;IDN;Indonesia;Aceh;Nagan Raya;1-Fully Verified;
PO1000004305;UNKNOWN;TRI AGRO PALMA TAMIANG;TRI AGRO PALMA TAMIANG;Not RSPO Certified;;13/01/2026;4.186.056;98.042.389;4.186056, 98.042389;IDN;Indonesia;Aceh;Aceh Tamiang;1-Fully Verified;
PO1000004306;FIMACORP;NUNUKAN JAYA LESTARI;KEMPAS;RSPO Certified;RSPO Certified, IP, MB;13/01/2026;4.205.883;117.251.783;4.205883, 117.251783;IDN;Indonesia;Kalimantan Timur;Nunukan;1-Fully Verified;
PO1000004307;UNKNOWN;CINTA RAJA;SILINDA;Not RSPO Certified;;13/01/2026;3.217;9.878.099;3.217, 98.78099;IDN;Indonesia;Sumatera Utara;Serdang Bedagai;1-Fully Verified;
PO1000004308;MOPOLI RAYA;PT. SAPTA SENTOSA JAYA ABADI WILAYAH 2;PT. SAPTA SENTOSA JAYA ABADI WILAYAH 2 (PKS ALUE KUYUN);Not RSPO Certified;;13/01/2026;4.457.442;9.616.147.222;4.457442, 96.16147222;IDN;Indonesia;Aceh;Aceh Barat;1-Fully Verified;
PO1000004309;EKA KARYA;KOPERASI PRIMA JASA;KOPERASI PRIMA JASA;Not RSPO Certified;;13/01/2026;4.598.267;97.901.833;4.598267, 97.901833;IDN;Indonesia;Aceh;Aceh Timur;1-Fully Verified;
PO1000004310;MAHKOTA;MAHKOTA ANDALAN SAWIT;MAHKOTA ANDALAN SAWIT;Not RSPO Certified;;13/01/2026;-3.227.921;104.473.048;-3.227921, 104.473048;IDN;Indonesia;Sumatera Selatan;Muara Enim;1-Fully Verified;
PO1000004311;PTPN III;PERKEBUNAN NUSANTARA I;COT GIREK;RSPO Certified;RSPO Certified, IP, MB;13/01/2026;49.285;97.370.667;4.9285, 97.370667;IDN;Indonesia;Aceh;Aceh Utara;1-Fully Verified;
PO1000004312;UNKNOWN;SAWITTA JAYA LAU PAKAM;SAWITTA JAYA LAU PAKAM;Not RSPO Certified;;13/01/2026;3.260.417;97.965;3.260417, 97.965;IDN;Indonesia;Sumatera Utara;Karo;1-Fully Verified;
PO1000004313;UNKNOWN;CIPTA AGRO SEJATI;CIPTA AGRO SEJATI;Not RSPO Certified;;13/01/2026;18.712;100.431;1.8712, 100.431;IDN;Indonesia;Riau;Rokan Hilir;1-Fully Verified;
PO1000004314;PAYA PINANG;SUMBER SAWIT MAKMUR;PAYA PINANG;Not RSPO Certified;;13/01/2026;3.270.467;9.924.775;3.270467, 99.24775;IDN;Indonesia;Sumatera Utara;Batu Bara;1-Fully Verified;
PO1000004315;SUPERVENTURE;ASIA SAWIT MAKMUR JAYA;ASIA SAWIT MAKMUR;Not RSPO Certified;;13/01/2026;-0.485489;101.452.011;-0.485489, 101.452011;IDN;Indonesia;Riau;Kuantan Singingi;2-High Confidence;
PO1000004316;BUMITAMA GUNAJAYA AGRO (BGA);LADANG SAWIT MAS;BUKIT TUNGGAL JAYA;RSPO Certified;RSPO Certified, IP, MB;13/01/2026;-1.546.404;110.344.014;-1.546404, 110.344014;IDN;Indonesia;Kalimantan Barat;Ketapang;1-Fully Verified;
PO1000004317;UNKNOWN;WAHANA POTENSI GUNA;WANA POTENSI GUNA;Not RSPO Certified;;13/01/2026;-2.821.718;103.444.369;-2.821718, 103.444369;IDN;Indonesia;Sumatera Selatan;Musi Banyuasin;1-Fully Verified;
PO1000004318;PASIFIK AGRO SENTOSA (PAS);CIPTA USAHA SEJATI;MABALI;Not RSPO Certified;;13/01/2026;-1.000.083;110.195.667;-1.000083, 110.195667;IDN;Indonesia;Kalimantan Barat;Kayong Utara;2-High Confidence;
PO1000004320;UNKNOWN;HARAPAN JAYA SAWITA;HARAPAN JAYA SAWITA;Not RSPO Certified;;13/01/2026;3.862.919;98.421.293;3.862919, 98.421293;IDN;Indonesia;Sumatera Utara;Langkat;1-Fully Verified;
PO1000004321;DUTA MARGA;TALES INTI SAWIT;TALES INTI SAWIT;Not RSPO Certified;;13/01/2026;332.731;9.876.403;3.32731, 98.76403;IDN;Indonesia;Sumatera Utara;Deli Serdang;1-Fully Verified;
PO1000004323;UNKNOWN;MITRA AGROLIKA SEJAHTERA;MUARA BAHAR;Not RSPO Certified;;13/01/2026;-1.962.917;1.036.155;-1.962917, 103.6155;IDN;Indonesia;Sumatera Selatan;Musi Banyuasin;1-Fully Verified;
PO1000004325;QL RESOURCES;PIPIT MUTIARA INDAH;PIPIT MUTIARA INDAH;Not RSPO Certified;;13/01/2026;3.324.733;11.717.365;3.324733, 117.17365;IDN;Indonesia;Kalimantan Timur;Bulungan;1-Fully Verified;
PO1000004327;SEPTA;MITRA BUMI;MITRA BUMI;Not RSPO Certified;;13/01/2026;0.453731;10.105.567;0.453731, 101.05567;IDN;Indonesia;Riau;Kampar;1-Fully Verified;
PO1000004329;SUMBER TANI AGUNG (STA);KARYA SERASI JAYA ABADI;KARYA SERASI JAYA ABADI;Not RSPO Certified;;13/01/2026;334.228;9.922.248;3.34228, 99.22248;IDN;Indonesia;Sumatera Utara;Serdang Bedagai;1-Fully Verified;
PO1000004330;FANGIONO AGRO PLANTATION (FAP AGRI);FANGIONO AGRO PLANTATION;FANGIONO AGRO PLANTATION;Not RSPO Certified;;13/01/2026;-1.909.696;1.108.593;-1.909696, 110.8593;IDN;Indonesia;Kalimantan Barat;Ketapang;1-Fully Verified;
PO1000004331;PTPN III;PERKEBUNAN NUSANTARA IV;TIMUR;RSPO Certified;RSPO Certified, MB;13/01/2026;0.367194;99.307.647;0.367194, 99.307647;IDN;Indonesia;Sumatera Utara;Mandailing Natal;1-Fully Verified;
PO1000004332;UNKNOWN;SERDANG HULU;SERDANG HULU;Not RSPO Certified;;13/01/2026;334.945;98.494.433;3.34945, 98.494433;IDN;Indonesia;Sumatera Utara;Langkat;1-Fully Verified;
PO1000004334;MKH BERHAD;MAJU KALIMANTAN HADAPAN;SEGUNTUNG;Not RSPO Certified;;13/01/2026;0.015313;116.968.444;0.015313, 116.968444;IDN;Indonesia;Kalimantan Timur;Kutai Kartanegara;1-Fully Verified;
PO1000004335;WILMAR GROUP;BUMI PRATAMA KHATULISTIWA;BUMI PRATAMA KHATULISTIWA;RSPO Certified;RSPO Certified, MB;13/01/2026;-0.022183;109.424.883;-0.022183, 109.424883;IDN;Indonesia;Kalimantan Barat;Kubu Raya;1-Fully Verified;
PO1000004336;UNKNOWN;TUNAS HARAPAN SAWIT;TUNAS HARAPAN SAWIT;Not RSPO Certified;;13/01/2026;3.367.467;99.017.833;3.367467, 99.017833;IDN;Indonesia;Sumatera Utara;Serdang Bedagai;1-Fully Verified;
PO1000004337;INCASI RAYA (GUNAS);MULTI JAYA PERKASA;MULTI JAYA PERKASA;Not RSPO Certified;;13/01/2026;-0.040833;1.108.088;-0.040833, 110.8088;IDN;Indonesia;Kalimantan Barat;Sekadau;1-Fully Verified;
PO1000004339;UNKNOWN;SERDANG TENGAH;TANJUNG PURBA;Not RSPO Certified;;13/01/2026;339.584;9.885.533;3.39584, 98.85533;IDN;Indonesia;Sumatera Utara;Deli Serdang;1-Fully Verified;
PO1000004340;TSH RESOURCES;ANDALAS AGRO INDUSTRI;ANDALAS AGRO INDUSTRI;Not RSPO Certified;;13/01/2026;-0.050617;999.735;-0.050617, 99.9735;IDN;Indonesia;Sumatera Barat;Pasaman Barat;1-Fully Verified;
PO1000004341;PANCA EKA;KEBUN PANTAI RAJA;KEBUN PANTAI RAJA;Not RSPO Certified;;13/01/2026;-0.05745;10.124.185;-0.05745, 101.24185;IDN;Indonesia;Riau;Kuantan Singingi;1-Fully Verified;TANJUNG PAUH
PO1000004342;PTPN III;PERKEBUNAN NUSANTARA III;RAMBUTAN;RSPO Certified;RSPO Certified, IP;13/01/2026;3.351.006;99.169.742;3.351006, 99.169742;IDN;Indonesia;Sumatera Utara;Serdang Bedagai;1-Fully Verified;
PO1000004343;MULTI PRIMA ENTAKAI;MULTI PRIMA ENTAKAI;SEMUNTAI;Not RSPO Certified;;13/01/2026;0.05935;110.749.683;0.05935, 110.749683;IDN;Indonesia;Kalimantan Barat;Sekadau;1-Fully Verified;
PO1000004344;ANGLO-EASTERN PLANTATION (AEP);UNITED KINGDOM INDONESIA PLANTATION;BLANKAHAN;Not RSPO Certified;;13/01/2026;3.493.983;98.397;3.493983, 98.397;IDN;Indonesia;Sumatera Utara;Langkat;1-Fully Verified;
PO1000004345;UNKNOWN;MAKMUR ANDALAN SAWIT;MAKMUR ANDALAN SAWIT;Not RSPO Certified;;13/01/2026;0.069117;1.021.246;0.069117, 102.1246;IDN;Indonesia;Riau;Pelalawan;1-Fully Verified;
PO1000004348;UNKNOWN;INKUD AGRITAMA;INKUD AGRITAMA;Not RSPO Certified;;13/01/2026;-0.069339;100.022.138;-0.069339, 100.022138;IDN;Indonesia;Sumatera Barat;Pasaman Barat;1-Fully Verified;RIMBO PANJANG SUMBER MAKMUR
PO1000004349;ROYAL GOLDEN EAGLE;PERKEBUNAN PELALU RAYA;PERKEBUNAN PELALU RAYA;Not RSPO Certified;;13/01/2026;-0.1004;100.049;-0.1004, 100.049;IDN;Indonesia;Sumatera Barat;Agam;1-Fully Verified;
PO1000004350;PTPN III;PERKEBUNAN NUSANTARA XIII;KEBUN GUNUNG MELIAU;Not RSPO Certified;;13/01/2026;-0.106833;110.292.783;-0.106833, 110.292783;IDN;Indonesia;Kalimantan Barat;Sanggau;1-Fully Verified;
PO1000004351;ADIMULIA;ADIMULIA AGROLESTARI;ADIMULYA AGRO LESTARI;Not RSPO Certified;;13/01/2026;-0.108983;101.386.783;-0.108983, 101.386783;IDN;Indonesia;Riau;Kampar;1-Fully Verified;
PO1000004352;BINTANG HARAPAN DESA (BHD);BINTANG HARAPAN DESA;BINTANG HARAPAN DESA;Not RSPO Certified;;13/01/2026;-0.11225;110.332.383;-0.11225, 110.332383;IDN;Indonesia;Kalimantan Barat;Sanggau;1-Fully Verified;
PO1000004353;SALIM GROUP;CITRANUSA INTISAWIT;KEDUKUL;Not RSPO Certified;;13/01/2026;0.114533;1.107.593;0.114533, 110.7593;IDN;Indonesia;Kalimantan Barat;Sanggau;1-Fully Verified;
PO1000004356;GAMA PLANTATIONS;TH INDO PLANTATIONS;NYATOH;Not RSPO Certified;;13/01/2026;0.131616;103.154.195;0.131616, 103.154195;IDN;Indonesia;Riau;Indragiri Hilir;1-Fully Verified;
PO1000004358;ADIMULIA;SURYA AGROLIKA REKSA;SURYA AGROLIKA REKSA;Not RSPO Certified;;13/01/2026;-0.136967;1.013.908;-0.136967, 101.3908;IDN;Indonesia;Riau;Kuantan Singingi;2-High Confidence;
PO1000004360;SWASTISIDDHI AMAGRA;SWASTISIDDHI AMAGRA;BINABARU;Not RSPO Certified;;13/01/2026;0.20895;101.276.083;0.20895, 101.276083;IDN;Indonesia;Riau;Kampar;1-Fully Verified;
PO1000004361;LG INTERNATIONAL;PARNA AGROMAS;PARNA AGROMAS;RSPO Certified;RSPO Certified, MB;13/01/2026;0.213083;111.078.633;0.213083, 111.078633;IDN;Indonesia;Kalimantan Barat;Sekadau;1-Fully Verified;
PO1000004362;GAMA PLANTATIONS;CITRA RIAU SARANA;TESO I;Not RSPO Certified;;13/01/2026;-0.21335;101.474.317;-0.21335, 101.474317;IDN;Indonesia;Riau;Kuantan Singingi;1-Fully Verified;
PO1000004363;GAMA PLANTATIONS;TH INDO PLANTATIONS;PULAI;Not RSPO Certified;;13/01/2026;0.219722;103.165.556;0.219722, 103.165556;IDN;Indonesia;Riau;Indragiri Hilir;2-High Confidence;
PO1000004364;CHAROEN POKPHAND;SATRIA MULTI SUKSES;SATRIA MULTI SUKSES;Not RSPO Certified;;13/01/2026;0.22145;109.531.167;0.22145, 109.531167;IDN;Indonesia;Kalimantan Barat;Landak;1-Fully Verified;
PO1000004365;BAKRIE;BAKRIE PASAMAN PLANTATIONS;AIR BALAM;Not RSPO Certified;;13/01/2026;0.229917;99.477.083;0.229917, 99.477083;IDN;Indonesia;Sumatera Barat;Pasaman Barat;1-Fully Verified;
PO1000004366;SUPERVENTURE;BERKAT SAWIT SEJAHTERA;BERKAT SAWIT SEJAHTERA (PASAMAN);Not RSPO Certified;;13/01/2026;0.238164;99.705.263;0.238164, 99.705263;IDN;Indonesia;Sumatera Barat;Pasaman Barat;1-Fully Verified;
PO1000004367;GAMA PLANTATIONS;CITRA RIAU SARANA;TESO III;Not RSPO Certified;;13/01/2026;-0.243333;101.583.633;-0.243333, 101.583633;IDN;Indonesia;Riau;Kuantan Singingi;3-Low Confidence;
PO1000004368;TIANJIN JULONG;REZEKI KENCANA;REZEKI KENCANA;Not RSPO Certified;;13/01/2026;-0.266383;109.252.133;-0.266383, 109.252133;IDN;Indonesia;Kalimantan Barat;Kubu Raya;1-Fully Verified;
PO1000004370;UNKNOWN;TASMA PUJA;SEI KUAMANG;Not RSPO Certified;;13/01/2026;0.275011;101.219.376;0.275011, 101.219376;IDN;Indonesia;Riau;Kampar;2-High Confidence;
PO1000004372;ASTRA AGRO LESTARI;TUNGGAL PERKASA PLANTATIONS;TUNGGAL PERKASA PLANTATIONS;Not RSPO Certified;;13/01/2026;-0.305183;102.273.183;-0.305183, 102.273183;IDN;Indonesia;Riau;Indragiri Hulu;1-Fully Verified;
PO1000004373;PROVIDENT AGRO;MUTIARA AGAM;MUTIARA AGAM;Not RSPO Certified;;13/01/2026;-0.320317;99.877.317;-0.320317, 99.877317;IDN;Indonesia;Sumatera Barat;Agam;1-Fully Verified;
PO1000004374;GAMA PLANTATIONS;CITRA RIAU SARANA;TESO II;Not RSPO Certified;;13/01/2026;-0.322533;101.558.217;-0.322533, 101.558217;IDN;Indonesia;Riau;Kuantan Singingi;1-Fully Verified;
PO1000004375;INCASI RAYA (GUNAS);BINTARA TANI NUSANTARA;BINTARA TANI NUSANTARA;Not RSPO Certified;;13/01/2026;0.332883;993.828;0.332883, 99.3828;IDN;Indonesia;Sumatera Barat;Pasaman Barat;1-Fully Verified;
PO1000004376;SALIM GROUP;RIAU AGROTAMA PLANTATION;NANGA SILAT;Not RSPO Certified;;13/01/2026;0.337283;111.813;0.337283, 111.813;IDN;Indonesia;Kalimantan Barat;Kapuas Hulu;1-Fully Verified;
PO1000004377;SIME DARBY;MITRA AUSTRAL SEJAHTERA;MITRA AUSTRAL SEJAHTERA;Not RSPO Certified;;13/01/2026;0.35905;110.431.367;0.35905, 110.431367;IDN;Indonesia;Kalimantan Barat;Sanggau;1-Fully Verified;
PO1000004378;INCASI RAYA (GUNAS);PASAMAN MARAMA SEJAHTERA;PASAMAN MARAMA SEJAHTERA;Not RSPO Certified;;13/01/2026;0.362283;996.336;0.362283, 99.6336;IDN;Indonesia;Sumatera Barat;Pasaman Barat;1-Fully Verified;
PO1000004379;MIWON;SINTANG RAYA;SINTANG RAYA;Not RSPO Certified;;13/01/2026;-0.452644;1.092.652;-0.452644, 109.2652;IDN;Indonesia;Kalimantan Barat;Kubu Raya;1-Fully Verified;
PO1000004380;PASIFIK AGRO SENTOSA (PAS);MITRA ANEKA REZEKI;KUBU RAYA;Not RSPO Certified;;13/01/2026;-0.366014;109.300.379;-0.366014, 109.300379;IDN;Indonesia;Kalimantan Barat;Kubu Raya;1-Fully Verified;
PO1000004382;GAMA PLANTATIONS;TRITUNGGAL SENTRA BUANA;SALO BANDANG;Not RSPO Certified;;13/01/2026;-0.417583;1.173.645;-0.417583, 117.3645;IDN;Indonesia;Kalimantan Timur;Kutai Kartanegara;1-Fully Verified;
PO1000004383;UNKNOWN;PANGKALAN BARU INDAH;PANGKALAN BARU INDAH;Not RSPO Certified;;13/01/2026;0.423633;10.158.915;0.423633, 101.58915;IDN;Indonesia;Riau;Kampar;1-Fully Verified;
PO1000004384;WILMAR GROUP;SINAR SIAK DIAN PERMAI;SINAR SIAK DIAN PERMAI;Not RSPO Certified;;13/01/2026;0.449367;101.621.217;0.449367, 101.621217;IDN;Indonesia;Riau;Pelalawan;1-Fully Verified;
PO1000004385;PADASA ENAM UTAMA;PADASA ENAM UTAMA;KALIANTA 1;Not RSPO Certified;;13/01/2026;0.458199;100.802.036;0.458199, 100.802036;IDN;Indonesia;Riau;Rokan Hulu;1-Fully Verified;
PO1000004386;SAGO NAULI;TRI BAHTERA SRIKANDI;SAGO NAULI;Not RSPO Certified;;13/01/2026;0.466483;9.937.025;0.466483, 99.37025;IDN;Indonesia;Sumatera Utara;Mandailing Natal;1-Fully Verified;
PO1000004387;SAGO NAULI;SAGO NAULI;SAGO NAULI SINUNUKAN;Not RSPO Certified;;13/01/2026;0.469517;9.922.265;0.469517, 99.22265;IDN;Indonesia;Sumatera Utara;Mandailing Natal;1-Fully Verified;
PO1000004389;UNKNOWN;MITRA AGUNG SWADAYA;KELAYANG;Not RSPO Certified;;13/01/2026;-0.4934;102.062.467;-0.4934, 102.062467;IDN;Indonesia;Riau;Indragiri Hulu;1-Fully Verified;
PO1000004390;TELADAN PRIMA;TELEN PRIMA SAWIT;MUARA BENGKAL;Not RSPO Certified;;13/01/2026;0.51135;116.781.106;0.51135, 116.781106;IDN;Indonesia;Kalimantan Timur;Kutai Timur;1-Fully Verified;
PO1000004392;SARIMAS;AGRO SARIMAS INDONESIA;AGRO SARIMAS INDONESIA;Not RSPO Certified;;13/01/2026;-0.5163;102.921.496;-0.5163, 102.921496;IDN;Indonesia;Riau;Indragiri Hilir;1-Fully Verified;
PO1000004394;UNKNOWN;USAHA KITA MAKMUR;USAHA KITA MAKMUR;Not RSPO Certified;;13/01/2026;-0.529767;10.149.305;-0.529767, 101.49305;IDN;Indonesia;Riau;Kuantan Singingi;1-Fully Verified;
PO1000004395;UNKNOWN;TAMORA AGRO LESTARI;TAMORA AGRO LESTARI;Not RSPO Certified;;13/01/2026;-0.530467;101.417.183;-0.530467, 101.417183;IDN;Indonesia;Riau;Kuantan Singingi;1-Fully Verified;
PO1000004398;UNKNOWN;SEWANGI SAWIT SEJAHTERA;SEWANGI SAWIT SEJAHTERA;Not RSPO Certified;;13/01/2026;0.581353;101.087.097;0.581353, 101.087097;IDN;Indonesia;Riau;Kampar;1-Fully Verified;
PO1000004400;PEPUTRA;PEPUTRA MASTERINDO;PEPUTRA MASTERINDO;Not RSPO Certified;;13/01/2026;0.589804;100.991.448;0.589804, 100.991448;IDN;Indonesia;Riau;Kampar;1-Fully Verified;
PO1000004402;PTPN III;PERKEBUNAN NUSANTARA V;TANDUN;RSPO Certified;RSPO Certified, IP;13/01/2026;0.599154;10.069.283;0.599154, 100.69283;IDN;Indonesia;Riau;Kampar;1-Fully Verified;
PO1000004403;SUPERVENTURE;BUMI MENTARI KARYA;KAMPAR;Not RSPO Certified;;13/01/2026;0.626717;101.138.583;0.626717, 101.138583;IDN;Indonesia;Riau;Kampar;1-Fully Verified;
PO1000004404;WILMAR GROUP;SIAK PRIMA SAKTI;SIAK PRIMA SAKTI;Not RSPO Certified;;13/01/2026;0.651217;10.175.405;0.651217, 101.75405;IDN;Indonesia;Riau;Siak;1-Fully Verified;
PO1000004408;ASTRA AGRO LESTARI;KIMIA TIRTA UTAMA;KIMIA TIRTA UTAMA;Not RSPO Certified;;13/01/2026;0.674633;101.728.917;0.674633, 101.728917;IDN;Indonesia;Riau;Siak;1-Fully Verified;
PO1000004410;BUMITAMA GUNAJAYA AGRO (BGA);ROHUL SAWIT INDUSTRI;SUKADAMAI;RSPO Certified;RSPO Certified, IP, MB;13/01/2026;0.68325;100.529.233;0.68325, 100.529233;IDN;Indonesia;Riau;Rokan Hulu;1-Fully Verified;
PO1000004411;UNKNOWN;SEWANGI SEJATI LUHUR;PRIMA SAUHUR LESTARI POM;Not RSPO Certified;;13/01/2026;0.714383;100.928.367;0.714383, 100.928367;IDN;Indonesia;Riau;Kampar;1-Fully Verified;SUKARAMAI
PO1000004412;MAHKOTA;BERLIAN INTI MEKAR;RENGAT;Not RSPO Certified;;13/01/2026;-0.72335;102.627.217;-0.72335, 102.627217;IDN;Indonesia;Riau;Indragiri Hulu;1-Fully Verified;BERLIAN INTI MEKAR - RENGAT
PO1000004415;GELANGGANG MAJU BERSAMA;GLOBAL KALIMANTAN MAKMUR;GLOBAL KALIMANTAN MAKMUR;Not RSPO Certified;;13/01/2026;0.72975;110.463.117;0.72975, 110.463117;IDN;Indonesia;Kalimantan Barat;Sanggau;1-Fully Verified;
PO1000004417;ASTRA AGRO LESTARI;SAWIT ASAHAN INDAH;SAWIT ASAHAN INDAH;Not RSPO Certified;;13/01/2026;0.761311;100.519.011;0.761311, 100.519011;IDN;Indonesia;Riau;Rokan Hulu;1-Fully Verified;
PO1000004418;UNKNOWN;MULTI AGRO SENTOSA;MULTI AGRO SENTOSA;Not RSPO Certified;;13/01/2026;0.770833;100.885.283;0.770833, 100.885283;IDN;Indonesia;Riau;Kampar;1-Fully Verified;
PO1000004419;ANGLO-EASTERN PLANTATION (AEP);BINA FITRI JAYA;BINA FITRI JAYA;Not RSPO Certified;;13/01/2026;0.809088;101.277.952;0.809088, 101.277952;IDN;Indonesia;Riau;Kampar;1-Fully Verified;
PO1000004421;MAHKOTA;MUTIARA UNGGUL LESTARI;MUTIARA UNGGUL LESTARI;Not RSPO Certified;;13/01/2026;0.855817;101.302.617;0.855817, 101.302617;IDN;Indonesia;Riau;Siak;1-Fully Verified;
PO1000004422;ASTRA AGRO LESTARI;EKA DURA INDONESIA;EKA DURA INDONESIA;Not RSPO Certified;;13/01/2026;0.88425;100.611.683;0.88425, 100.611683;IDN;Indonesia;Riau;Rokan Hulu;1-Fully Verified;
PO1000004423;UNKNOWN;SUMBER JAYA INDAHNUSA COY;KOTA LAMA;Not RSPO Certified;;13/01/2026;0.892167;100.699;0.892167, 100.699;IDN;Indonesia;Riau;Rokan Hulu;1-Fully Verified;
PO1000004424;PADASA ENAM UTAMA;SUMBER ALAM MAKMUR SENTOSA;MUARA DILAM;Not RSPO Certified;;13/01/2026;0.959467;100.723.783;0.959467, 100.723783;IDN;Indonesia;Riau;Rokan Hulu;1-Fully Verified;
PO1000004425;SEPTA;CITRA BUMI AGRO;CITRA BUMI AGRO;Not RSPO Certified;;13/01/2026;0.995767;1.006.169;0.995767, 100.6169;IDN;Indonesia;Riau;Rokan Hulu;1-Fully Verified;
PO1000004426;INCASI RAYA (GUNAS);SUMBAR ANDALAS KENCANA;SUMBAR ANDALAS KENCANA;Not RSPO Certified;;13/01/2026;-0.997233;1.017.423;-0.997233, 101.7423;IDN;Indonesia;Sumatera Barat;Dharmasraya;1-Fully Verified;
PO1000004427;SALIM GROUP;MULTI PACIFIC INTERNATIONAL;CIPTA GRAHA;Not RSPO Certified;;13/01/2026;1;117.769;1, 117.769;IDN;Indonesia;Kalimantan Timur;Kutai Timur;1-Fully Verified;
PO1000004428;PTPN III;PERKEBUNAN NUSANTARA IV;SOSA;RSPO Certified;RSPO Certified, IP, MB;13/01/2026;1.048.917;100.012.283;1.048917, 100.012283;IDN;Indonesia;Sumatera Utara;Padang Lawas;1-Fully Verified;
PO1000004431;SUMBER TANI AGUNG (STA);KARYA AGUNG SAWITA;KARYA AGUNG SAWITA;Not RSPO Certified;;13/01/2026;10.657;99.963.133;1.0657, 99.963133;IDN;Indonesia;Sumatera Utara;Padang Lawas;1-Fully Verified;
PO1000004432;SIN TEK HUAT;TRIMITRA LESTARI;TRIMITRA LESTARI;Not RSPO Certified;;13/01/2026;-1.068.733;103.165.067;-1.068733, 103.165067;IDN;Indonesia;Jambi;Tanjung Jabung B;2-High Confidence;
PO1000004434;DUTA MARGA;DHARMASRAYA LESTARINDO;DHARMASRAYA LESTARINDO;Not RSPO Certified;;13/01/2026;-1.076.033;101.663.617;-1.076033, 101.663617;IDN;Indonesia;Sumatera Barat;Dharmasraya;1-Fully Verified;
PO1000004435;UNKNOWN;NAGAMAS AGRO MULIA;TALIKUMAIN;Not RSPO Certified;;13/01/2026;1.077.988;100.261.278;1.077988, 100.261278;IDN;Indonesia;Riau;Rokan Hulu;1-Fully Verified;
PO1000004436;FIRST RESOURCES;SWADAYA MUKTI PRAKARSA;SWADAYA MUKTI PRAKARSA;Not RSPO Certified;;13/01/2026;-1.082.883;11.038.345;-1.082883, 110.38345;IDN;Indonesia;Kalimantan Barat;Kayong Utara;1-Fully Verified;
PO1000004437;GLOBAL PALM RESOURCES HOLDINGS;PRAKARSA TANI SEJATI;PRAKARSA TANI SEJATI;Not RSPO Certified;;13/01/2026;-1.099.617;11.046.815;-1.099617, 110.46815;IDN;Indonesia;Kalimantan Barat;Ketapang;1-Fully Verified;
PO1000004438;UNKNOWN;MAZUMA AGRO INDONESIA;MAZUMA AGRO INDONESIA;Not RSPO Certified;;13/01/2026;11.287;100.154.517;1.1287, 100.154517;IDN;Indonesia;Sumatera Utara;Padang Lawas;1-Fully Verified;
PO1000004439;MAKIN;PRODUK SAWITINDO JAMBI;PELABUHAN DAGANG;Not RSPO Certified;;13/01/2026;-1.139.183;10.307.365;-1.139183, 103.07365;IDN;Indonesia;Jambi;Tanjung Jabung B;1-Fully Verified;
PO1000004441;UNKNOWN;SAWIT ANUGERAH SEJAHTERA;SAWIT ANUGERAH SEJAHTERA;Not RSPO Certified;;13/01/2026;1.151.667;101.276.717;1.151667, 101.276717;IDN;Indonesia;Riau;Bengkalis;1-Fully Verified;
PO1000004442;UNKNOWN;KENCANA PERSADA NUSANTARA;KENCANA PERSADA NUSANTARA;Not RSPO Certified;;13/01/2026;1.175.407;100.232.727;1.175407, 100.232727;IDN;Indonesia;Riau;Rokan Hulu;1-Fully Verified;
PO1000004443;HUTAHAEAN;HUTAHAEAN;DALU DALU;Not RSPO Certified;;13/01/2026;1.178.517;1.002.703;1.178517, 100.2703;IDN;Indonesia;Riau;Rokan Hulu;1-Fully Verified;
PO1000004444;TRINITY INTERLINK;MERANGKAI ARTHA NUSANTARA;MERANGKAI ARTHA NUSANTARA;Not RSPO Certified;;13/01/2026;1.212.517;10.029.345;1.212517, 100.29345;IDN;Indonesia;Riau;Rokan Hulu;1-Fully Verified;
PO1000004446;TELADAN PRIMA;TELEN;PENGADAN BAAY;Not RSPO Certified;;13/01/2026;1.247.783;117.693.483;1.247783, 117.693483;IDN;Indonesia;Kalimantan Timur;Kutai Timur;1-Fully Verified;
PO1000004447;INCASI RAYA (GUNAS);SELAGO MAKMUR PLANTATION;SELAGO MAKMUR PLANTATION;Not RSPO Certified;;13/01/2026;-1.250.283;101.575.733;-1.250283, 101.575733;IDN;Indonesia;Sumatera Barat;Dharmasraya;1-Fully Verified;
PO1000004448;KALIMANTAN SAWIT KUSUMA (KSK);FAJAR SAUDARA KUSUMA;SEBAWI;Not RSPO Certified;;13/01/2026;126.659;10.922.532;1.26659, 109.22532;IDN;Indonesia;Kalimantan Barat;Sambas;1-Fully Verified;
PO1000004449;NAGAMAS;NAGAMAS AGRO MULIA;NAGAMAS AGRO MULYA;Not RSPO Certified;;13/01/2026;13.011;1.003.977;1.3011, 100.3977;IDN;Indonesia;Riau;Rokan Hulu;1-Fully Verified;
PO1000004450;TORGANDA;TOR GANDA;RANTAU KASAI;Not RSPO Certified;;13/01/2026;1.279.791;100.334.152;1.279791, 100.334152;IDN;Indonesia;Riau;Rokan Hulu;1-Fully Verified;
PO1000004451;INCASI RAYA (GUNAS);INCASI RAYA;PANGIAN;Not RSPO Certified;;13/01/2026;-1.320.133;101.648.567;-1.320133, 101.648567;IDN;Indonesia;Sumatera Barat;Dharmasraya;1-Fully Verified;
PO1000004452;UNKNOWN;PALMA ABADI;PALMA ABADI;Not RSPO Certified;;13/01/2026;-13.213;10.326.525;-1.3213, 103.26525;IDN;Indonesia;Jambi;Muaro Jambi;1-Fully Verified;
PO1000004453;ASTRA AGRO LESTARI;WARU KALTIM PLANTATION;WARU KALTIM PLANTATION;Not RSPO Certified;;13/01/2026;-1.329.667;116.544.033;-1.329667, 116.544033;IDN;Indonesia;Kalimantan Timur;Penajam Paser Utara;1-Fully Verified;
PO1000004454;BBIP PALM;BUKIT BARISAN INDAH PRIMA;BUKIT BARISAN INDAH PRIMA;Not RSPO Certified;;13/01/2026;-1.339.617;103.455.383;-1.339617, 103.455383;IDN;Indonesia;Jambi;Muaro Jambi;1-Fully Verified;
PO1000004455;BBIP PALM;BATANGHARI SAWIT SEJAHTERA;BATANGHARI SAWIT SEJAHTERA;Not RSPO Certified;;13/01/2026;-1.348.467;103.543.133;-1.348467, 103.543133;IDN;Indonesia;Jambi;Muaro Jambi;1-Fully Verified;
PO1000004456;ERA KARYA;PUJUD KARYA SAWIT;PUJUD KARYA SAWIT;Not RSPO Certified;;13/01/2026;137.615;10.052.885;1.37615, 100.52885;IDN;Indonesia;Riau;Rokan Hilir;1-Fully Verified;
PO1000004457;UNKNOWN;BUKIT BINTANG SAWIT;BUKIT BINTANG SAWIT;Not RSPO Certified;;13/01/2026;-1.382.117;103.494.517;-1.382117, 103.494517;IDN;Indonesia;Jambi;Muaro Jambi;1-Fully Verified;
PO1000004458;GENTING PLANTATIONS;SEPANJANG INTISURYA MULIA;MULIA;RSPO Certified;RSPO Certified, MB;13/01/2026;-1.382.733;110.479.567;-1.382733, 110.479567;IDN;Indonesia;Kalimantan Barat;Ketapang;1-Fully Verified;
PO1000004459;TORGANDA;TOR GANDA;BUKIT HARAPAN II;Not RSPO Certified;;13/01/2026;1.404.184;100.039.529;1.404184, 100.039529;IDN;Indonesia;Sumatera Utara;Padang Lawas Utara;1-Fully Verified;SUMBER SAWIT NUSANTARA
PO1000004461;UNKNOWN;MAJU INDO RAYA;AEK SIBIRONG;Not RSPO Certified;;13/01/2026;1.409.317;9.885.825;1.409317, 98.85825;IDN;Indonesia;Sumatera Utara;Tapanuli Selatan;1-Fully Verified;
PO1000004462;SUMBER TANI AGUNG (STA);SINARLIKA PORTIBIJAYA PLANTATION;PORTIBI;Not RSPO Certified;;13/01/2026;1.428.267;99.723.733;1.428267, 99.723733;IDN;Indonesia;Sumatera Utara;Padang Lawas Utara;1-Fully Verified;
PO1000004464;INCASI RAYA (GUNAS);JAMIKA RAYA;JAMIKA RAYA;Not RSPO Certified;;13/01/2026;-1.444.495;101.751.319;-1.444495, 101.751319;IDN;Indonesia;Jambi;Bungo;1-Fully Verified;
PO1000004465;UNKNOWN;PETALING MANDRAGUNA;MARO SEBO;Not RSPO Certified;;13/01/2026;-1.444.417;103.627.917;-1.444417, 103.627917;IDN;Indonesia;Jambi;Muaro Jambi;1-Fully Verified;
PO1000004466;MAKIN;RICKY KURNIAWAN KERTAPERSADA;RICKY KURNIAWAN KERTAPERSADA;Not RSPO Certified;;13/01/2026;-149.505;103.861.183;-1.49505, 103.861183;IDN;Indonesia;Jambi;Muaro Jambi;1-Fully Verified;
PO1000004467;TELADAN PRIMA;TANJUNG BUYU PERKASA PLANTATION;TANJUNG BUYU PERKASA PLANTATION;Not RSPO Certified;;13/01/2026;1.513.797;118.265.711;1.513797, 118.265711;IDN;Indonesia;Kalimantan Timur;Berau;1-Fully Verified;
PO1000004468;UNKNOWN;SUNGAI BAHAR PASIFIK UTAMA;SUNGAI BAHAR PASIFIK UTAMA;Not RSPO Certified;;13/01/2026;-15.362;103.630.567;-1.5362, 103.630567;IDN;Indonesia;Jambi;Muaro Jambi;1-Fully Verified;
PO1000004469;WIDYA;UNGGUL WIDYA TEKNOLOGI LESTARI;BARAS;Not RSPO Certified;;13/01/2026;-15.414;119.401.633;-1.5414, 119.401633;IDN;Indonesia;Sulawesi Barat;Mamuju Utara;1-Fully Verified;
PO1000004470;SARIMAS;MESKOM AGRO SARIMAS;MESKOM AGRO SARIMAS;Not RSPO Certified;;13/01/2026;154.875;10.208.845;1.54875, 102.08845;IDN;Indonesia;Riau;Bengkalis;2-High Confidence;
PO1000004471;UNKNOWN;GELIGA BAGAN RIAU;GELIGA BAGAN RIAU;Not RSPO Certified;;13/01/2026;1.599.033;100.421.917;1.599033, 100.421917;IDN;Indonesia;Riau;Rokan Hilir;1-Fully Verified;
PO1000004472;TORGANDA;TOR GANDA;SIBISA MANGANTUR;Not RSPO Certified;;13/01/2026;1.606.083;100.238.278;1.606083, 100.238278;IDN;Indonesia;Sumatera Utara;Labuhanbatu Selatan;1-Fully Verified;
PO1000004474;WILMAR GROUP;MURINI SAMSAM;MURINI SAM-SAM PELINTUNG;Not RSPO Certified;;13/01/2026;16.525;1.016.381;1.6525, 101.6381;IDN;Indonesia;Riau;Dumai;1-Fully Verified;
PO1000004475;WILMAR GROUP;AGRONUSA INVESTAMA;AGRONUSA INVESTAMA 2 - PAHAUMAN;Not RSPO Certified;;13/01/2026;0.275303;109.731.414;0.275303, 109.731414;IDN;Indonesia;Kalimantan Barat;Landak;1-Fully Verified;
PO1000004476;ANGLO-EASTERN PLANTATION (AEP);TASIK RAJA;TASIK RAJA;Not RSPO Certified;;13/01/2026;1.669.611;100.161.528;1.669611, 100.161528;IDN;Indonesia;Sumatera Utara;Labuhanbatu Selatan;1-Fully Verified;
PO1000004477;PTPN III;PERKEBUNAN NUSANTARA III;SEI DAUN;RSPO Certified;RSPO Certified, MB;13/01/2026;1.675.883;10.032.325;1.675883, 100.32325;IDN;Indonesia;Sumatera Utara;Labuhanbatu Selatan;1-Fully Verified;
PO1000004479;WILMAR GROUP;SINAR PERDANA CARAKA;SINAR PERDANA CARAKA;Not RSPO Certified;;13/01/2026;169.192;10.055.849;1.69192, 100.55849;IDN;Indonesia;Riau;Rokan Hilir;2-High Confidence;
PO1000004481;ASTRA AGRO LESTARI;SURYARAYA LESTARI;SURYARAYA LESTARI 1;Not RSPO Certified;;13/01/2026;-169.379;11.936.168;-1.69379, 119.36168;IDN;Indonesia;Sulawesi Barat;Mamuju Utara;1-Fully Verified;
PO1000004482;UNKNOWN;BICCON AGRO MAKMUR;BICCON AGRO MAKMUR;Not RSPO Certified;;13/01/2026;-1.744.367;103.869.367;-1.744367, 103.869367;IDN;Indonesia;Jambi;Muaro Jambi;1-Fully Verified;
PO1000004483;SUMBER TANI AGUNG (STA);SUMBER TANI AGUNG;SUMBER TANI AGUNG;Not RSPO Certified;;13/01/2026;175.455;999.835;1.75455, 99.9835;IDN;Indonesia;Sumatera Utara;Labuhanbatu Selatan;1-Fully Verified;LANGGA PAYUNG
PO1000004484;WILMAR GROUP;DHARMA WUNGU GUNA;BULUH CINA;Not RSPO Certified;;13/01/2026;176.856;100.493.594;1.76856, 100.493594;IDN;Indonesia;Riau;Rokan Hilir;1-Fully Verified;
PO1000004486;UNKNOWN;PALM TRIMITRA INDOTAMA;PALM TRIMITRA INDOTAMA;Not RSPO Certified;;13/01/2026;3.541.944;98.794.167;3.541944, 98.794167;IDN;Indonesia;Sumatera Utara;Deli Serdang;1-Fully Verified;
PO1000004487;UNKNOWN;KENCANA ANDALAN NUSANTARA;KENCANA ANDALAN NUSANTARA;Not RSPO Certified;;13/01/2026;1.783.667;100.392.417;1.783667, 100.392417;IDN;Indonesia;Riau;Rokan Hilir;1-Fully Verified;
PO1000004488;BISMA;BISMA DHARMA KENCANA;KALANAMAN;Not RSPO Certified;;13/01/2026;-1.801;1.131.817;-1.801, 113.1817;IDN;Indonesia;Kalimantan Tengah;Katingan;1-Fully Verified;
PO1000004489;DUPONT & LEOSK ENTERPRISES;KUALA MAS SAWIT ABADI;KUALA MAS SAWIT ABADI;Not RSPO Certified;;13/01/2026;1.812.333;100.024.367;1.812333, 100.024367;IDN;Indonesia;Sumatera Utara;Labuhanbatu Selatan;1-Fully Verified;
PO1000004490;BBIP PALM;EKA JAYA MULTI PERKASA;EKA JAYA MULTI PERKASA;Not RSPO Certified;;13/01/2026;-355.315;10.330.196;-3.55315, 103.30196;IDN;Indonesia;Sumatera Selatan;Lahat;1-Fully Verified;
PO1000004491;UNKNOWN;DWI MITRA DAYA RIAU;DWI MITRA DAYA RIAU;Not RSPO Certified;;13/01/2026;1.813.867;100.398.467;1.813867, 100.398467;IDN;Indonesia;Riau;Rokan Hilir;1-Fully Verified;
PO1000004492;KUALA LUMPUR KEPONG (KLK);LANGKAT NUSANTARA KEPONG;PADANG BRAHRANG;Not RSPO Certified;;13/01/2026;35.606;98.390.547;3.5606, 98.390547;IDN;Indonesia;Sumatera Utara;Langkat;1-Fully Verified;
PO1000004493;WILMAR GROUP;PERKEBUNAN MILANO;AEK BATU;Not RSPO Certified;;13/01/2026;1.850.583;1.001.457;1.850583, 100.1457;IDN;Indonesia;Sumatera Utara;Labuhanbatu Selatan;1-Fully Verified;
PO1000004495;MEWAH GROUP;SIMPANG KANAN LESTARINDO;SIMPANG KANAN LESTARINDO;Not RSPO Certified;;13/01/2026;1.851.433;100.295.583;1.851433, 100.295583;IDN;Indonesia;Riau;Rokan Hilir;1-Fully Verified;
PO1000004496;HERFINTA;HERFINATA PALM AND PLANTATION;HERFINATA PALM AND PLANTATION;Not RSPO Certified;;13/01/2026;1.854.074;100.165.777;1.854074, 100.165777;IDN;Indonesia;Sumatera Utara;Labuhanbatu Selatan;1-Fully Verified;
PO1000004497;PTPN III;PERKEBUNAN NUSANTARA IV;ADOLINA;RSPO Certified;RSPO Certified, MB;13/01/2026;3.568.533;9.894.805;3.568533, 98.94805;IDN;Indonesia;Sumatera Utara;Serdang Bedagai;1-Fully Verified;
PO1000004498;UNKNOWN;PALMA JAYA SEJAHTERA;PALMA JAYA SEJAHTERA;Not RSPO Certified;;13/01/2026;-1.874.576;103.560.276;-1.874576, 103.560276;IDN;Indonesia;Jambi;Muaro Jambi;1-Fully Verified;
PO1000004499;UNKNOWN;BUANA WIRASUBUR SAKTI;BUANA WIRASUBUR SAKTI;Not RSPO Certified;;13/01/2026;-1.886.417;11.606.075;-1.886417, 116.06075;IDN;Indonesia;Kalimantan Timur;Paser;1-Fully Verified;
PO1000004500;ASAM JAWA;ASAM JAWA;ASAM JAWA;Not RSPO Certified;;13/01/2026;190.006;10.018.661;1.90006, 100.18661;IDN;Indonesia;Sumatera Utara;Labuhanbatu Selatan;1-Fully Verified;
PO1000004504;GAMA PLANTATIONS;JATIM JAYA PERKASA;SIMPANG DAMAR;Not RSPO Certified;;13/01/2026;1.947.383;100.737.117;1.947383, 100.737117;IDN;Indonesia;Riau;Rokan Hilir;1-Fully Verified;
PO1000004505;ASTRA AGRO LESTARI;SARI ADITYA LOKA;SARI ADITYA LOKA 1;Not RSPO Certified;;13/01/2026;-1.957.817;10.237.265;-1.957817, 102.37265;IDN;Indonesia;Jambi;Merangin;1-Fully Verified;
PO1000004507;WILMAR GROUP;AGRINDO INDAH PERSADA;AGROINDO INDAH PERSADA 2;Not RSPO Certified;;13/01/2026;-1.963.888;102.301.111;-1.963888, 102.301111;IDN;Indonesia;Jambi;Merangin;1-Fully Verified;
PO1000004508;ORIENTAL HOLDINGS BERHAD;GUNUNG MARAS LESTARI;GUNUNG MARAS LESTARI;Not RSPO Certified;;13/01/2026;-196.395;1.059.516;-1.96395, 105.9516;IDN;Indonesia;Bangka Belitung;Bangka;1-Fully Verified;
PO1000004509;ASTRA AGRO LESTARI;ASTRA AGRO LESTARI;ASTRA AGRO LESTARI 1;Not RSPO Certified;;13/01/2026;-199.055;115.509.267;-1.99055, 115.509267;IDN;Indonesia;Kalimantan Selatan;Tabalong;1-Fully Verified;
PO1000004510;MAKIN;INTIGA PRABHAKARA KAHURIPAN;INTIGA PRABHAKARA KAHURIPAN;Not RSPO Certified;;13/01/2026;-2.025.217;112.674.933;-2.025217, 112.674933;IDN;Indonesia;Kalimantan Tengah;Kotawaringin Timur;1-Fully Verified;
PO1000004511;DUTA MARGA;GUNUNG SELAMAT LESTARI;GUNUNG SELAMAT LESTARI;Not RSPO Certified;;13/01/2026;20.399;100.044.967;2.0399, 100.044967;IDN;Indonesia;Sumatera Utara;Labuhanbatu Selatan;1-Fully Verified;
PO1000004513;UNKNOWN;ANUGERAH TANJUNG MEDAN;ANUGERAH TANJUNG MEDAN;Not RSPO Certified;;13/01/2026;2.063.067;100.146.783;2.063067, 100.146783;IDN;Indonesia;Sumatera Utara;Labuhanbatu Selatan;1-Fully Verified;
PO1000004514;ORIENTAL HOLDINGS BERHAD;GUNUNGSAWIT BINALESTARI;GUNUNGSAWIT BINALESTARI;Not RSPO Certified;;13/01/2026;-2.073.717;105.324.017;-2.073717, 105.324017;IDN;Indonesia;Bangka Belitung;Bangka Barat;2-High Confidence;
PO1000004515;LONSUM;PERUSAHAAN PERKEBUNAN LONDON SUMATRA INDONESIA;ARTHA KENCANA;Not RSPO Certified;;13/01/2026;-35.806;1.034.069;-3.5806, 103.4069;IDN;Indonesia;Sumatera Selatan;Lahat;1-Fully Verified;
PO1000004516;KENCANA AGRI;SAWINDO KENCANA;SAWINDO KENCANA;Not RSPO Certified;;13/01/2026;-2.076;105.647.933;-2.076, 105.647933;IDN;Indonesia;Bangka Belitung;Bangka Barat;1-Fully Verified;
PO1000004518;SAMPOERNA AGRO;TELAGA HIKMAH;TELAGA HIKMAH;RSPO Certified;RSPO Certified, MB;13/01/2026;-3.599.533;105.060.483;-3.599533, 105.060483;IDN;Indonesia;Sumatera Selatan;Ogan Komering Ilir;1-Fully Verified;
PO1000004522;UNKNOWN;SUMBER SAWIT MEKAR;MANCANG;Not RSPO Certified;;13/01/2026;365.315;98.431;3.65315, 98.431;IDN;Indonesia;Sumatera Utara;Langkat;1-Fully Verified;
PO1000004523;MUJUR TIMBER;SINAR GUNUNG SAWIT RAYA;SINAR GUNUNG SAWIT RAYA;Not RSPO Certified;;13/01/2026;2.114.933;98.265.567;2.114933, 98.265567;IDN;Indonesia;Sumatera Utara;Tapanuli Tengah;1-Fully Verified;
PO1000004524;PTPN III;PERKEBUNAN NUSANTARA IV;SUNGAI LANGKAT;RSPO Certified;RSPO Certified, IP, MB;13/01/2026;37.003;98.292;3.7003, 98.292;IDN;Indonesia;Sumatera Utara;Langkat;1-Fully Verified;
PO1000004525;TRURICH RESOURCES;GEMAREKSA MEKARSARI;GEMAREKSA MEKARSARI;Not RSPO Certified;;13/01/2026;-2.125.033;111.555.367;-2.125033, 111.555367;IDN;Indonesia;Kalimantan Tengah;Lamandau;1-Fully Verified;
PO1000004526;TRIPUTRA AGRO PERSADA;GRAHA CAKRA MULIA;GRAHA CAKRA MULIA;Not RSPO Certified;;13/01/2026;-2.134.444;1.111.825;-2.134444, 111.1825;IDN;Indonesia;Kalimantan Tengah;Sukamara;1-Fully Verified;
PO1000004527;UNKNOWN;PUTRA BANGKA MANDIRI;PUTRA BANGKA MANDIRI;Not RSPO Certified;;13/01/2026;-2.166.067;106.004.517;-2.166067, 106.004517;IDN;Indonesia;Bangka Belitung;Bangka;1-Fully Verified;
PO1000004530;INCASI RAYA (GUNAS);INCASI RAYA;SODETAN;Not RSPO Certified;;13/01/2026;-2.184.183;100.917.317;-2.184183, 100.917317;IDN;Indonesia;Sumatera Barat;Pesisir Selatan;1-Fully Verified;
PO1000004531;UNKNOWN;CAMPANG TIGA;CAMPANG TIGA;Not RSPO Certified;;13/01/2026;-37.648;1.047.398;-3.7648, 104.7398;IDN;Indonesia;Sumatera Selatan;Ogan Komering Ulu Timur;1-Fully Verified;
PO1000004532;LONSUM;PERUSAHAAN PERKEBUNAN LONDON SUMATRA INDONESIA;TIRTA AGUNG;Not RSPO Certified;;13/01/2026;-2.187.319;104.032.148;-2.187319, 104.032148;IDN;Indonesia;Sumatera Selatan;Musi Banyuasin;1-Fully Verified;
PO1000004533;KUALA LUMPUR KEPONG (KLK);HUTAN HIJAU MAS;BERAU;RSPO Certified;RSPO Certified, MB;13/01/2026;22.114;117.165.867;2.2114, 117.165867;IDN;Indonesia;Kalimantan Timur;Berau;1-Fully Verified;
PO1000004534;UNKNOWN;SERDANG CEMERLANG;SERDANG CEMERLANG;Not RSPO Certified;;13/01/2026;3.765.767;98.554.967;3.765767, 98.554967;IDN;Indonesia;Sumatera Utara;Deli Serdang;1-Fully Verified;
PO1000004535;UNKNOWN;SEJATI PALMA SEJAHTERA;SEJATI PALMA SEJAHTERA;Not RSPO Certified;;13/01/2026;-2.212.233;103.800.117;-2.212233, 103.800117;IDN;Indonesia;Sumatera Selatan;Musi Banyuasin;1-Fully Verified;
PO1000004536;UNKNOWN;SUMBER MAKMUR JAYA;SUMBER KEMBANG JAYA;Not RSPO Certified;;13/01/2026;3.765.817;98.407.367;3.765817, 98.407367;IDN;Indonesia;Sumatera Utara;Langkat;1-Fully Verified;
PO1000004538;UNKNOWN;PALMA MAS SEJATI;PALMA MAS SEJATI;Not RSPO Certified;;13/01/2026;-3.777.933;102.369;-3.777933, 102.369;IDN;Indonesia;Bengkulu;Bengkulu Tengah;1-Fully Verified;
PO1000004539;SINAR JAYA AGRO INVESTAMA (SJAI);AGRA SAWITINDO;AGRA SAWITINDO;Not RSPO Certified;;13/01/2026;-3.778.722;102.402.806;-3.778722, 102.402806;IDN;Indonesia;Bengkulu;Bengkulu Tengah;1-Fully Verified;
PO1000004540;PTPN III;PERKEBUNAN NUSANTARA II;SAWIT SEBERANG;RSPO Certified;RSPO Certified, MB;13/01/2026;37.996;98.277.133;3.7996, 98.277133;IDN;Indonesia;Sumatera Utara;Langkat;1-Fully Verified;
PO1000004541;UNKNOWN;MAKMUR ABADI RAYA;MAKMUR ABADI RAYA;Not RSPO Certified;;13/01/2026;38.069;98.341.667;3.8069, 98.341667;IDN;Indonesia;Sumatera Utara;Langkat;1-Fully Verified;
PO1000004544;UNKNOWN;NUNUKAN SAWIT MAS;NUNUKAN SAWIT MAS;Not RSPO Certified;;13/01/2026;3.831.924;116.757.973;3.831924, 116.757973;IDN;Indonesia;Kalimantan Timur;Nunukan;1-Fully Verified;
PO1000004545;PTPN III;PERKEBUNAN NUSANTARA II;SAWIT HULU;RSPO Certified;RSPO Certified, MB;13/01/2026;3.843.117;98.233;3.843117, 98.233;IDN;Indonesia;Sumatera Utara;Langkat;1-Fully Verified;
PO1000004546;UNKNOWN;CIPTA CHEMICAL MEDAN OIL;CIPTA CHEMICAL MEDAN OIL;Not RSPO Certified;;13/01/2026;3.854.067;98.344.367;3.854067, 98.344367;IDN;Indonesia;Sumatera Utara;Langkat;1-Fully Verified;
PO1000004548;SAMPOERNA AGRO;MUTIARA BUNDA JAYA;PERMATA BUNDA;RSPO Certified;RSPO Certified, MB;13/01/2026;-3.941.983;105.109.783;-3.941983, 105.109783;IDN;Indonesia;Sumatera Selatan;Ogan Komering Ilir;1-Fully Verified;
PO1000004550;UNKNOWN;RAYA PADANG LANGKAT;RAYA PADANG LANGKAT;Not RSPO Certified;;13/01/2026;3.946.467;983.661;3.946467, 98.3661;IDN;Indonesia;Sumatera Utara;Langkat;1-Fully Verified;
PO1000004553;UNKNOWN;JAYA PALMA NUSANTARA;JAYA PALMA NUSANTARA;Not RSPO Certified;;13/01/2026;3.963.333;983.628;3.963333, 98.3628;IDN;Indonesia;Sumatera Utara;Langkat;2-High Confidence;
PO1000004554;UNKNOWN;AGRI ANDALAS;AGRI ANDALAS;RSPO Certified;RSPO Certified, IP, MB;13/01/2026;-3.998.716;102.429.673;-3.998716, 102.429673;IDN;Indonesia;Bengkulu;Seluma;1-Fully Verified;
PO1000004555;BERCA / CIPTA CAKRA MURDAYA;SEBAKIS INTI LESTARI;SEBAKIS INTI LESTARI;Not RSPO Certified;;13/01/2026;4.005.167;1.172.545;4.005167, 117.2545;IDN;Indonesia;Kalimantan Timur;Nunukan;1-Fully Verified;
PO1000004556;WILMAR GROUP;AGRINDO INDAH PERSADA;AGROINDO INDAH PERSADA 3;Not RSPO Certified;;13/01/2026;-4.010.267;102.496.717;-4.010267, 102.496717;IDN;Indonesia;Bengkulu;Seluma;1-Fully Verified;
PO1000004557;ALAM GROUP;ANUGERAH LANGKAT MAKMUR;ANUGERAH LANGKAT MAKMUR;Not RSPO Certified;;13/01/2026;4.013.017;9.819.435;4.013017, 98.19435;IDN;Indonesia;Sumatera Utara;Langkat;1-Fully Verified;
PO1000004558;UNKNOWN;SAWIT JAYA MAKMUR SENTOSA;SAWIT JAYA MAKMUR SENTOSA;Not RSPO Certified;;13/01/2026;4.017.067;982.124;4.017067, 98.2124;IDN;Indonesia;Sumatera Utara;Langkat;2-High Confidence;
PO1000004559;UNKNOWN;SUMBER MAKMUR JAYA;SUMBER MAKMUR JAYA;Not RSPO Certified;;13/01/2026;4.033.367;98.301.517;4.033367, 98.301517;IDN;Indonesia;Sumatera Utara;Langkat;1-Fully Verified;
PO1000004560;UNKNOWN;SAWIT NAGAN RAYA MAKMUR;SAWIT NAGAN RAYA MAKMUR;Not RSPO Certified;;13/01/2026;404.892;9.647.428;4.04892, 96.47428;IDN;Indonesia;Aceh;Nagan Raya;2-High Confidence;
PO1000004561;MINANGA;MINANGA OGAN;SEI OGAN;Not RSPO Certified;;13/01/2026;-4.049.583;104.198.233;-4.049583, 104.198233;IDN;Indonesia;Sumatera Selatan;Ogan Komering Ulu;2-High Confidence;
PO1000004562;UNKNOWN;MITRA NIAGA SEJATI JAYA;MITRA NIAGA SEJATI JAYA;Not RSPO Certified;;13/01/2026;4.053.183;98.136.283;4.053183, 98.136283;IDN;Indonesia;Sumatera Utara;Langkat;1-Fully Verified;
PO1000004563;UNKNOWN;JAYA BARU PERTAMA;JAYA BARU PERTAMA;Not RSPO Certified;;13/01/2026;4.065.217;98.217.833;4.065217, 98.217833;IDN;Indonesia;Sumatera Utara;Langkat;1-Fully Verified;
PO1000004565;FAJAR BAIZURY;FAJAR BAIZURI & BROTHERS;FAJAR BAIZURY & BROTHERS;Not RSPO Certified;;13/01/2026;411.618;9.644.256;4.11618, 96.44256;IDN;Indonesia;Aceh;Nagan Raya;1-Fully Verified;
PO1000004567;PTPN III;PERKEBUNAN NUSANTARA I;PULAU TIGA;RSPO Certified;RSPO Certified, MB;13/01/2026;418.335;97.936.817;4.18335, 97.936817;IDN;Indonesia;Aceh;Aceh Tamiang;1-Fully Verified;
PO1000004568;IBRIS PALM;SISIRAU;SISIRAU;Not RSPO Certified;;13/01/2026;420.357;9.806.422;4.20357, 98.06422;IDN;Indonesia;Aceh;Aceh Tamiang;1-Fully Verified;
PO1000004570;UNKNOWN;PT MORA NIAGA JAYA;PT MORA NIAGA JAYA;Not RSPO Certified;;13/01/2026;42.909;98.153.233;4.2909, 98.153233;IDN;Indonesia;Aceh;Aceh Tamiang;1-Fully Verified;
PO1000004571;ASTRA AGRO LESTARI;KARYA TANAH SUBUR;KARYA TANAH SUBUR;Not RSPO Certified;;13/01/2026;4.349.722;96.164.444;4.349722, 96.164444;IDN;Indonesia;Aceh;Aceh Barat;1-Fully Verified;
PO1000004572;UNKNOWN;BUMI SAMA GANDA;BUMI SAMA GANDA;Not RSPO Certified;;13/01/2026;4.356.517;981.062;4.356517, 98.1062;IDN;Indonesia;Aceh;Aceh Tamiang;1-Fully Verified;
PO1000004573;PTPN III;PERKEBUNAN NUSANTARA I;TANJUNG SEUMANTOH;RSPO Certified;RSPO Certified, MB;13/01/2026;4.366.879;98.088.319;4.366879, 98.088319;IDN;Indonesia;Aceh;Aceh Tamiang;1-Fully Verified;
PO1000004575;SUPERVENTURE;ANUGERAH PELANGI SUKSES;ANUGERAH PELANGI SUKSES;Not RSPO Certified;;13/01/2026;-45.632;1.031.132;-4.5632, 103.1132;IDN;Indonesia;Bengkulu;Kaur;1-Fully Verified;
PO1000004576;UNKNOWN;ANUGRAH FAJAR REZEKI;ANUGERAH FAJAR REZEKI;Not RSPO Certified;;13/01/2026;457.432;9.790.967;4.57432, 97.90967;IDN;Indonesia;Aceh;Aceh Timur;1-Fully Verified;
PO1000004579;MULTI AGRO GEMILANG PLANTATION;BOSWA MEGALOPOLIS;BOSWA MEGAPOLIS;Not RSPO Certified;;13/01/2026;46.983;95.665.483;4.6983, 95.665483;IDN;Indonesia;Aceh;Aceh Jaya;1-Fully Verified;
PO1000004582;UNKNOWN;BLANG KETUMBA;BLANG KETUMBA;Not RSPO Certified;;13/01/2026;4.984.983;96.7;4.984983, 96.7;IDN;Indonesia;Aceh;Bireuen;1-Fully Verified;
PO1000004583;UNKNOWN;SYAUKATH SEJAHTERA;SYAUKATH SEJAHTERA;Not RSPO Certified;;13/01/2026;5.228.433;96.899.017;5.228433, 96.899017;IDN;Indonesia;Aceh;Bireuen;1-Fully Verified;
PO1000004650;GENTING PLANTATIONS;GENTING SDC SDN BHD;GENTING SABAPALM;RSPO Certified;RSPO Certified, MB;13/01/2026;5.965.083;117.374.111;5.965083, 117.374111;MYS;Malaysia;Sabah;Beluran;1-Fully Verified;SABAPALM
PO1000004655;SINAR MAS;AGROKARYA PRIMA LESTARI;KUAYAN;Not RSPO Certified;;13/01/2026;-1.970.503;112.370.324;-1.970503, 112.370324;IDN;Indonesia;Kalimantan Tengah;Kotawaringin Timur;1-Fully Verified;
PO1000004656;SINAR MAS;MITRA KARYA AGRO INDO;TANGAR;Not RSPO Certified;;13/01/2026;-2.243.602;112.299.345;-2.243602, 112.299345;IDN;Indonesia;Kalimantan Tengah;Seruyan;1-Fully Verified;
PO1000004751;INPARME S.A.;GUAICARAMO S.A.;GUAICARAMO S.A.;RSPO Certified;RSPO Certified, MB;13/01/2026;4.478.556;-72.960.694;4.478556, -72.960694;COL;Colombia;Meta;Barranca de Upía;1-Fully Verified;
PO1000004752;UNKNOWN;PALMAS DEL CESAR S.A.;PALMAS DEL CESAR;RSPO Certified;RSPO Certified, IP, MB;13/01/2026;7.886;-73.466.694;7.886, -73.466694;COL;Colombia;Cesar;San Alberto;1-Fully Verified;
PO1000004753;UNKNOWN;EXTRACTORA LA GLORIA S.A.S.;EXTRACTORA LA GLORIA;Not RSPO Certified;;13/01/2026;8.614.083;-73.680.028;8.614083, -73.680028;COL;Colombia;Cesar;La Gloria;1-Fully Verified;
PO1000004754;UNKNOWN;PALMAS ACEITERAS DE HONDURAS EMPRESA CAMPESINA AGROINDUSTRIAL DE LA REFORMA AGRARIA  (HONDUPALMA ECARA);HONDUPALMA;RSPO Certified;RSPO Certified, IP;13/01/2026;15.574.194;-87.692.944;15.574194, -87.692944;HND;Honduras;Yoro;El Negrito;1-Fully Verified;
PO1000004755;UNKNOWN;PALMAS CENTROAMERICANAS S.A. DE C.V. (PALCASA);PLANTA EXTRACTORA PALCASA;Not RSPO Certified;;13/01/2026;15.498.861;-87.703.639;15.498861, -87.703639;HND;Honduras;Yoro;El Progreso;1-Fully Verified;
PO1000004757;GRUPO OLEOMEX (OLEOFINOS);OLEOQUÍMICA MEXICANA S.A. de C.V.;PALENQUE;Not RSPO Certified;;13/01/2026;17.579;-91.941.944;17.579, -91.941944;MEX;Mexico;Chiapas;Palenque;1-Fully Verified;
PO1000004758;GRUPO OLEOMEX (OLEOFINOS);OLEOQUÍMICA MEXICANA S.A. de C.V.;MAPASTEPEC;Not RSPO Certified;;13/01/2026;15.344;-92.864.939;15.344, -92.864939;MEX;Mexico;Chiapas;Mapastepec;1-Fully Verified;
PO1000004759;UNKNOWN;PAKAL CONSULTORES EN AGRONEGOCIOS DEL SURESTE;FINCA LA LIMA;Not RSPO Certified;;13/01/2026;15.159;-92.590.455;15.159, -92.590455;MEX;Mexico;Chiapas;Villa Comaltitlán;1-Fully Verified;
PO1000004760;ACEITE CHIAPANECA LA PALMA S. DE P.R. DE R.L. DE C.V.;ACEITE CHIAPANECA LA PALMA S. DE P.R. DE R.L. DE C.V.;ACEITE CHIAPANECA LA PALMA S. DE P.R. DE R.L. DE C.V.;Not RSPO Certified;;13/01/2026;15.322;-92.822.108;15.322, -92.822108;MEX;Mexico;Chiapas;Acapetahua;1-Fully Verified;
PO1000004761;UNKNOWN;PROCESADORA DE ACEITE DE PALMA;PROCESADORA DE ACEITE DE PALMA;Not RSPO Certified;;13/01/2026;15.236;-92.586.494;15.236, -92.586494;MEX;Mexico;Chiapas;Villa Comaltitlán;1-Fully Verified;
PO1000004762;GRUPO PROPALMA;OLEOSUR;ACAPETAHUA;Not RSPO Certified;;13/01/2026;15.248;-92.678.264;15.248, -92.678264;MEX;Mexico;Chiapas;Villa Comaltitlán;1-Fully Verified;
PO1000004763;GRUPO NUMAR;PALMERAS OLEAGINOSAS DEL SUR S.A. DE C.V.;PALMERAS OLEAGINOSAS DEL SUR;Not RSPO Certified;;13/01/2026;17.573;-92.030.144;17.573, -92.030144;MEX;Mexico;Chiapas;Palenque;1-Fully Verified;
PO1000004764;UNKNOWN;OLEOFINOS DEL CARMEN;OLEOFINOS DEL CARMEN;Not RSPO Certified;;13/01/2026;18.262;-91.303.778;18.262, -91.303778;MEX;Mexico;Campeche;Carmen;1-Fully Verified;
PO1000004765;UNKNOWN; ACEITES DE PALMA, S.A. DE C.V.;ACEITES DE PALMA;RSPO Certified;RSPO Certified, MB;13/01/2026;18.047;-94.917.669;18.047, -94.917669;MEX;Mexico;Veracruz;Hueyapan de Ocampo;1-Fully Verified;
PO1000004766;UNKNOWN;CAL Y BLANCO S.A;CAL Y BLANCO S.A;Not RSPO Certified;;13/01/2026;10.035.692;-83.344.117;10.035692, -83.344117;CRI;Costa Rica;Limón;Matina;1-Fully Verified;
PO1000004767;GRUPO NUMAR;COMPAÑÍA INDUSTRIAL ACEITERA COTO 54 S.A.;INDUSTRIAL ACEITERA DE LA RAAS;Not RSPO Certified;;13/01/2026;1.226.502;-83.830.034;12.26502, -83.830034;NIC;Nicaragua;Atlántico Sur;Kukra Hill;1-Fully Verified;
PO1000004768;UNKNOWN;COAPALMA-ECARA (EMPRESA CAMPESINA AGROINDUSTRIAL DE LA REFORMA AGRARIA DE LA PALMA DE ACEITE);COAPALMA-ECARA;Not RSPO Certified;;13/01/2026;15.588.917;-86.112.833;15.588917, -86.112833;HND;Honduras;Colón;Tocoa;1-Fully Verified;
PO1000004771;SIFCA;PALMCI;PALMCI TOUMANGUIE;Not RSPO Certified;;13/01/2026;53.639;-3.380.451;5.3639, -3.380451;CIV;Côte d'Ivoire;Comoé;Sud Comoé;1-Fully Verified;
PO1000004773;SIFCA;PALMCI;PALMCI GBAPET;Not RSPO Certified;;13/01/2026;49.695;-750.486;4.9695, -7.50486;CIV;Côte d'Ivoire;Bas-Sassandra;San-Pédro;1-Fully Verified;
PO1000004774;SIFCA;PALMCI;PALMCI NEKA;Not RSPO Certified;;13/01/2026;5.241.933;-740.115;5.241933, -7.40115;CIV;Côte d'Ivoire;Bas-Sassandra;San-Pédro;1-Fully Verified;
PO1000004777;SIFCA;PALMCI;PALMCI ANTENNE 1;Not RSPO Certified;;13/01/2026;52.005;-3.038;5.2005, -3.038;CIV;Côte d'Ivoire;Comoé;Sud Comoé;1-Fully Verified;
PO1000004778;SIFCA;PALMCI;PALMCI ANTENNE 2;Not RSPO Certified;;13/01/2026;53.381;-29.821;5.3381, -2.9821;CIV;Côte d'Ivoire;Comoé;Sud Comoé;1-Fully Verified;
PO1000004780;UNKNOWN;RUCHI SOYA INDUSTRIES LTD;PEDDAPURAM;Not RSPO Certified;;13/01/2026;17.058;82.136;17.058, 82.1359999999999;IND;India;Andhra Pradesh;East Godavari;1-Fully Verified;
PO1000004785;BOUSTEAD PLANTATIONS BERHAD;BOUSTEAD PELITA TINJAR SDN BHD;LOAGAN BUNUT;Not RSPO Certified;;13/01/2026;3.726.871;114.280.914;3.726871, 114.280914;MYS;Malaysia;Sarawak;Marudi;1-Fully Verified;
PO1000004786;CHIN TECK PLANTATIONS BERHAD;CHIN TECK PLANTATIONS BHD;KERATONG;Not RSPO Certified;;13/01/2026;3.294.139;102.821.528;3.294139, 102.821528;MYS;Malaysia;Pahang;Rompin;1-Fully Verified;
PO1000004788;GLENEALY PLANTATIONS SDN BHD;SAMLING PLANTATION SDN BHD;SAMLING;Not RSPO Certified;;13/01/2026;3.032.675;114.094.464;3.032675, 114.094464;MYS;Malaysia;Sarawak;Belaga;1-Fully Verified;
PO1000004790;GLENEALY PLANTATIONS SDN BHD;SAMLING PLANTATION SDN BHD;LANA;Not RSPO Certified;;13/01/2026;2.515.615;11.338.449;2.515615, 113.38449;MYS;Malaysia;Sarawak;Belaga;1-Fully Verified;
PO1000004794;SABAH LAND DEVELOPMENT BOARD;KENINGAU PALM OIL MILL SDN BHD;KENINGAU POM;Not RSPO Certified;;13/01/2026;5.109.346;116.094.151;5.109346, 116.094151;MYS;Malaysia;Sabah;Keningau;1-Fully Verified;
PO1000004795;TETANGGA AKRAB;TETANGGA AKRAB SDN BHD;TETANGGA AKRAB 1;Not RSPO Certified;;13/01/2026;10.225;110.691.667;1.0225, 110.691667;MYS;Malaysia;Sarawak;Serian;1-Fully Verified;
PO1000004796;N.Y. HIEW (HOLDINGS) SDN BHD;KOONG SHING SDN BHD;TINGKAYU;Not RSPO Certified;;13/01/2026;4.827.636;11.806.325;4.827636, 118.06325;MYS;Malaysia;Sabah;Kunak;1-Fully Verified;
PO1000004797;MELANGKING OIL PALM PLANTATION SDN BHD;MELANGKING OIL PALM PLANTATION SDN BHD;MELANGKING;Not RSPO Certified;;13/01/2026;5.622.239;118.247.251;5.622239, 118.247251;MYS;Malaysia;Sabah;Sandakan;1-Fully Verified;
PO1000004798;RIMBUNAN SAWIT BERHAD;RSB LUNDU PALM OIL MILL SDN BHD;LUNDU;Not RSPO Certified;;13/01/2026;1.509.295;109.906.071;1.509295, 109.906071;MYS;Malaysia;Sarawak;Lundu;1-Fully Verified;
PO1000004799;RINWOOD PELITA (MUKAH) PLANTATION SDN BHD;RINWOOD PELITA (MUKAH) PLANTATION SDN BHD;RINWOOD PELITA;Not RSPO Certified;;13/01/2026;2.873.748;112.244.532;2.873748, 112.244532;MYS;Malaysia;Sarawak;Mukah;1-Fully Verified;
PO1000004833;SARAWAK LAND CONSOLIDATION AND REHABILITATION AUTHORITY (SALCRA);SARATOK PALM OIL MILL SDN BHD;SARATOK;Not RSPO Certified;;13/01/2026;171.251;111.430.007;1.71251, 111.430007;MYS;Malaysia;Sarawak;Saratok;1-Fully Verified;
PO1000004834;SEGALONG GROUP;SANG GUAN OIL MILL SDN BHD;SANG GUAN;Not RSPO Certified;;13/01/2026;4.559.354;118.183.722;4.559354, 118.183722;MYS;Malaysia;Sabah;Tawau;1-Fully Verified;
PO1000004835;SEONG THYE PLANTATIONS SDN BHD;SEONG THYE PLANTATIONS SDN BHD;LADANG ROMPIN;Not RSPO Certified;;13/01/2026;2.939;1.032.438;2.939, 103.2438;MYS;Malaysia;Pahang;Rompin;1-Fully Verified;
PO1000004836;TH PLANTATIONS BERHAD;THP SARIBAS SDN BHD;LADANG RAJA UDANG;Not RSPO Certified;;13/01/2026;1.665.339;11.120.196;1.665339, 111.20196;MYS;Malaysia;Sarawak;Betong;2-High Confidence;
PO1000004838;TRADEWINDS PLANTATION BERHAD;LADANG PETRI TENGGARA SDN BHD;ULU SEBOL;Not RSPO Certified;;13/01/2026;1.888.611;103.621.833;1.888611, 103.621833;MYS;Malaysia;Johor;Kota Tinggi;1-Fully Verified;
PO1000004839;TSH RESOURCES;TSH PLANTATION MANAGEMENT SDN BHD;SABAHAN;Not RSPO Certified;;13/01/2026;4.819.294;118.087.737;4.819294, 118.087737;MYS;Malaysia;Sabah;Kunak;1-Fully Verified;
PO1000004840;WTK HOLDINGS BHD;SOUTHWIND PLANTATION SDN BHD;SOUTHWIND;Not RSPO Certified;;13/01/2026;3.638.101;113.502.748;3.638101, 113.502748;MYS;Malaysia;Sarawak;Miri;1-Fully Verified;
PO1000004841;TRINITY INTERLINK;BINA RAHMAD MADANI;BINA RAHMAD MADANI;Not RSPO Certified;;13/01/2026;3.931.867;98.179.583;3.931867, 98.179583;IDN;Indonesia;Sumatera Utara;Langkat;2-High Confidence;
PO1000004842;UNKNOWN;ANEKA PURA MULTI KERTA;KAMPUNG BARU;Not RSPO Certified;;13/01/2026;-1.078.917;103.007.933;-1.078917, 103.007933;IDN;Indonesia;Jambi;Tanjung Jabung B;1-Fully Verified;
PO1000004843;ASTRA AGRO LESTARI;SUMBER KHARISMA PERSADA;SUMBER KHARISMA PERSADA;Not RSPO Certified;;13/01/2026;1.014.086;118.048.363;1.014086, 118.048363;IDN;Indonesia;Kalimantan Timur;Kutai Timur;1-Fully Verified;
PO1000004844;BARITO PACIFIC;TINTIN BOYOK SAWIT MAKMUR;TINTIN BOYOK SAWIT MAKMUR;Not RSPO Certified;;13/01/2026;-0.111483;110.733.567;-0.111483, 110.733567;IDN;Indonesia;Kalimantan Barat;Sekadau;2-High Confidence;
PO1000004850;GOODHOPE;KARYA MAKMUR SEJAHTERA;KARYA MAKMUR SEJAHTERA;Not RSPO Certified;;13/01/2026;-1.922.451;112.293.768;-1.922451, 112.293768;IDN;Indonesia;Kalimantan Tengah;Kotawaringin Timur;2-High Confidence;
PO1000004852;DHARMA AGUNG WIJAYA (DAW);INTI GUNA NABATI;INTI GUNA NABATI;Not RSPO Certified;;13/01/2026;-2.416.483;102.680.667;-2.416483, 102.680667;IDN;Indonesia;Jambi;Sarolangun;1-Fully Verified;
PO1000004853;CARGILL;MAYA AGRO INVESTAMA;KEDIPI;RSPO Certified;RSPO Certified, MB;13/01/2026;-23.404;1.109.696;-2.3404, 110.9696;IDN;Indonesia;Kalimantan Barat;Ketapang;2-High Confidence;
PO1000004855;PTPN III;PERKEBUNAN NUSANTARA VI;SOLOK SELATAN;RSPO Certified;RSPO Certified, MB;13/01/2026;-1.392.715;101.478.578;-1.392715, 101.478578;IDN;Indonesia;Sumatera Barat;Solok Selatan;1-Fully Verified;
PO1000004856;PUNDI;PUNDI LAHAN KHATULISTIWA;PUNDI LAHAN KHATULISTIWA;Not RSPO Certified;;13/01/2026;-0.02075;1.095.462;-0.02075, 109.5462;IDN;Indonesia;Kalimantan Barat;Kubu Raya;1-Fully Verified;
PO1000004857;EAGLE HIGH PLANTATIONS;JAYA MANDIRI SUKSES;BANGKIRAI;RSPO Certified;RSPO Certified, MB;13/01/2026;-0.563446;116.373.882;-0.563446, 116.373882;IDN;Indonesia;Kalimantan Timur;Kutai Kartanegara;1-Fully Verified;
PO1000004858;KENCANA AGRI;AGRO INTI KENCANAMAS;AGRO INTI KENCANAMAS;Not RSPO Certified;;13/01/2026;-2.222.431;116.356.054;-2.222431, 116.356054;IDN;Indonesia;Kalimantan Timur;Paser;1-Fully Verified;
PO1000004859;PALMA SERASIH;ANUGERAH ENERGITAMA;ANUGERAH ENERGITAMA;Not RSPO Certified;;13/01/2026;0.791325;117.282.452;0.791325, 117.282452;IDN;Indonesia;Kalimantan Timur;Kutai Timur;1-Fully Verified;
PO1000004860;SIN TEK HUAT;BINA SAWIT NUSANTARA;BINA SAWIT NUSANTARA;Not RSPO Certified;;13/01/2026;0.165673;101.326.598;0.165673, 101.326598;IDN;Indonesia;Riau;Kampar;1-Fully Verified;
PO1000004861;MULIA SAWIT AGRO LESTARI (MSAL);MULIA SAWIT AGRO LESTARI;MULIA SAWIT AGRO LESTARI;Not RSPO Certified;;13/01/2026;-1.511.494;11.346.575;-1.511494, 113.46575;IDN;Indonesia;Kalimantan Tengah;Gunung Mas;1-Fully Verified;
PO1000004862;TELADAN PRIMA;TELEN;BUKIT PERMATA;Not RSPO Certified;;13/01/2026;108.243;117.722.415;1.08243, 117.722415;IDN;Indonesia;Kalimantan Timur;Kutai Timur;1-Fully Verified;
PO1000004863;PTPN III;PERKEBUNAN NUSANTARA VI;OPHIR;RSPO Certified;RSPO Certified, MB;13/01/2026;0.01405;9.983.695;0.01405, 99.83695;IDN;Indonesia;Sumatera Barat;Pasaman Barat;1-Fully Verified;
PO1000004864;INCASI RAYA (GUNAS);BINA PRATAMA SAKOTO JAYA;BINA PRATAMA SAKOTO JAYA;Not RSPO Certified;;13/01/2026;-1.393.349;101.593.242;-1.393349, 101.593242;IDN;Indonesia;Sumatera Barat;Solok Selatan;1-Fully Verified;
PO1000004865;EAGLE HIGH PLANTATIONS;BUMI HUTANI LESTARI;BUMI HUTANI LESTARI;Not RSPO Certified;;13/01/2026;-1.677.517;112.936.183;-1.677517, 112.936183;IDN;Indonesia;Kalimantan Tengah;Katingan;1-Fully Verified;
PO1000004866;BUMITAMA GUNAJAYA AGRO (BGA);AGRO SEJAHTERA MANUNGGAL;PEMBANGUNAN RAYA;RSPO Certified;RSPO Certified, IP, MB;13/01/2026;-2.546.278;110.384.971;-2.546278, 110.384971;IDN;Indonesia;Kalimantan Barat;Ketapang;1-Fully Verified;
PO1000004867;IOI CORPORATION;SUKSES KARYA SAWIT;SUKSES KARYA SAWIT;RSPO Certified;RSPO Certified, MB;13/01/2026;-2.801.034;11.059.375;-2.801034, 110.59375;IDN;Indonesia;Kalimantan Barat;Ketapang;1-Fully Verified;
PO1000004868;BUKIT ASAM;BUMI SAWINDO PERMAI;BUMI SAWINDO PERMAI;Not RSPO Certified;;13/01/2026;-3.851.717;10.380.405;-3.851717, 103.80405;IDN;Indonesia;Sumatera Selatan;Muara Enim;1-Fully Verified;
PO1000004869;GAMA PLANTATIONS;PATIWARE;PATIWARE;Not RSPO Certified;;13/01/2026;0.740717;108.941.867;0.740717, 108.941867;IDN;Indonesia;Kalimantan Barat;Bengkayang;1-Fully Verified;
PO1000004922;MAHKOTA;BERLIAN INTI MEKAR;SIAK;Not RSPO Certified;;13/01/2026;0.63875;1.019.764.833;0.63875, 101.9764833;IDN;Indonesia;Riau;Siak;1-Fully Verified;
PO1000004924;UNKNOWN;MAKMUR ANUGERAH SAWITINDO;MAKMUR ANUGERAH SAWITINDO;Not RSPO Certified;;13/01/2026;3.695.101;98.514.633;3.695101, 98.514633;IDN;Indonesia;Sumatera Utara;Deli Serdang;2-High Confidence;
PO1000004925;BINTANG HARAPAN DESA (BHD);SURYA BORNEO INDAH;PADU;Not RSPO Certified;;13/01/2026;-0.038883;110.193.883;-0.038883, 110.193883;IDN;Indonesia;Kalimantan Barat;Sanggau;1-Fully Verified;
PO1000004927;PTPN III;PERKEBUNAN NUSANTARA III;SEI MERANTI;Not RSPO Certified;;13/01/2026;1.643.317;100.417.617;1.643317, 100.417617;IDN;Indonesia;Riau;Rokan Hilir;1-Fully Verified;
PO1000004929;PTPN III;PERKEBUNAN NUSANTARA III;TORGAMBA;RSPO Certified;RSPO Certified, MB;13/01/2026;1.709.217;100.289.067;1.709217, 100.289067;IDN;Indonesia;Sumatera Utara;Labuhanbatu Selatan;1-Fully Verified;
PO1000004930;BUMITAMA GUNAJAYA AGRO (BGA);WINDU NABATINDO LESTARI;SELUCING AGRO;;;;;;;;;;;;
;;;;;;;;;;;;;;;
;Not RSPO Certified;;13/01/2026;-1.883.033;11.303.175;-1.883.033;" 113.03175""";IDN;Indonesia;Kalimantan Tengah;Kotawaringin Timur;1-Fully Verified;;;
PO1000004931;MERBAUJAYA INDAHRAYA;SWADAYA SAPTA PUTRA;SWADAYA SAPTA PUTRA;Not RSPO Certified;;13/01/2026;-1.993.683;112.831.683;-1.993683, 112.831683;IDN;Indonesia;Kalimantan Tengah;Kotawaringin Timur;1-Fully Verified;
PO1000004932;ASTRA AGRO LESTARI;NIRMALA AGRO LESTARI;NIRMALA AGRO LESTARI;Not RSPO Certified;;13/01/2026;-2.091.933;11.148.705;-2.091933, 111.48705;IDN;Indonesia;Kalimantan Tengah;Lamandau;1-Fully Verified;
PO1000004934;CHELLAM PLANTATIONS;PUCUK JAYA;PUCUK JAYA;Not RSPO Certified;;13/01/2026;-2.232.983;116.048.883;-2.232983, 116.048883;IDN;Indonesia;Kalimantan Timur;Paser;1-Fully Verified;
PO1000004935;ASTRA AGRO LESTARI;SARI LEMBAH SUBUR;SARI LEMBAH SUBUR 1;Not RSPO Certified;;13/01/2026;-0.051;102.252;-0.051, 102.252;IDN;Indonesia;Riau;Pelalawan;2-High Confidence;
PO1000004937;MEDCO AGRO;SABUT MAS ABADI;MEDANG SARI;Not RSPO Certified;;13/01/2026;-2.538.767;11.166.785;-2.538767, 111.66785;IDN;Indonesia;Kalimantan Tengah;Kotawaringin Barat;1-Fully Verified;
PO1000004938;SRIWIJAYA PALM OIL;SRIWIJAYA PALM OIL INDONESIA;SRIWIJAYA PALM OIL INDONESIA;Not RSPO Certified;;13/01/2026;-2.825.767;1.047.353;-2.825767, 104.7353;IDN;Indonesia;Sumatera Selatan;Banyu Asin;1-Fully Verified;
PO1000004940;UNKNOWN;SINAR TENERA;SINAR TENERA;Not RSPO Certified;;13/01/2026;3.070.117;992.047;3.070117, 99.2047;IDN;Indonesia;Sumatera Utara;Simalungun;2-High Confidence;
PO1000004942;ANGLO-EASTERN PLANTATION (AEP);MITRA PUDING MAS;MITRA PUDING MAS;Not RSPO Certified;;13/01/2026;-3.133.789;10.160.162;-3.133789, 101.60162;IDN;Indonesia;Bengkulu;Mukomuko;1-Fully Verified;
PO1000004944;PTPN III;PERKEBUNAN NUSANTARA II;PAGAR MERBAU;RSPO Certified;RSPO Certified, MB;13/01/2026;3.526.085;9.889.842;3.526085, 98.89842;IDN;Indonesia;Sumatera Utara;Deli Serdang;1-Fully Verified;
PO1000004945;UNKNOWN;BIO NUSANTARA TEKNOLOGI;SEI LEMAU;Not RSPO Certified;;13/01/2026;-3.644.467;10.224.245;-3.644467, 102.24245;IDN;Indonesia;Bengkulu;Bengkulu Tengah;1-Fully Verified;
PO1000004946;GAGAH PUTERA SATRIA (GPS);BUANA KARYA BHAKTI;BATULAKI;Not RSPO Certified;;13/01/2026;-3.673;115.481;-3.673, 115.481;IDN;Indonesia;Kalimantan Selatan;Tanah Bumbu;2-High Confidence;
PO1000004947;KORINDO;TUNAS SAWA ERMA;DIMEX SELARAS;Not RSPO Certified;;13/01/2026;-6.610.282;14.056.483;-6.610282, 140.56483;IDN;Indonesia;Papua;Boven Digoel;1-Fully Verified;
PO1000004948;PTPN III;PERKEBUNAN NUSANTARA III;SEI SILAU;RSPO Certified;RSPO Certified, IP, MB;13/01/2026;290.205;995.094;2.90205, 99.5094;IDN;Indonesia;Sumatera Utara;Asahan;1-Fully Verified;
PO1000004955;AGROPALMA;AGROPALMA;PARAPALMA;Not RSPO Certified;;13/01/2026;-2.543.461;-48.706.247;-2.543461, -48.706247;BRA;Brazil;Pará;Tailândia;1-Fully Verified;
PO1000004976;UNKNOWN;S.P.O AGRO-INDUSTRIES CO, LTD;S.P.O.AGRO-INDUSTRIES CO.,LTD.(SICHON);Not RSPO Certified;;13/01/2026;8.975.167;99.879.517;8.975167, 99.879517;THA;Thailand;Nakhon Si Thammarat;Sichon;1-Fully Verified;
PO1000005085;UNKNOWN;INDUSTRIAS DE JABONES Y DETERGENTES LAS PALMAS, S. A.;INDUSTRIAS DE JABONES Y DETERGENTES LAS PALMAS, S. A.;Not RSPO Certified;;13/01/2026;14.042.111;-91.122.194;14.042111, -91.122194;GTM;Guatemala;Escuintla;La Gomera;1-Fully Verified;
PO1000005100;KUALA LUMPUR KEPONG (KLK);PARIT SEMBADA;PARIT SEMBADA;RSPO Certified;RSPO Certified, MB;13/01/2026;-2.739.621;108.001.782;-2.739621, 108.001782;IDN;Indonesia;Bangka Belitung;Belitung Timur;1-Fully Verified;
PO1000005104;BUMITAMA GUNAJAYA AGRO (BGA);WINDU NABATINDO LESTARI;KATARI AGRO;RSPO Certified;RSPO Certified, MB;13/01/2026;-2.091.944;113.033.333;-2.091944, 113.033333;IDN;Indonesia;Kalimantan Tengah;Kotawaringin Timur;1-Fully Verified;
PO1000005106;UNKNOWN;NIKMAT HALONA REKSA;SEBERIDA;Not RSPO Certified;;13/01/2026;-0.734713;102.524.086;-0.734713, 102.524086;IDN;Indonesia;Riau;Indragiri Hulu;1-Fully Verified;
PO1000005117;MANUELITA;ACEITES MANUELITA;ACEITES MANUELITA S.A. (YAGUARITO);Not RSPO Certified;;13/01/2026;3.882.933;-73.341.206;3.882933, -73.341206;COL;Colombia;Meta;San Carlos de Guaroa;1-Fully Verified;
PO1000005128;PTPN III;PERKEBUNAN NUSANTARA V;SEI ROKAN;RSPO Certified;RSPO Certified, IP;13/01/2026;0.7257222;10.057.898;0.7257222, 100.57898;IDN;Indonesia;Riau;Rokan Hulu;1-Fully Verified;
PO1000005145;UNKNOWN;NAULI SAWIT;NAULI SAWIT;Not RSPO Certified;;13/01/2026;2.084.092;98.312.222;2.084092, 98.312222;IDN;Indonesia;Sumatera Utara;Tapanuli Tengah;1-Fully Verified;
PO1000005155;MAKIN;KATINGAN INDAH UTAMA;KABUAU;Not RSPO Certified;;13/01/2026;-211.044;11.274.684;-2.11044, 112.74684;IDN;Indonesia;Kalimantan Tengah;Kotawaringin Timur;2-High Confidence;
PO1000005202;ANDIKA;ANDIKA PERMATA SAWIT LESTARI;ANDIKA PERMATA SAWIT LESTARI;Not RSPO Certified;;13/01/2026;1.089;100.776;1.089, 100.776;IDN;Indonesia;Riau;Rokan Hulu;1-Fully Verified;
PO1000005203;ASTRA AGRO LESTARI;SURYAINDAH NUSANTARA PAGI;SURYA INDAH NUSANTARA PAGI;Not RSPO Certified;;13/01/2026;-2.255;111.976;-2.255, 111.976;IDN;Indonesia;Kalimantan Tengah;Kotawaringin Barat;1-Fully Verified;
PO1000005204;UNKNOWN;KENCANA KATARA KEWALA;KENCANA KETARA KEWALA;Not RSPO Certified;;13/01/2026;-3.363.583;101.826.889;-3.363583, 101.826889;IDN;Indonesia;Bengkulu;Bengkulu Utara;1-Fully Verified;
PO1000005205;TIANJIN JULONG;LX INTERNATIONAL;GRAND UTAMA MANDIRI (SEJAHTERA);Not RSPO Certified;;13/01/2026;0.469845;111.211.969;0.469845, 111.211969;IDN;Indonesia;Kalimantan Barat;Sekadau;1-Fully Verified;
PO1000005206;UNKNOWN;BENGKULU SAWIT LESTARI;BENGKULU SAWIT LESTARI;Not RSPO Certified;;13/01/2026;-4.533.458;1.030.570.027;-4.533458, 103.0570027;IDN;Indonesia;Bengkulu;Bengkulu Selatan;1-Fully Verified;
PO1000005208;FANGIONO AGRO PLANTATION (FAP AGRI);KARANG JUANG HIJAU LESTARI;KARANG JUANG HIJAU LESTARI;Not RSPO Certified;;13/01/2026;4.036;116.927;4.036, 116.927;IDN;Indonesia;Kalimantan Timur;Nunukan;1-Fully Verified;
PO1000005210;MEDCO AGRO;CIPTATANI KUMAI SEJAHTERA;CIPTATANI KUMAI SEJAHTERA;Not RSPO Certified;;13/01/2026;-21.839;112.034.267;-2.1839, 112.034267;IDN;Indonesia;Kalimantan Tengah;Seruyan;2-High Confidence;
PO1000005212;UNKNOWN;PERKEBUNAN SUMATERA UTARA;TANJUNG KASAU;Not RSPO Certified;;13/01/2026;3.301;99.276;3.301, 99.276;IDN;Indonesia;Sumatera Utara;Batu Bara;1-Fully Verified;
PO1000005218;CILIANDRY ANKY ABADI;TIRTA MADU;TIRTA MADU;Not RSPO Certified;;13/01/2026;1.036.278;104.596.081;1.036278, 104.596081;IDN;Indonesia;Kepulauan Riau;Bintan;1-Fully Verified;
PO1000005219;FANGIONO AGRO PLANTATION (FAP AGRI);TIRTAMADU SAWIT JAYA;TIRTAMADU SAWIT JAYA;Not RSPO Certified;;13/01/2026;4.114.175;117.040.539;4.114175, 117.040539;IDN;Indonesia;Kalimantan Timur;Nunukan;1-Fully Verified;
PO1000005221;KORINDO;TUNAS SAWA ERMA;MITRA INDO CEMERLANG;Not RSPO Certified;;13/01/2026;-6.646;140.278;-6.646, 140.278;IDN;Indonesia;Papua;Boven Digoel;1-Fully Verified;
PO1000005222;TRIPUTRA AGRO PERSADA;FIRST LAMANDAU TIMBER INTERNATIONAL;FIRST LAMANDAU TIMBER INTERNATIONAL;RSPO Certified;RSPO Certified, MB;13/01/2026;-185.017;11.146.939;-1.85017, 111.46939;IDN;Indonesia;Kalimantan Tengah;Lamandau;1-Fully Verified;
PO1000005223;SIFCA;PALMCI;PALMCI EHANIA;Not RSPO Certified;;13/01/2026;529.469;-3.053.336;5.29469, -3.053336;CIV;Côte d'Ivoire;Comoé;Sud Comoé;1-Fully Verified;
PO1000005224;SIFCA;PALMCI;IROBO;Not RSPO Certified;;13/01/2026;5.298.108;-4.796.635;5.298108, -4.796635;CIV;Côte d'Ivoire;Lagunes;Grands Ponts;1-Fully verified;
PO1000005225;SIFCA;PALMCI;IBOKE;Not RSPO Certified;;13/01/2026;4.684.363;-7.412.952;4.684363, -7.412952;CIV;Côte d'Ivoire;Bas-Sassandra;San-Pédro;2-High Confidence;
PO1000005226;SIFCA;PALMCI;PALMCI BLIDOUBA;Not RSPO Certified;;13/01/2026;45.656;-75.126;4.5656, -7.5126;CIV;Côte d'Ivoire;Bas-Sassandra;San-Pédro;1-Fully Verified;
PO1000005246;HARN LEN CORPORATION BHD;MASRANTI PLANTATION SDN BHD;MASRANTI;Not RSPO Certified;;13/01/2026;111.605;110.824.503;1.11605, 110.824503;MYS;Malaysia;Sarawak;Serian;2-High Confidence;
PO1000005256;KULIM (MALAYSIA) BERHAD;MAHAMURNI PLANTATIONS SDN BHD;PASIR PANJANG;RSPO Certified;RSPO Certified, IP;13/01/2026;2.018.014;103.948.577;2.018014, 103.948577;MYS;Malaysia;Johor;Kota Tinggi;1-Fully Verified;
PO1000005281;WILMAR GROUP;MURINI SAMSAM;MURINI SAM-SAM KANDIS;RSPO Certified;RSPO Certified, MB;13/01/2026;1.060.361;101.239.417;1.060361, 101.239417;IDN;Indonesia;Riau;Bengkalis;1-Fully Verified;
PO1000005302;BUMITAMA GUNAJAYA AGRO (BGA);KARYA MAKMUR BAHAGIA;BUKIT MAKMUR;RSPO Certified;RSPO Certified, MB;13/01/2026;-1.567.778;11.272.111;-1.567778, 112.72111;IDN;Indonesia;Kalimantan Tengah;Kotawaringin Timur;1-Fully Verified;
PO1000005328;UNKNOWN;CHUMPORN PALM OIL INDUSTRY PUBLIC COMPANY LTD;CPP COMPANY LIMITED;Not RSPO Certified;;13/01/2026;10.959.611;99.405.361;10.959611, 99.405361;THA;Thailand;Prachuap Khiri Khan;Bang Saphan Noi;1-Fully Verified;
PO1000005375;UNKNOWN;THAITALLOW AND OIL CO.LTD;THAITALLOW AND OIL CO.LTD (SITE 2);Not RSPO Certified;;13/01/2026;86.137.028;9.899.985;8.6137028, 98.99985;THA;Thailand;Surat Thani;Prasaeng;1-Fully Verified;
PO1000005442;PTPN III;PERKEBUNAN NUSANTARA VI;RIMBU DUA;RSPO Certified;RSPO Certified, MB;13/01/2026;-13.777;1.021.677;-1.3777, 102.1677;IDN;Indonesia;Jambi;Tebo;1-Fully Verified;
PO1000005484;NORPALM GHANA LIMITED;NORPALM GHANA LTD;NGL FACTORY;RSPO Certified;RSPO Certified, MB;13/01/2026;4.928.056;-1.896.389;4.928056, -1.896389;GHA;Ghana;Western;Mpohor Wassa East;1-Fully Verified;
PO1000005521;GENTING PLANTATIONS;GENTING SDC SDN BHD;GENTING TANJUNG;RSPO Certified;RSPO Certified, IP, MB;13/01/2026;5.422.626;118.273.154;5.422626, 118.273154;MYS;Malaysia;Sabah;Kinabatangan;1-Fully Verified;ASIATIC SRI TANJUNG
PO1000005560;NATURACEITES S.A.;NATURACEITES S.A.;PANACTE;Not RSPO Certified;;13/01/2026;15.307.381;-89.617.156;15.307381, -89.617156;GTM;Guatemala;Izabal;El Estor;1-Fully Verified;
PO1000005580;SAMPOERNA AGRO;SELAPAN JAYA;SELAPAN JAYA;RSPO Certified;RSPO Certified, IP, MB;13/01/2026;-37.076.028;105.097.086;-3.7076028, 105.097086;IDN;Indonesia;Sumatera Selatan;Ogan Komering Ilir;1-Fully Verified;
PO1000005626;UNKNOWN;ISAN PALM INDUSTRY DEVELOPMENT COMPANY LTD;ISAN PALM INDUSTRY DEVELOPMENT COMPANY LIMITED;Not RSPO Certified;;13/01/2026;1.759.646;10.386.072;17.59646, 103.86072;THA;Thailand;Sakon Nakhon;Wanon Niwat;1-Fully Verified;
PO1000005713;JC CHANG (PTE) LTD;LAHAD DATU SDN BHD;LAHAD DATU;RSPO Certified;RSPO Certified, IP, MB;13/01/2026;53.194.167;118.042.722;5.3194167, 118.042722;MYS;Malaysia;Sabah;Kinabatangan;1-Fully Verified;
PO1000005719;SIAT;PRESCO PLC;PRESCO PLC;Not RSPO Certified;;13/01/2026;6.139.139;5.714;6.139139, 5.714;NGA;Nigeria;Edo;Ikpoba-Okha;1-Fully Verified;
PO1000005793;KUALA LUMPUR KEPONG (KLK);JABONTARA EKA KARSA;JABON;RSPO Certified;RSPO Certified, IP, MB;13/01/2026;1.243.126;118.338.642;1.243126, 118.338642;IDN;Indonesia;Kalimantan Timur;Berau;1-Fully Verified;
PO1000005803;KUALA LUMPUR KEPONG (KLK);LANGKAT NUSANTARA KEPONG;STABAT;RSPO Certified;RSPO Certified, IP, MB;13/01/2026;3.759.722;98.393.056;3.759722, 98.393056;IDN;Indonesia;Sumatera Utara;Langkat;1-Fully Verified;
PO1000005868;PTPN III;PERKEBUNAN NUSANTARA IV;DOLOK SINUMBAH;RSPO Certified;RSPO Certified, MB;13/01/2026;31.129;99.327.311;3.1129, 99.327311;IDN;Indonesia;Sumatera Utara;Simalungun;1-Fully Verified;
PO1000006106;UNKNOWN;ORGANIC SUPPLY S.A.;ORGANIC SUPPLY S.A.;Not RSPO Certified;;13/01/2026;-0.125785;-79.444.864;-0.125785, -79.444864;ECU;Ecuador;Santo Domingo de los Tsachilas;Santo Domingo;2-High Confidence;
PO1000006136;GRUPO HAME;OLMECA;ATLÁNTIDA S.A.;RSPO Certified;RSPO Certified, IP;13/01/2026;14.636.667;-92.148.417;14.636667, -92.148417;GTM;Guatemala;San Marcos;Ayutla;1-Fully Verified;
PO1000006137;AGROAMERICA;AGROACEITE SA;EXTRACTORA AGROACEITE;RSPO Certified;RSPO Certified, IP;13/01/2026;14.555.208;-92.006;14.555208, -92.006;GTM;Guatemala;Quezaltenango;Coatepeque;1-Fully Verified;
PO1000006138;GRUPO HAME;SANTA ROSA S.A.;SANTA ROSA I;RSPO Certified;RSPO Certified, IP;13/01/2026;14.218.639;-91.398.472;14.218639, -91.398472;GTM;Guatemala;Escuintla;Tiquisate;1-Fully Verified;
PO1000006144;UNKNOWN;TEGUH KARSA WANALESTARI;BUNGA RAYA;Not RSPO Certified;;13/01/2026;0.92772;10.202.125;0.92772, 102.02125;IDN;Indonesia;Riau;Siak;1-Fully Verified;
PO1000006145;IJM PLANTATIONS BERHAD;INDONESIA PLANTATION SYNERGY;INDONESIA PLANTATION SYNERGY;RSPO Certified;RSPO Certified, MB;13/01/2026;0.781844;117.990.856;0.781844, 117.990856;IDN;Indonesia;Kalimantan Timur;Kutai Timur;1-Fully Verified;
PO1000006147;PTPN III;PERKEBUNAN NUSANTARA V;SEI INTAN;RSPO Certified;RSPO Certified, MB;13/01/2026;0.7838056;1.006.116.389;0.7838056, 100.6116389;IDN;Indonesia;Riau;Rokan Hulu;1-Fully Verified;
PO1000006150;BIMA PALMA;BIMA PALMA NUGRAHA;TEPIAN LANGSAT;RSPO Certified;RSPO Certified, MB;13/01/2026;0.751819;117.405.166;0.751819, 117.405166;IDN;Indonesia;Kalimantan Timur;Kutai Timur;1-Fully Verified;
PO1000006152;UNKNOWN;RIAU KAMPAR SAHABAT SEJATI;SUKARAMAI;Not RSPO Certified;;13/01/2026;0.6588611;1.008.966.944;0.6588611, 100.8966944;IDN;Indonesia;Riau;Kampar;1-Fully Verified;
PO1000006153;UNKNOWN;PERSADA NUSA NABATI INDONESIA;PERSADA NUSA NABATI INDONESIA;Not RSPO Certified;;13/01/2026;0.648558;101.485.061;0.648558, 101.485061;IDN;Indonesia;Riau;Pekanbaru;1-Fully Verified;
PO1000006156;EAGLE HIGH PLANTATIONS;SAWIT SUKSES SEJAHTERA;SAWIT SUKSES SEJAHTERA;Not RSPO Certified;;13/01/2026;0.41975;116.49;0.41975, 116.49;IDN;Indonesia;Kalimantan Timur;Kutai Timur;1-Fully Verified;
PO1000006158;BOUSTEAD PLANTATIONS BERHAD;BOUSTEAD PLANTATIONS BHD;LEPAN KABU KKS;Not RSPO Certified;;13/01/2026;5.482.125;102.219.672;5.482125, 102.219672;MYS;Malaysia;Kelantan;Kuala Krai;1-Fully Verified;
PO1000006159;PTPN III;PERKEBUNAN NUSANTARA V;SUNGAI PAGAR;RSPO Certified;RSPO Certified, MB;13/01/2026;0.32605;10.135.253;0.32605, 101.35253;IDN;Indonesia;Riau;Kampar;1-Fully Verified;
PO1000006160;PALMAFRIQUE;PALMAFRIQUE;ELOKA;Not RSPO Certified;;13/01/2026;5.316.109;-3.801.837;5.316109, -3.801837;CIV;Côte d'Ivoire;Abidjan;Abidjan;1-Fully Verified;
PO1000006161;SUPERVENTURE;USAHA SAWIT MANDIRI;USAHA SAWIT MANDIRI;Not RSPO Certified;;13/01/2026;0.30609;994.476;0.30609, 99.4476;IDN;Indonesia;Sumatera Barat;Pasaman Barat;1-Fully Verified;
PO1000006165;B-BOVID GHANA;B-BOVID GHANA;B-BOVID;Not RSPO Certified;;13/01/2026;4.941.258;-1.859.481;4.941258, -1.859481;GHA;Ghana;Western;Mpohor Wassa East;1-Fully Verified;
PO1000006167;DITALI SDN BHD;WARIS SELESA SDN BHD;WARIS SELESA;Not RSPO Certified;;13/01/2026;4.869.653;118.090.641;4.869653, 118.090641;MYS;Malaysia;Sabah;Kunak;1-Fully Verified;
PO1000006169;CHIN TECK PLANTATIONS BERHAD;CHIN TECK PLANTATIONS BHD;GUA MUSANG;Not RSPO Certified;;13/01/2026;48.365;102.004.417;4.8365, 102.004417;MYS;Malaysia;Kelantan;Gua Musang;1-Fully Verified;
PO1000006173;ROYAL GOLDEN EAGLE;INTI INDOSAWIT SUBUR;TANJUNG PAUH;Not RSPO Certified;;13/01/2026;-0.09765;10.129.788;-0.09765, 101.29788;IDN;Indonesia;Riau;Kuantan Singingi;2-High Confidence;
PO1000006176;UNKNOWN;PERSADA AGRO SAWITA;PERSADA AGRO SAWITA;Not RSPO Certified;;13/01/2026;-0.41125;1.023.595;-0.41125, 102.3595;IDN;Indonesia;Riau;Indragiri Hulu;1-Fully Verified;
PO1000006177;FGV HOLDINGS BERHAD;FGV PALM INDUSTRIES SDN BHD;KECHAU A;Not RSPO Certified;;13/01/2026;4.292.928;102.076.614;4.292928, 102.076614;MYS;Malaysia;Pahang;Lipis;1-Fully Verified;
PO1000006178;INPARME S.A.;ALIANZA DEL HUMEA S.A.S.;ALIANZA DEL HUMEA S.A.S.;Not RSPO Certified;;13/01/2026;4.269.703;-72.981.181;4.269703, -72.981181;COL;Colombia;Meta;Cabuyaro;1-Fully Verified;
PO1000006180;SARAWAK OIL PALMS BERHAD;SARAWAK OIL PALMS BHD;TINBARAP;Not RSPO Certified;;13/01/2026;40.219;1.142.876;4.0219, 114.2876;MYS;Malaysia;Sarawak;Marudi;1-Fully Verified;
PO1000006181;UNKNOWN;TALANG JERINJING SAWIT;TALANG JERINJING PALM;Not RSPO Certified;;13/01/2026;-0.46315;10.246.722;-0.46315, 102.46722;IDN;Indonesia;Riau;Indragiri Hulu;1-Fully Verified;
PO1000006182;UNKNOWN;KARIMUN AROMATICS;KARIMUN AROMATICS;Not RSPO Certified;;13/01/2026;4.013.075;98.149.517;4.013075, 98.149517;IDN;Indonesia;Sumatera Utara;Langkat;1-Fully Verified;
PO1000006184;INCASI RAYA (GUNAS);SUMATERA MAKMUR LESTARI;SUMATERA MAKMUR LESTARI*;Not RSPO Certified;;13/01/2026;-0.662;102.345;-0.662, 102.345;IDN;Indonesia;Riau;Indragiri Hulu;1-Fully Verified;
PO1000006186;SUPERVENTURE;KEMILAU PERMATA SAWIT;SIJUNJUNG;Not RSPO Certified;;13/01/2026;-0.903778;1.013.981.389;-0.903778, 101.3981389;IDN;Indonesia;Sumatera Barat;Sijunjung;1-Fully Verified;
PO1000006188;GOODHOPE;AGRO INDOMAS;BUMI JAYA;Not RSPO Certified;;13/01/2026;-10.148.244;1.166.895.414;-1.0148244, 116.6895414;IDN;Indonesia;Kalimantan Timur;Penajam Paser Utara;1-Fully Verified;
PO1000006189;TIAN SIANG HOLDINGS SDN BHD;TIAN SIANG OILL MILL (PAHANG) SDN BHD;TIAN SIANG PAHANG;Not RSPO Certified;;13/01/2026;3.986.498;101.792.486;3.986498, 101.792486;MYS;Malaysia;Pahang;Raub;1-Fully Verified;
PO1000006192;MHC PLANTATIONS BHD;ANSON OIL INDUSTRIES SDN BHD;ANSON OIL INDUSTRIES;Not RSPO Certified;;13/01/2026;395.556;101.199;3.95556, 101.199;MYS;Malaysia;Perak;Hilir Perak;1-Fully Verified;
PO1000006194;KEMA DEVELOPMENT SDN BHD;KEMA DEVELOPMENT SDN BHD;KEMA DEVELOPMENT;Not RSPO Certified;;13/01/2026;3.729.276;102.888.766;3.729276, 102.888766;MYS;Malaysia;Pahang;Kuantan;1-Fully Verified;
PO1000006195;UNKNOWN;DENDE DO PARA S A DENPASA;DENDE DO PARA SA DENPASA;Not RSPO Certified;;13/01/2026;-1.190.722;-48.121.666;-1.190722, -48.121666;BRA;Brazil;Pará;Santo Antônio do Tauá;1-Fully Verified;
PO1000006198;ASTRA AGRO LESTARI;SUKSES TANI NUSASUBUR;SUKSES TANI SUBUR;Not RSPO Certified;;13/01/2026;-1.381.201;116.474.659;-1.381201, 116.474659;IDN;Indonesia;Kalimantan Timur;Penajam Paser Utara;1-Fully Verified;
PO1000006199;SERN LEE ENTERPRISE SDN BHD;SRI SENGGORA KILANG KELAPA SAWIT SDN BHD;SRI SENGGORA;Not RSPO Certified;;13/01/2026;3.603.726;102.917.673;3.603726, 102.917673;MYS;Malaysia;Pahang;Pekan;1-Fully Verified;
PO1000006200;UNKNOWN;BONITO - PA;MEJER AGROFLORESTAL;Not RSPO Certified;;13/01/2026;-1.393.611;-47.262.222;-1.393611, -47.262222;BRA;Brazil;Pará;Bonito;1-Fully Verified;
PO1000006202;UNKNOWN;LANGKAT SAWITHIJAU PRATAMA;LANGKAT SAWITHIJAU PRATAMA;Not RSPO Certified;;13/01/2026;3.497.324;98.224.693;3.497324, 98.224693;IDN;Indonesia;Sumatera Utara;Langkat;1-Fully Verified;
PO1000006204;NG CHIN SIU & SONS GROUP;KILANG MINYAK KELAPA SAWIT SEMANTAN SDN BHD;SEMANTAN;Not RSPO Certified;;13/01/2026;3.469.233;102.313.714;3.469233, 102.313714;MYS;Malaysia;Pahang;Temerloh;1-Fully Verified;
PO1000006205;UNKNOWN;SAHABAT SAWIT SEJAHTERA;SEKIET KALTIM;Not RSPO Certified;;13/01/2026;-1.484.056;1.163.172.778;-1.484056, 116.3172778;IDN;Indonesia;Kalimantan Timur;Paser;2-High Confidence;
PO1000006206;BELL GROUP;KILANG SAWIT C.P. SDN BHD;CHARUK PUTTING;Not RSPO Certified;;13/01/2026;3.440.086;102.489.873;3.440086, 102.489873;MYS;Malaysia;Pahang;Temerloh;1-Fully Verified;
PO1000006208;HARUM AGRO;CITRA SAWIT HARUM;CITRA SAWIT HARUM;Not RSPO Certified;;13/01/2026;-1.742.472;102.054.472;-1.742472, 102.054472;IDN;Indonesia;Jambi;Bungo;2-High Confidence;
PO1000006210;UNKNOWN;HARAPAN SAWIT SEJAHTERA;HARAPAN SAWIT SEJAHTERA;Not RSPO Certified;;13/01/2026;-1.752.722;116.120.889;-1.752722, 116.120889;IDN;Indonesia;Kalimantan Timur;Paser;1-Fully Verified;
PO1000006211;TIAN SIANG HOLDINGS SDN BHD;TIAN SIANG OIL MILL (TRIANG) ;TIAN SIANG OIL MILL (TRIANG) ;Not RSPO Certified;;13/01/2026;3.181.753;102.458.895;3.181753, 102.458895;MYS;Malaysia;Pahang;Bera;1-Fully Verified;
PO1000006212;UNKNOWN;SURYA UTAMA AGROLESTARI;SURYA UTAMA AGROLESTARI;Not RSPO Certified;;13/01/2026;-1.805.056;103.430.583;-1.805056, 103.430583;IDN;Indonesia;Jambi;Muaro Jambi;2-High Confidence;
PO1000006213;SOUTHERN GROUP;SOUTHERN REALTY (MALAYA) SDN BHD;GOLCONDA;Not RSPO Certified;;13/01/2026;3.139.413;10.138.792;3.139413, 101.38792;MYS;Malaysia;Selangor;Klang;1-Fully Verified;
PO1000006217;UNKNOWN;MARBORGES AGROINDUSTRIA SA;MARBORGES;Not RSPO Certified;;13/01/2026;-1.988.672;-486.066;-1.988672, -48.6066;BRA;Brazil;Pará;Moju;2-High Confidence;
PO1000006218;VALE S.A.;BIOPALMA DA AMAZÔNIA S.A. REFLORESTAMENTO INDÚSTRIA E COMÉRCIO;BIOPALMA DA AMAZÔNIA S/A MILL 02;Not RSPO Certified;;13/01/2026;-2.048.889;-48.278.528;-2.048889, -48.278528;BRA;Brazil;Pará;Acará;2-High Confidence;
PO1000006222;SUPERVENTURE;KEMILAU PERMATA SAWIT;TAPAN;Not RSPO Certified;;13/01/2026;-2.201.694;101.087.389;-2.201694, 101.087389;IDN;Indonesia;Sumatera Barat;Pesisir Selatan;1-Fully Verified;
PO1000006223;ENG HONG PALM OIL MILL SDN BHD;ENG HONG PALM OIL MILL SDN BHD;ENG HONG;Not RSPO Certified;;13/01/2026;2.859.843;101.474.397;2.859843, 101.474397;MYS;Malaysia;Selangor;Kuala Langat;1-Fully Verified;
PO1000006224;VALE S.A.;BIOPALMA DA AMAZÔNIA S.A. REFLORESTAMENTO INDÚSTRIA E COMÉRCIO;BIOPALMA DA AMAZÔNIA S/A MILL 01;Not RSPO Certified;;13/01/2026;-2.232.611;-48.860.222;-2.232611, -48.860222;BRA;Brazil;Pará;Moju;2-High Confidence;
PO1000006225;MAKIN;BANYU KAHURIPAN INDONESIA;KARANG AGUNG;Not RSPO Certified;;13/01/2026;-2.261;104.312.689;-2.261, 104.312689;IDN;Indonesia;Sumatera Selatan;Musi Banyuasin;1-Fully Verified;
PO1000006226;SARASWANTI;SARASWANTI SAWIT MAKMUR;SARASWANTI SAWIT MAKMUR;Not RSPO Certified;;13/01/2026;-2.266.944;116.015;-2.266944, 116.015;IDN;Indonesia;Kalimantan Timur;Paser;2-High Confidence;KERANG DAYO MILL
PO1000006227;BEST INDUSTRY;BANGUN JAYA ALAM PERMAI;BANGUN JAYA ALAM PERMAI PKS 1;Not RSPO Certified;;13/01/2026;-22.995;1.119.737.056;-2.2995, 111.9737056;IDN;Indonesia;Kalimantan Tengah;Kotawaringin Barat;1-Fully Verified;PANGKUT ARUT UTARA
PO1000006230;EAGLE HIGH PLANTATIONS;PESONALINTAS SURASEJATI;SAFIR;RSPO Certified;RSPO Certified, MB;13/01/2026;-2.626.944;116.158.072;-2.626944, 116.158072;IDN;Indonesia;Kalimantan Selatan;Kota Baru;1-Fully Verified;
PO1000006231;UNKNOWN;SUTOPO LESTARI JAYA;SUTOPO LESTARI JAYA;Not RSPO Certified;;13/01/2026;-2.795.475;104.735.954;-2.795475, 104.735954;IDN;Indonesia;Sumatera Selatan;Banyu Asin;1-Fully Verified;
PO1000006232;PROVIDENT AGRO;TRANSPACIFIC AGRO INDUSTRY;TRANSPACIFIC AGRO INDUSTRY;Not RSPO Certified;;13/01/2026;-28.025;104.896.944;-2.8025, 104.896944;IDN;Indonesia;Sumatera Selatan;Banyu Asin;2-High Confidence;
PO1000006234;PROSPER GROUP;PROSPER GROUP;CENDERAWASIH PALM OIL MILL;Not RSPO Certified;;13/01/2026;277.809;102.962;2.77809, 102.962;MYS;Malaysia;Pahang;Rompin;1-Fully Verified;
PO1000006236;HASNUR;HASNUR CITRA TERPADU;HASNUR CITRA TERPADU;Not RSPO Certified;;13/01/2026;-2.961.639;1.149.871.667;-2.961639, 114.9871667;IDN;Indonesia;Kalimantan Selatan;Tapin;1-Fully Verified;
PO1000006237;PTPN III;PERKEBUNAN NUSANTARA VII;UNIT TALANG SAWIT;RSPO Certified;RSPO Certified, IP, MB;13/01/2026;-296.878;10.412.181;-2.96878, 104.12181;IDN;Indonesia;Sumatera Selatan;Musi Banyuasin;1-Fully Verified;
PO1000006239;PTPN III;PERKEBUNAN NUSANTARA VII;SUNGAI NIRU;Not RSPO Certified;;13/01/2026;-348.742;10.403.591;-3.48742, 104.03591;IDN;Indonesia;Sumatera Selatan;Muara Enim;1-Fully Verified;
PO1000006240;PTPN III;PERKEBUNAN NUSANTARA VII;SUNGAI LENGI;RSPO Certified;RSPO Certified, IP, MB;13/01/2026;-354.847;10.384.418;-3.54847, 103.84418;IDN;Indonesia;Sumatera Selatan;Muara Enim;1-Fully Verified;
PO1000006241;GAN TENG SIEW REALTY SDN BHD;GAN TENG SIEW REALTY SDN BHD;ULU KANCHONG;Not RSPO Certified;;13/01/2026;2.582.643;101.997.936;2.582643, 101.997936;MYS;Malaysia;Negeri Sembilan;Seremban;1-Fully Verified;
PO1000006242;BELL GROUP;BELL SRI LINGGA SDN BHD;BELL SRI LINGGA;Not RSPO Certified;;13/01/2026;2.377.635;101.985.317;2.377635, 101.985317;MYS;Malaysia;Melaka;Alor Gajah;1-Fully Verified;
PO1000006244;MAKIN;POLA KAHURIPAN INTI SAWIT;KINTAP;Not RSPO Certified;;13/01/2026;-3.810.444;115.172.944;-3.810444, 115.172944;IDN;Indonesia;Kalimantan Selatan;Tanah Laut;1-Fully Verified;
PO1000006246;J.A. WATTIE (JAWA);KINTAP JAYA WATTINDO;KINTAP JAYA WATTINDO;Not RSPO Certified;;13/01/2026;-3.898.528;115.205.067;-3.898528, 115.205067;IDN;Indonesia;Kalimantan Selatan;Tanah Laut;2-High Confidence;
PO1000006247;UNKNOWN;MULTIAGRO SUMATERAJAYA;MULTIAGRO SUMATERAJAYA (PULAU DOGOM);Not RSPO Certified;;13/01/2026;2.567.509;99.578.451;2.567509, 99.578451;IDN;Indonesia;Sumatera Utara;Labuhanbatu Utara;1-Fully Verified;
PO1000006249;SINAR ALAM;CITRA PUTRA KEBUN ASRI;JORONG FACTORY;Not RSPO Certified;;13/01/2026;-3.943.611;114.953.333;-3.943611, 114.953333;IDN;Indonesia;Kalimantan Selatan;Tanah Laut;1-Fully Verified;
PO1000006251;GOLDEN PLANTATION;BUMIRAYA INVESTINDO;BUMIRAYA INVESTINDO;Not RSPO Certified;;13/01/2026;-3.965.556;116.098.611;-3.965556, 116.098611;IDN;Indonesia;Kalimantan Selatan;Kota Baru;1-Fully Verified;
PO1000006257;PERMATA HIJAU;NUBIKA JAYA;NUBIKA JAYA;RSPO Certified;RSPO Certified, MB;13/01/2026;1.948.333;100.101.136;1.948333, 100.101136;IDN;Indonesia;Sumatera Utara;Labuhanbatu Selatan;1-Fully Verified;
PO1000006258;SALIM GROUP;SALIM IVOMAS PRATAMA;BALAM;Not RSPO Certified;;13/01/2026;1.762.078;100.620.861;1.762078, 100.620861;IDN;Indonesia;Riau;Rokan Hilir;1-Fully Verified;
PO1000006259;FIRST RESOURCES;MERIDAN SEJATISURYA PLANTATION;MERIDAN SEJATI SURYA PLANTATION BANGSAL ACEH;Not RSPO Certified;;13/01/2026;17.235;1.013.789.444;1.7235, 101.3789444;IDN;Indonesia;Riau;Dumai;1-Fully Verified;
PO1000006261;PH PALM EXPRESS CORPORATION;PH PALM EXPRESS SDN BHD;FRUIT EXPRESS;Not RSPO Certified;;13/01/2026;1.597.422;104.213.328;1.597422, 104.213328;MYS;Malaysia;Johor;Kota Tinggi;3-Low Confidence;
PO1000006264;PTPN III;PERKEBUNAN NUSANTARA III;HAPESONG;RSPO Certified;RSPO Certified, IP, MB;13/01/2026;14.519.833;99.068.467;1.4519833, 99.068467;IDN;Indonesia;Sumatera Utara;Tapanuli Selatan;1-Fully Verified;
PO1000006266;TRIPUTRA AGRO PERSADA;YUDHA WAHANA ABADI;YUDHA WAHANA ABADI;Not RSPO Certified;;13/01/2026;144.075;1.172.127;1.44075, 117.2127;IDN;Indonesia;Kalimantan Timur;Berau;1-Fully Verified;
PO1000006268;FIRST RESOURCES;PANCASURYA AGRINDO;TAMBUSAI;Not RSPO Certified;;13/01/2026;1.157.186;100.508.333;1.157186, 100.508333;IDN;Indonesia;Riau;Rokan Hulu;1-Fully Verified;
PO1000006269;PERMATA HIJAU;VICTORINDO ALAM LESTARI;UNIT PABRIK HUTALOMBANG;RSPO Certified;RSPO Certified, IP, MB;13/01/2026;1.139.533;9.976.809;1.139533, 99.76809;IDN;Indonesia;Sumatera Utara;Padang Lawas;1-Fully Verified;
PO1000006293;SALIM GROUP;GUNTA SAMBA;AMPENAS;Not RSPO Certified;;13/01/2026;1.213.515;11.780.838;1.213515, 117.80838;IDN;Indonesia;Kalimantan Timur;Kutai Timur;1-Fully Verified;
PO1000006294;SINAR JAYA AGRO INVESTAMA (SJAI);KALIREJO LESTARI;KALIREJO LESTARI;Not RSPO Certified;;13/01/2026;-5.228.708;104.948.211;-5.228708, 104.948211;IDN;Indonesia;Lampung;Lampung Tengah;1-Fully Verified;
PO1000006295;SINAR JAYA AGRO INVESTAMA (SJAI);ANAKTUHA SAWIT MANDIRI;ANAK TUHA SAWIT MANDIRI;Not RSPO Certified;;13/01/2026;-5.095.458;105.186.819;-5.095458, 105.186819;IDN;Indonesia;Lampung;Lampung Tengah;1-Fully Verified;
PO1000006301;SINAR JAYA AGRO INVESTAMA (SJAI);SINAR JAYA INTI MULYA;SINAR JAYA INTI MULYA;Not RSPO Certified;;13/01/2026;-50.665;105.302;-5.0665, 105.302;IDN;Indonesia;Lampung;Metro;1-Fully Verified;
PO1000006304;MUKAH KILANG KELAPA SAWIT SDN BHD;MUKAH KILANG KELAPA SAWIT SDN BHD;MUKAH KILANG KELAPA SAWIT;Not RSPO Certified;;13/01/2026;2.906.111;112.308.611;2.906111, 112.308611;MYS;Malaysia;Sarawak;Mukah;1-Fully Verified;
PO1000006305;LAM SOON (THAILAND);UNITED PALM OIL INDUSTRY PUBLIC COMPANY LTD (UPOIC);KRABINOI MILL;Not RSPO Certified;;13/01/2026;8.194.951;98.984.378;8.194951, 98.984378;THA;Thailand;Krabi;Muang Krabi;1-Fully Verified;
PO1000006309;SALIM GROUP;KEBUN MANDIRI SEJAHTERA;MARIANGO;Not RSPO Certified;;13/01/2026;-1.280.942;116.636.988;-1.280942, 116.636988;IDN;Indonesia;Kalimantan Timur;Penajam Paser Utara;1-Fully Verified;
PO1000006310;UNKNOWN;MEGA HIJAU LESTARI;MEGA HIJAU LESTARI;Not RSPO Certified;;13/01/2026;-124.075;116.645;-1.24075, 116.645;IDN;Indonesia;Kalimantan Timur;Penajam Paser Utara;1-Fully Verified;
PO1000006312;DAABON GROUP;PALMA & TRABAJO S.A.S.;PALMA & TRABAJO SAS;RSPO Certified;RSPO Certified, IP;13/01/2026;72.384.889;-73.800.094;7.2384889, -73.800094;COL;Colombia;Santander;Puerto Wilches;1-Fully Verified;
PO1000006313;INDUPALMA;PROCESADORA DE ACEITE ORO ROJO LTDA;PROCESADORA DE ACEITE ORO ROJO LTDA;Not RSPO Certified;;13/01/2026;7.376.089;-73.568.536;7.376089, -73.568536;COL;Colombia;Santander;Sabana de Torres;1-Fully Verified;
PO1000006316;UNKNOWN;PALMA SUR S.A.;PALMA SUR S.A.;Not RSPO Certified;;13/01/2026;16.428.333;-90.341.889;16.428333, -90.341889;GTM;Guatemala;Petén;Sayaxché;1-Fully Verified;
PO1000006321;SIME DARBY;SIME DARBY PLANTATION BHD;SEPANG (SOU 09A);Not RSPO Certified;;13/01/2026;2.678.486;101.731.956;2.678486, 101.731956;MYS;Malaysia;Selangor;Sepang;1-Fully Verified;
PO1000006323;WILMAR GROUP;KERRY SAWIT INDONESIA;KERRY SAWIT INDONESIA 2;Not RSPO Certified;;13/01/2026;-269.695;112.483.083;-2.69695, 112.483083;IDN;Indonesia;Kalimantan Tengah;Seruyan;1-Fully Verified;
PO1000006328;UNKNOWN;GUNA AGUNG SEMESTA;GUNA AGUNG SEMESTA;Not RSPO Certified;;13/01/2026;0.98806;10.124.345;0.98806, 101.24345;IDN;Indonesia;Riau;Siak;1-Fully Verified;
PO1000006329;NBPOL;KULA PALM OIL LTD - HIGATURU OIL PALMS;SUMBERIPA;Not RSPO Certified;;13/01/2026;-8.769.184;148.160.793;-8.769184, 148.160793;PNG;Papua New Guinea;Oro;Sohe;1-Fully Verified;
PO1000006331;NOBEL PLANTATION;HENRISON INTI PERSADA;HENRISON INTI PERSADA;Not RSPO Certified;;13/01/2026;-10.749;1.315.626;-1.0749, 131.5626;IDN;Indonesia;Papua Barat;Sorong;2-High Confidence;
PO1000006339;UNKNOWN;GREENGLORY CO.;GREENGLORY CO;Not RSPO Certified;;13/01/2026;932.035;99.127.561;9.32035, 99.127561;THA;Thailand;Surat Thani;Tha Chang;1-Fully Verified;
PO1000006340;PTPN III;PERKEBUNAN NUSANTARA VII;UNIT BETUNG;Not RSPO Certified;;13/01/2026;-2.848.944;1.041.649;-2.848944, 104.1649;IDN;Indonesia;Sumatera Selatan;Banyu Asin;1-Fully Verified;
PO1000006344;SALIM GROUP;MITRA INTISEJATI PLANTATION;BENGKAYANG;Not RSPO Certified;;13/01/2026;1.167.522;109.586.086;1.167522, 109.586086;IDN;Indonesia;Kalimantan Barat;Bengkayang;1-Fully Verified;
PO1000006345;GURITAS LINTAS SAMUDERA;SANDABI INDAH LESTARI;LUBUK BANYAU;Not RSPO Certified;;13/01/2026;-33.097;1.020.926;-3.3097, 102.0926;IDN;Indonesia;Bengkulu;Bengkulu Utara;1-Fully Verified;
PO1000006346;SALIM GROUP;GUNTA SAMBA JAYA;MERAPUN;Not RSPO Certified;;13/01/2026;13.745;117.144.472;1.3745, 117.144472;IDN;Indonesia;Kalimantan Timur;Berau;1-Fully Verified;
PO1000006347;SARAWAK OIL PALMS BERHAD;SARAWAK OIL PALMS BHD;SABAJU;Not RSPO Certified;;13/01/2026;3.197.481;113.509.834;3.197481, 113.509834;MYS;Malaysia;Sarawak;Bintulu;1-Fully Verified;
PO1000006348;BERCA / CIPTA CAKRA MURDAYA;HARDAYA INTI PLANTATIONS;LEOK;Not RSPO Certified;;13/01/2026;1.026.389;121.360.833;1.026389, 121.360833;IDN;Indonesia;Sulawesi Tengah;Buol;1-Fully Verified;
PO1000006349;C.I BIOCOSTA S.A;OLECOCOL;OLEAGINOSAS DE COLOMBIA LTDA / OLEOCOL;Not RSPO Certified;;13/01/2026;4.296.567;-73.047.533;4.296567, -73.047533;COL;Colombia;Meta;Cabuyaro;3-Low Confidence;
PO1000006350;UNKNOWN;UNIPALMA S.A.;UNIPALMA S.A.;RSPO Certified;RSPO Certified, IP, MB;13/01/2026;422.384;-73.255.523;4.22384, -73.255523;COL;Colombia;Meta;Cumaral;2-High Confidence;
PO1000006353;RISDA ESTATES SDN BHD;RISDA ESTATES SDN BHD;RISDA DURIAN MAS;Not RSPO Certified;;13/01/2026;4.595.091;103.202.805;4.595091, 103.202805;MYS;Malaysia;Trengganu;Dungun;2-High Confidence;
PO1000006354;FGV HOLDINGS BERHAD;FGV PALM INDUSTRIES SDN BHD;ARING B;Not RSPO Certified;;13/01/2026;49.364;1.024.256;4.9364, 102.4256;MYS;Malaysia;Kelantan;Gua Musang;1-Fully Verified;
PO1000006356;NBPOL;KULA PALM OIL LTD - HIGATURU OIL PALMS;SANGARA;RSPO Certified;RSPO Certified, IP;13/01/2026;-8.743.386;148.198.705;-8.743386, 148.198705;PNG;Papua New Guinea;Oro;Ijivitari;1-Fully Verified;
PO1000006357;GRUPO OLEOMEX (OLEOFINOS);OLEOQUÍMICA MEXICANA S.A. de C.V.;JALAPA;Not RSPO Certified;;13/01/2026;1.773.921.389;-92.783.867;17.73921389, -92.783867;MEX;Mexico;Tabasco;Jalapa;1-Fully Verified;
PO1000006362;SINAR MAS;KAPUASINDO PALM INDUSTRY;KAPUASINDO PALM INDUSTRY;Not RSPO Certified;;13/01/2026;1.019.664;111.879.215;1.019664, 111.879215;IDN;Indonesia;Kalimantan Barat;Kapuas Hulu;1-Fully Verified;SAWIT SERIANG
PO1000006363;KIAN HOE PLANTATIONS BHD;KIAN HOE PLANTATIONS BHD;KIAN HOE PLANTATIONS;Not RSPO Certified;;13/01/2026;2.006.256;103.301.389;2.006256, 103.301389;MYS;Malaysia;Johor;Keluang;1-Fully Verified;
PO1000006365;SAMPOERNA AGRO;USAHA AGRO INDONESIA;USAHA AGRO INDONESIA;RSPO Certified;RSPO Certified, MB;13/01/2026;-2.683.161;110.975.442;-2.683161, 110.975442;IDN;Indonesia;Kalimantan Barat;Ketapang;1-Fully Verified;
PO1000006366;ANJ AGRO;KAYUNG AGRO LESTARI;KAYUNG AGRO LESTARI;RSPO Certified;RSPO Certified, MB;13/01/2026;-145.051;110.232.027;-1.45051, 110.232027;IDN;Indonesia;Kalimantan Barat;Ketapang;2-High Confidence;
PO1000006370;ASAM JAWA;SAWIT MAS NUGRAHA PERDANA;SAWITMAS NUGRAHA PERDANA;Not RSPO Certified;;13/01/2026;-265.525;1.122.464.556;-2.65525, 112.2464556;IDN;Indonesia;Kalimantan Tengah;Seruyan;1-Fully Verified;
PO1000006373;BUKIT ROTAN PALM OIL MILLS;BUKIT ROTAN PALM OIL MILLS;BUKIT ROTAN;Not RSPO Certified;;13/01/2026;3.301.992;101.370.751;3.301992, 101.370751;MYS;Malaysia;Selangor;Kuala Selangor;1-Fully Verified;
PO1000006376;SOUTHERN ACIDS BERHAD;WANASARI NUSANTARA;WANASARI NUSANTARA;Not RSPO Certified;;13/01/2026;-0.287;1.014.718;-0.287, 101.4718;IDN;Indonesia;Riau;Kuantan Singingi;1-Fully Verified;
PO1000006389;BOUSTEAD PLANTATIONS BERHAD;BOUSTEAD PLANTATIONS BHD;TRONG OIL MILL;RSPO Certified;RSPO Certified, IP, MB;13/01/2026;467.356;100.708.154;4.67356, 100.708154;MYS;Malaysia;Perak;Larut and Matang;1-Fully Verified;
PO1000006502;FGV HOLDINGS BERHAD;FGV PALM INDUSTRIES SDN BHD;KERATONG 09;RSPO Certified;RSPO Certified, MB;13/01/2026;2.969.027;102.958;2.969027, 102.958;MYS;Malaysia;Pahang;Rompin;2-High Confidence;
PO1000006505;MUSIM MAS;GUNTUNG IDAMAN NUSA;GUNTUNG IDAMAN NUSA 2;RSPO Certified;RSPO Certified, IP;13/01/2026;0.0530444;10.320.761;0.0530444, 103.20761;IDN;Indonesia;Riau;Indragiri Hilir;1-Fully Verified;
PO1000006576;OLAM INTERNATIONAL;OLAM PALM GABON S.A.;BILALA PALM OIL MILL;RSPO Certified;RSPO Certified, IP;13/01/2026;-16.521.556;108.545.278;-1.6521556, 10.8545278;GAB;Gabon;Ngounié;Tsamba Mangotsi;2-High Confidence;
PO1000006652;MP EVANS;GUNUNG PELAWAN LESTARI;TENGKALAT;RSPO Certified;RSPO Certified, MB;13/01/2026;-162.363;105.988.565;-1.62363, 105.988565;IDN;Indonesia;Bangka Belitung;Bangka;1-Fully Verified;
PO1000006977;SINAR MAS;SINAR KENCANA INTI PERKASA;KASUARI;RSPO Certified;RSPO Certified, IP, MB;13/01/2026;-2.973.111;140.029.917;-2.973111, 140.029917;IDN;Indonesia;Papua;Jayapura;1-Fully Verified;
PO1000006983;UNKNOWN;GOLDEN AGRI RESOURCES;SUNGAI MAGALAU;Not RSPO Certified;;13/01/2026;-278.526;1.161.714;-2.78526, 116.1714;IDN;Indonesia;Kalimantan Selatan;Kotra Baru;2-High Confidence;
PO1000006984;SINAR MAS;AGROLESTARI SENTOSA;JALEMO;Not RSPO Certified;;13/01/2026;-13.482;1.135.022;-1.3482 , 113.5022;IDN;Indonesia;Kalimantan Tengah;Gunung Mas;1-Fully Verified;
PO1000006989;FGV HOLDINGS BERHAD;FGV PALM INDUSTRIES SDN BHD;KECHAU B;RSPO Certified;RSPO Certified, MB;13/01/2026;42.391.667;102.106.667;4.2391667, 102.106667;MYS;Malaysia;Pahang;Lipis;1-Fully Verified;
PO1000006992;FGV HOLDINGS BERHAD;FGV PALM INDUSTRIES SDN BHD;PALONG TIMOR;RSPO Certified;RSPO Certified, MB;13/01/2026;27.388.889;102.705;2.7388889, 102.705;MYS;Malaysia;Johor;Segamat;1-Fully Verified;
PO1000006998;FGV HOLDINGS BERHAD;FGV PALM INDUSTRIES SDN BHD;SERTING HILIR;RSPO Certified;RSPO Certified, MB;13/01/2026;2.997.778;1.024.780.556;2.997778, 102.4780556;MYS;Malaysia;Negeri Sembilan;Jempol;1-Fully Verified;
PO1000007000;FGV HOLDINGS BERHAD;FGV PALM INDUSTRIES SDN BHD;CHIKU;RSPO Certified;RSPO Certified, MB;13/01/2026;49.419.444;1.022.036.111;4.9419444, 102.2036111;MYS;Malaysia;Kelantan;Gua Musang;1-Fully Verified;
PO1000007049;RIMBUNAN HIJAU GROUP;RH SELANGAU PALM OIL MILL SDN BHD;RINWOOD PELITA PLANTATION;Not RSPO Certified;;13/01/2026;2.515.988;112.331.157;2.515988, 112.331157;MYS;Malaysia;Sarawak;Selangau;1-Fully Verified;
PO1000007051;SIME DARBY;SIME DARBY PLANTATION BHD;MOSTYN (SOU 30B);Not RSPO Certified;;13/01/2026;4.666.954;118.203.458;4.666954, 118.203458;MYS;Malaysia;Sabah;Kunak;1-Fully Verified;SANG GUAN
PO1000007052;FIRST RESOURCES;SUBUR ARUM MAKMUR;SUBUR ARUM MAKMUR II;Not RSPO Certified;;13/01/2026;0.978389;1.007.826;0.978389, 100.7826;IDN;Indonesia;Riau;Rokan Hulu;1-Fully Verified;
PO1000007053;AWAN TIMUR GROUP;AWAN TIMUR MANAGEMENT SDN BHD;TUNJUK LAUT;Not RSPO Certified;;13/01/2026;19.737;103.979;1.9737, 103.979;MYS;Malaysia;Johor;Kota Tinggi;2-High Confidence;
PO1000007305;UNKNOWN;KH REGIONAL GROUP INC.;NACIONAL AGRO INDUSTRIAL S.A.;RSPO Certified;RSPO Certified, IP;13/01/2026;16.227.913;-90.152.902;16.227913, -90.152902;GTM;Guatemala;Petén;Sayaxché;1-Fully Verified;
PO1000007396;MUSIM MAS;MULTI PERSADA GATRA MEGAH;MULTI PERSADA GATRA MEGAH;RSPO Certified;RSPO Certified, MB;13/01/2026;-0.770833;114.741.222;-0.770833, 114.741222;IDN;Indonesia;Kalimantan Tengah;Barito Utara;1-Fully Verified;
PO1000007432;WILMAR GROUP;AGRO PALINDO SAKTI;AGRO PALINDO SAKTI 2;Not RSPO Certified;;13/01/2026;0.303;110.195.959;0.303, 110.195959;IDN;Indonesia;Kalimantan Barat;Sanggau;1-Fully Verified;
PO1000007433;UNKNOWN;AGROINPLA S.A.;AGROINPLA S.A.;Not RSPO Certified;;13/01/2026;-0.07265;-793.715;-0.07265, -79.3715;ECU;Ecuador;Santo Domingo de los Tsachilas;La Concordia;2-High Confidence;
PO1000007434;AGROINDUSTRIAS DEL SUR DEL CESAR LIMITADA;AGROINCE LTDA Y CIA SCA;AGROINCE LTDA Y CIA SCA;RSPO Certified;RSPO Certified, MB;13/01/2026;8.110.308;-73.574.628;8.110308, -73.574628;COL;Colombia;Cesar;Río de Oro;1-Fully Verified;
PO1000007436;GOODHOPE;AGRO BUKIT;MANGKALAPI;Not RSPO Certified;;13/01/2026;-34.520.711;115.642.476;-3.4520711, 115.642476;IDN;Indonesia;Kalimantan Selatan;Tanah Bumbu;2-High Confidence;ADISURYA CIPTA LESTARI
PO1000007437;MUSIM MAS;SINAR AGRO RAYA;SINAR AGRO RAYA;Not RSPO Certified;;13/01/2026;0.419917;101.756.389;0.419917, 101.756389;IDN;Indonesia;Riau;Pelalawan;2-High Confidence;
PO1000007438;LA FABRIL;EXTRACTORA AGRICOLA RIO MANSO;EXTRACTORA LA COMUNA;Not RSPO Certified;;13/01/2026;0.32585;-793.709;0.32585, -79.3709;ECU;Ecuador;Esmeraldas;Quinindé;1-Fully Verified;
PO1000007440;SARAWAK LAND CONSOLIDATION AND REHABILITATION AUTHORITY (SALCRA);LUBOK ANTU PALM OIL MILL SDN BHD;LUBOK ANTU 1;Not RSPO Certified;;13/01/2026;1.168.155;111.761.971;1.168155, 111.761971;MYS;Malaysia;Sarawak;Sri Aman;1-Fully Verified;
PO1000007441;UNKNOWN;SINAR HALOMOAN;SINAR HALOMOAN;Not RSPO Certified;;13/01/2026;1.061.727;99.834.377;1.061727, 99.834377;IDN;Indonesia;Sumatera Utara;Padang Lawas;2-High Confidence;
PO1000007442;UNKNOWN;SULTRA PRIMA LESTARI;SULTRA PRIMA LESTARI;Not RSPO Certified;;13/01/2026;-3.451.764;122.168.248;-3.451764, 122.168248;IDN;Indonesia;Sulawesi Tenggara;Konawe Utara;1-Fully Verified;
PO1000007443;PPA KAPITAL;DUTA MENTARI RAYA;DUTA MENTARI RAYA;Not RSPO Certified;;13/01/2026;-0.34809;101.399.069;-0.34809, 101.399069;IDN;Indonesia;Riau;Kuantan Singingi;1-Fully Verified;SUN SAWIT
PO1000007444;KUB AGRO HOLDING SDN BHD;KUB MAJU MILL SDN BHD;KUB MAJU MILL;Not RSPO Certified;;13/01/2026;2.858.111;111.930.778;2.858111, 111.930778;MYS;Malaysia;Sarawak;Dalat;1-Fully Verified;
PO1000007447;UNKNOWN;OLEODAVILA;AGROPARAISO;Not RSPO Certified;;13/01/2026;-0.57461;-7.949.826;-0.57461, -79.49826;ECU;Ecuador;Manabi;El Carmen;1-Fully Verified;
PO1000007448;UNKNOWN;SUMBER KENCANA INDO PALMA;SUMBER KENCANA INDO PALMA;Not RSPO Certified;;13/01/2026;-0.68269;1.025.015;-0.68269, 102.5015;IDN;Indonesia;Riau;Indragiri Hulu;1-Fully Verified;
PO1000007449;MEDCO AGRO;MEDCO PAPUA HIJAU SELARAS;MEDCO PAPUA HIJAU SELARAS;Not RSPO Certified;;13/01/2026;-0.8104;133.595.074;-0.8104, 133.595074;IDN;Indonesia;Papua Barat;Manokwari;1-Fully Verified;
PO1000007450;UNKNOWN;THANA PALM PRODUCTS CO., LTD;THANA PALM PRODUCTS CO., LTD.;Not RSPO Certified;;13/01/2026;929.467;99.143.943;9.29467, 99.143943;THA;Thailand;Surat Thani;Tha Chang;1-Fully Verified;
PO1000007453;UNKNOWN;CEMPAKA MAS ABADI GROUP;META EPSI AGRO;Not RSPO Certified;;13/01/2026;-260.852;111.780.488;-2.60852, 111.780488;IDN;Indonesia;Kalimantan Tengah;Kotawaringin Barat;1-Fully Verified;
PO1000007457;UNKNOWN;ANUGERAH TANI MAKMUR;ANUGERAH TANI MAKMUR;Not RSPO Certified;;13/01/2026;0.53622;101.602.024;0.53622, 101.602024;IDN;Indonesia;Riau;Siak;1-Fully Verified;
PO1000007462;TANJUNG RHU PLANTATION;MITRA ABADIMAS SEJAHTERA;MITRA ABADIMAS SEJAHTERA;Not RSPO Certified;;13/01/2026;118.186;109.438;1.18186, 109.438;IDN;Indonesia;Kalimantan Barat;Sambas;1-Fully Verified;
PO1000007463;UNKNOWN;KALIMANTAN AGRO PUSAKA;SUNGAI SEPETI;Not RSPO Certified;;13/01/2026;-0.829001;10.988.604;-0.829001, 109.88604;IDN;Indonesia;Kalimantan Barat;Kayong Utara;1-Fully Verified;
PO1000007464;UNKNOWN;MITRASARI PRIMA;MITRASARI PRIMA;Not RSPO Certified;;13/01/2026;0.136306;101.705.028;0.136306, 101.705028;IDN;Indonesia;Riau;Pelalawan;1-Fully Verified;
PO1000007465;VICHITBHAN GROUP;VICHITBHAN PALMOIL PUBLIC COMPANY LTD;TUNGKA MILL;Not RSPO Certified;;13/01/2026;10.425.073;99.130.596;10.425073, 99.130596;THA;Thailand;Chumphon;Muang Chumphon;1-Fully Verified;
PO1000007466;LONSUM;PERUSAHAAN PERKEBUNAN LONDON SUMATRA INDONESIA;KENCANA SARI;Not RSPO Certified;;13/01/2026;-3.638.879;103.448.379;-3.638879, 103.448379;IDN;Indonesia;Sumatera Selatan;Lahat;1-Fully Verified;
PO1000007467;BIMA PALMA;BIMA AGRI SAWIT;MUARA BULAN;Not RSPO Certified;;13/01/2026;1.263.417;117.602.556;1.263417, 117.602556;IDN;Indonesia;Kalimantan Timur;Kutai Timur;1-Fully Verified;
PO1000007468;UNKNOWN;ASIA SAWIT LESTARI;ASIA SAWIT LESTARI;Not RSPO Certified;;13/01/2026;-183.758;103.379.028;-1.83758, 103.379028;IDN;Indonesia;Jambi;Batang Hari;1-Fully Verified;
PO1000007469;UNKNOWN;SURYA GEMILANG AGRO MANDIRI;AGRO JAYA PERDANA;Not RSPO Certified;;13/01/2026;-1.271.232;103.814.442;-1.271232, 103.814442;IDN;Indonesia;Jambi;Tanjung Jabung T;1-Fully Verified;
PO1000007471;UNKNOWN;ASIAN PALM OIL COMPANY;ASIAN PALM OIL COMPANY;Not RSPO Certified;;13/01/2026;838.274;98.716.065;8.38274, 98.716065;THA;Thailand;Krabi;Ao Luk;1-Fully Verified;
PO1000007472;PROSPER GROUP;TAGAR PROPERTIES SDN BHD;TAGAR;Not RSPO Certified;;13/01/2026;343.592;101.474.097;3.43592, 101.474097;MYS;Malaysia;Selangor;Hulu Selangor;1-Fully Verified;
PO1000007473;UNKNOWN;MULTI AGRINDO SUMATERA;MULTI AGRINDO SUMATERA;Not RSPO Certified;;13/01/2026;3.348.311;98.950.331;3.348311, 98.950331;IDN;Indonesia;Sumatera Utara;Serdang Bedagai;1-Fully Verified;
PO1000007474;MAKIN;BANYU KAHURIPAN INDONESIA;LALAN;Not RSPO Certified;;13/01/2026;-223.413;104.332.258;-2.23413, 104.332258;IDN;Indonesia;Sumatera Selatan;Musi Banyuasin;1-Fully Verified;
PO1000007475;UNKNOWN;NAMHONG PALM OIL CO.;NAMHONG PALM OIL CO.;Not RSPO Certified;;13/01/2026;826.238;99.084.503;8.26238, 99.084503;THA;Thailand;Krabi;Khao Phanom;1-Fully Verified;
PO1000007477;PTPN III;PERKEBUNAN NUSANTARA VII;BEKRI;RSPO Certified;RSPO Certified, IP, MB;13/01/2026;-5.073.927;105.134.545;-5.073927, 105.134545;IDN;Indonesia;Lampung;Lampung Tengah;1-Fully Verified;
PO1000007478;NBPOL;NEW BRITAIN PALM OIL;NUMUNDO;RSPO Certified;RSPO Certified, IP;13/01/2026;-5.523.764;1.500.344;-5.523764, 150.0344;PNG;Papua New Guinea;West New Britain;Talasea;1-Fully Verified;
PO1000007481;SUPERVENTURE;BINA MITRA MAKMUR;BINA MITRA MAKMUR;Not RSPO Certified;;13/01/2026;-149.723;102.240.672;-1.49723, 102.240672;IDN;Indonesia;Jambi;Bungo;1-Fully Verified;
PO1000007483;C.I BIOCOSTA S.A;BIOPLANTA PALMERA PARA EL DESARROLLO S.A.;BIOPLANTA PALMERA PARA EL DESARROLLO S.A.;Not RSPO Certified;;13/01/2026;7.567.717;-7.661.233;7.567717, -76.61233;COL;Colombia;Antioquia;Chigorodó;1-Fully Verified;
PO1000007485;CILIANDRY ANKY ABADI;BORNEO KETAPANG INDAH;BORNEO KETAPANG INDAH;Not RSPO Certified;;13/01/2026;-1.751.747;115.044.117;-1.751747, 115.044117;IDN;Indonesia;Kalimantan Tengah;Barito Timur;1-Fully Verified;
PO1000007486;UNKNOWN;BUDI NABATI PERKASA;BUDI NABATI PERKASA;Not RSPO Certified;;13/01/2026;-1.692.028;102.160.547;-1.692028, 102.160547;IDN;Indonesia;Jambi;Bungo;1-Fully Verified;PKS 7 BUNGO
PO1000007489;FGV HOLDINGS BERHAD;FGV PALM INDUSTRIES SDN BHD;CINI 2;Not RSPO Certified;;13/01/2026;3.395.214;1.029.681;3.395214, 102.9681;MYS;Malaysia;Pahang;Pekan;1-Fully Verified;
PO1000007490;UNKNOWN;GODREJ AGROVET LTD;CHINTAMPALLI;Not RSPO Certified;;13/01/2026;1.720.973;80.94;17.20973, 80.94;IND;India;Telangana;Khammam;1-Fully Verified;
PO1000007492;J.A. WATTIE (JAWA);CONDONG GARUT;CONDONG GARUT;Not RSPO Certified;;13/01/2026;-759.417;107.66;-7.59417, 107.66;IDN;Indonesia;Jawa Barat;Garut;1-Fully Verified;
PO1000007493;UNKNOWN;CORPORACION AGROINDUSTRIAL DE PALMICULTORES, S.A.(CORAPSA);CORPORACION AGROINDUSTRIAL DE PALMICULTORES, S.A.(CORAPSA);Not RSPO Certified;;13/01/2026;1.570.294;-87.566.556;15.70294, -87.566556;HND;Honduras;Atlántida;Tela;1-Fully Verified;
PO1000007494;UNKNOWN;COMERCIALIZADORA SHARON PANAMA S.A.;COMERCIALIZADORA SHARON PANAMA S.A.;Not RSPO Certified;;13/01/2026;842.464;-82.788.639;8.42464, -82.788639;PAN;Panama;Chiriquí;Alanje;1-Fully Verified;
PO1000007496;UNKNOWN;DHARMASRAYA SAWIT LESTARI;DHARMASRAYA SAWIT LESTARI;Not RSPO Certified;;13/01/2026;-1.149.817;101.740.183;-1.149817, 101.740183;IDN;Indonesia;Sumatera Barat;Dharmasraya;1-Fully Verified;
PO1000007497;DOUBLE DYNASTY SDN BHD;DD PALM OIL MILL SDN BHD;DD PALM;Not RSPO Certified;;13/01/2026;314.292;113.310.333;3.14292, 113.310333;MYS;Malaysia;Sarawak;Bintulu;1-Fully Verified;
PO1000007500;UNKNOWN;EBASA;EXTRACTORA DEL BARU;Not RSPO Certified;;13/01/2026;8.319;-82.823.919;8.319, -82.823919;PAN;Panama;Chiriquí;Barú;1-Fully Verified;
PO1000007502;OLEOFLORES;EXTRACTORA MARIA LA BAJA S.A.;EXTRACTORA MARIA LA BAJA S.A.;Not RSPO Certified;;13/01/2026;99.235;-75.327.607;9.9235, -75.327607;COL;Colombia;Bolívar;María la Baja;1-Fully Verified;
PO1000007503;UNKNOWN;THACHANG PALM INDUSTRY;THACHANG PALM INDUSTRY;RSPO Certified;RSPO Certified, MB;13/01/2026;9.282.102;99.138.781;9.282102, 99.138781;THA;Thailand;Surat Thani;Tha Chang;1-Fully Verified;
PO1000007504;GRUPO HAME;PALMAS DEL HORIZONTE S.A. ;AGROSERVICIOS EL TRIUNFO S.A.;RSPO Certified;RSPO Certified, IP;13/01/2026;14.564.833;-91.938.944;14.564833, -91.938944;GTM;Guatemala;Quezaltenango;Coatepeque;1-Fully Verified;
PO1000007505;SOUTHERN GROUP;SOUTHERN REALTY (MALAYA) SDN BHD;FERMANAGH;Not RSPO Certified;;13/01/2026;2.650.057;101.658.622;2.650057, 101.658622;MYS;Malaysia;Selangor;Sepang;1-Fully Verified;
PO1000007507;UNKNOWN;THACHANA PALM OIL CO., LTD;THACHANA PALM OIL CO., LTD.;Not RSPO Certified;;13/01/2026;960.608;99.124.189;9.60608, 99.124189;THA;Thailand;Surat Thani;Tha Chana;1-Fully Verified;
PO1000007508;UNKNOWN;GEMILANG SAWIT LESTARI;GEMILANG SAWIT LESTARI;Not RSPO Certified;;13/01/2026;-0.45481;101.827;-0.45481, 101.827;IDN;Indonesia;Riau;Kuantan Singingi;1-Fully Verified;
PO1000007509;UNKNOWN;GOLDEN OILINDO NUSANTARA;GOLDEN OILINDO NUSANTARA;Not RSPO Certified;;13/01/2026;-31.192;104.694.516;-3.1192, 104.694516;IDN;Indonesia;Sumatera Selatan;Ogan Ilir;1-Fully Verified;
PO1000007510;UNKNOWN;THAI EASTERN TRAT CO;THAI EASTERN TRAT CO;Not RSPO Certified;;13/01/2026;12.301.469;10.246.227;12.301469, 102.46227;THA;Thailand;Trat;Muang Trat;1-Fully Verified;
PO1000007511;SARIMAS;TRI BAKTI SARIMAS;IBUL;Not RSPO Certified;;13/01/2026;-0.860278;101.750.833;-0.860278, 101.750833;IDN;Indonesia;Riau;Kuantan Singingi;1-Fully Verified;
PO1000007512;VICHITBHAN GROUP;VICHITBHAN PALMOIL PUBLIC COMPANY LTD;THASAE MILL;Not RSPO Certified;;13/01/2026;1.069.561;99.203.191;10.69561, 99.203191;THA;Thailand;Chumphon;Tha Sae;1-Fully Verified;
PO1000007514;UNKNOWN;THASAE CO-OP;THASAE CO-OP;Not RSPO Certified;;13/01/2026;1.071.182;99.143.782;10.71182, 99.143782;THA;Thailand;Chumphon;Tha Sae;1-Fully Verified;
PO1000007515;AHMAD ZAKI RESOURCES BERHAD;ICHTIAR GUSTI PUDI;ICHTIAR GUSTI PUDI;Not RSPO Certified;;13/01/2026;0.23495;109.852.133;0.23495, 109.852133;IDN;Indonesia;Kalimantan Barat;Landak;1-Fully Verified;
PO1000007519;TRINITY INTERLINK;TRINITY PALMAS PLANTATION;TRINITY PALMAS PLANTATION;Not RSPO Certified;;13/01/2026;-20.579;119.344.864;-2.0579, 119.344864;IDN;Indonesia;Sulawesi Barat;Mamuju;1-Fully Verified;
PO1000007520;UNKNOWN;PALM PATTANA SOUTHERN BORDER CO., LTD;PALM PATTANA SOUTHERN BORDER;Not RSPO Certified;;13/01/2026;681.496;101.153.168;6.81496, 101.153168;THA;Thailand;Pattani;Nong Chik;1-Fully Verified;
PO1000007522;NBPOL;NEW BRITAIN PALM OIL;WARASTON;RSPO Certified;RSPO Certified, IP;13/01/2026;-54.857;1.500.853;-5.4857, 150.0853;PNG;Papua New Guinea;West New Britain;Talasea;1-Fully Verified;
PO1000007523;PT SUMBER BUDI AGUNG;PT SUMBER BUDI AGUNG;PT SUMBER BUDI AGUNG;Not RSPO Certified;;13/01/2026;0.478069;101.600.256;0.478069, 101.600256;IDN;Indonesia;Riau;Pelalawan;1-Fully Verified;
PO1000007524;UNKNOWN;JABAL PERKASA;JABAL PERKASA;Not RSPO Certified;;13/01/2026;106.108;100.131.917;1.06108, 100.131917;IDN;Indonesia;Riau;Rokan Hulu;1-Fully Verified;
PO1000007526;SERI BANDAR PALM OIL MILL SDN BHD ;SERI BANDAR PALM OIL MILL SDN BHD ;SERI BANDAR PALM OIL MILL SDN BHD ;Not RSPO Certified;;13/01/2026;2.845.865;101.467.214;2.845865, 101.467214;MYS;Malaysia;Selangor;Kuala Langat;1-Fully Verified;
PO1000007527;FELCRA BERHAD;FELCRA JAYAPUTRA SDN BHD;JAYAPUTRA;Not RSPO Certified;;13/01/2026;3.982.938;102.222.483;3.982938, 102.222483;MYS;Malaysia;Pahang;Jerantut;1-Fully Verified;
PO1000007528;KENCANA AGRI;AGRI EASTBORNEO KENCANA;AGRI EASTBORNEO KENCANA;Not RSPO Certified;;13/01/2026;0.134167;1.169.161;0.134167, 116.9161;IDN;Indonesia;Kalimantan Timur;Kutai Kartanegara;1-Fully Verified;
PO1000007529;UNKNOWN;VAREM SAWIT CEMERLANG;VAREM SAWIT CEMERLANG;Not RSPO Certified;;13/01/2026;2.665.007;99.667.418;2.665007, 99.667418;IDN;Indonesia;Sumatera Utara;Asahan;1-Fully Verified;
PO1000007530;KILANG KELAPA SAWIT JERANTUT SDN BHD;KILANG KELAPA SAWIT JERANTUT SDN BHD;JERANTUT;Not RSPO Certified;;13/01/2026;3.862.045;102.345.482;3.862045, 102.345482;MYS;Malaysia;Pahang;Jerantut;1-Fully Verified;
PO1000007531;UNKNOWN;PALMICULTORES DEL NORTE S.A.S.;PALMICULTORES DEL NORTE (PALNORTE) S.A.S.;Not RSPO Certified;;13/01/2026;853.507;-7.263.589;8.53507, -72.63589;COL;Colombia;Norte de Santander;Tibú;1-Fully Verified;
PO1000007532;TRIPUTRA AGRO PERSADA;BUANA HIJAU ABADI;BUANA HIJAU ABADI;Not RSPO Certified;;13/01/2026;0.51795;111.583.783;0.51795, 111.583783;IDN;Indonesia;Kalimantan Barat;Sintang;2-High Confidence;
PO1000007533;GAMA PLANTATIONS;WAWASAN KEBUN NUSANTARA;SUNGAI KUMBAH;Not RSPO Certified;;13/01/2026;126.689;109.817.139;1.26689, 109.817139;IDN;Indonesia;Kalimantan Barat;Bengkayang;1-Fully Verified;
PO1000007534;LYMAN AGRO;KALIMANTAN SANGGAR PUSAKA;KALIMANTAN SANGGAR PUSAKA;Not RSPO Certified;;13/01/2026;0.08311;11.119.205;0.08311, 111.19205;IDN;Indonesia;Kalimantan Barat;Sekadau;1-Fully Verified;
PO1000007535;SAMTAN;TATA HAMPARAN EKA PERSADA;TATA HAMPARAN EKA PERSADA;Not RSPO Certified;;13/01/2026;-198.953;10.589.459;-1.98953, 105.89459;IDN;Indonesia;Bangka Belitung;Bangka;1-Fully Verified;
PO1000007536;SIN HUAT HIN;SIN HUAT HIN;SIN HUAT HIN PALM OIL MILL (KUALA SELANGOR) SDN BHD;Not RSPO Certified;;13/01/2026;3.344.606;101.291.608;3.344606, 101.291608;MYS;Malaysia;Selangor;Kuala Selangor;1-Fully Verified;KAMPUNG KUANTAN BHD
PO1000007537;UNKNOWN;CAHAYA INTI SAWIT;CAHAYA INTI SAWIT;Not RSPO Certified;;13/01/2026;1.440.833;100.291.111;1.440833, 100.291111;IDN;Indonesia;Sumatera Utara;Padang Lawas Utara;1-Fully Verified;
PO1000007538;WEE TEE TONG PLANTATIONS SDN BHD;WEE TEE TONG PALM OIL MILL SDN BHD;WEE TEE TONG;Not RSPO Certified;;13/01/2026;566.281;11.781.144;5.66281, 117.81144;MYS;Malaysia;Sabah;Kinabatangan;1-Fully Verified;
PO1000007539;NBPOL;NEW BRITAIN PALM OIL;KAPIURA;RSPO Certified;RSPO Certified, IP;13/01/2026;-5.624.083;1.506.847;-5.624083, 150.6847;PNG;Papua New Guinea;West New Britain;Talasea;1-Fully Verified;
PO1000007540;UNKNOWN;PALUTA INTI SAWIT;PALUTA INTI SAWIT;Not RSPO Certified;;13/01/2026;155.403;99.835.694;1.55403, 99.835694;IDN;Indonesia;Sumatera Utara;Padang Lawas Utara;1-Fully Verified;
PO1000007541;UNKNOWN;GRUTI LESTARI PRATAMA;GRUTI LESTARI PRATAMA;Not RSPO Certified;;13/01/2026;0.51375;99.271.329;0.51375, 99.271329;IDN;Indonesia;Sumatera Utara;Mandailing Natal;1-Fully Verified;
PO1000007545;GRUPO PALMAS / PALMAS DEL ESPINO;INDUSTRIAS DEL SHANUSI S.A.;INDUSTRIAS DEL SHANUSI;Not RSPO Certified;;13/01/2026;-6.121.496;-7.617.145;-6.121496, -76.17145;PER;Peru;Loreto;Alto Amazonas;2-High Confidence;
PO1000007546;SUPERVENTURE;KARYA INDORATA PERSADA;KARYA INDORATA PERSADA;Not RSPO Certified;;13/01/2026;0.113361;1.012.356;0.113361, 101.2356;IDN;Indonesia;Riau;Kampar;1-Fully Verified;
PO1000007547;INCASI RAYA (GUNAS);AGRO SUKSES LESTARI;AGRO SUKSES LESTARI;Not RSPO Certified;;13/01/2026;0.2295;1.116.659;0.2295, 111.6659;IDN;Indonesia;Kalimantan Barat;Sintang;1-Fully Verified;
PO1000007548;MUSIM MAS;INDOMAKMUR SAWIT BERJAYA;INDOMAKMUR SAWIT BERJAYA;Not RSPO Certified;;13/01/2026;0.93491;100.351.975;0.93491, 100.351975;IDN;Indonesia;Riau;Rokan Hulu;1-Fully Verified;
PO1000007549;GCCP RESOURCES;ARJUNA UTAMA SAWIT;ARJUNA UTAMA SAWIT;Not RSPO Certified;;13/01/2026;-2.253.034;113.379.145;-2.253034, 113.379145;IDN;Indonesia;Kalimantan Tengah;Katingan;1-Fully Verified;
PO1000007550;KUALA LUMPUR KEPONG (KLK);KARYA MAKMUR ABADI;KARYA MAKMUR ABADI;RSPO Certified;RSPO Certified, IP, MB;13/01/2026;-20.422.611;1.124.899.694;-2.0422611, 112.4899694;IDN;Indonesia;Kalimantan Tengah;Kotawaringin Timur;1-Fully Verified;
PO1000007552;DANEC;PALMERAS DE LOS ANDES QUININDE;PALMERAS DE LOS ANDES QUININDE;Not RSPO Certified;;13/01/2026;0.260694;-79.362.389;0.260694, -79.362389;ECU;Ecuador;Esmeraldas;Quinindé;1-Fully Verified;
PO1000007553;AGROSUBUR;KARYA DEWI PUTRA;KATINGAN CENTRAL;Not RSPO Certified;;13/01/2026;-1.438.169;112.874.141;-1.438169, 112.874141;IDN;Indonesia;Kalimantan Tengah;Katingan;1-Fully Verified;
PO1000007559;PTPN III;PERKEBUNAN NUSANTARA VI;PINANG TINGGI;Not RSPO Certified;;13/01/2026;-1.962.553;1.034.007;-1.962553, 103.4007;IDN;Indonesia;Jambi;Muaro Jambi;1-Fully Verified;
PO1000007560;KENSO TIMUR SDN BHD;KEMABONG SDN BHD;SAPANG PALM OIL MILL;Not RSPO Certified;;13/01/2026;457.883;11.831.783;4.57883, 118.31783;MYS;Malaysia;Sabah;Semporna;1-Fully Verified;
PO1000007561;CT AGRO;KUTAI AGRO LESTARI;KUTAI AGRO LESTARI;Not RSPO Certified;;13/01/2026;-0.642833;1.157.388;-0.642833, 115.7388;IDN;Indonesia;Kalimantan Timur;Kutai Barat;1-Fully Verified;
PO1000007564;GRUPO LA JOYA;EXTRACTORA LA JOYA CIA LTDA;LA JOYA;Not RSPO Certified;;13/01/2026;-0.072;-79.427.202;-0.072, -79.427202;ECU;Ecuador;Santo Domingo de los Tsachilas;La Concordia;1-Fully Verified;
PO1000007565;LA FABRIL;EXTRACTORA AGRICOLA RIO MANSO;PROVASA;Not RSPO Certified;;13/01/2026;0.49036;-7.938.585;0.49036, -79.38585;ECU;Ecuador;Esmeraldas;Quinindé;1-Fully Verified;
PO1000007566;UNKNOWN;KENCANA PERMATA NUSANTARA;KENCANA PERMATA NUSANTARA;Not RSPO Certified;;13/01/2026;345.222;98.698.611;3.45222, 98.698611;IDN;Indonesia;Sumatera Utara;Deli Serdang;1-Fully Verified;
PO1000007567;UNKNOWN;LANGGAK INTI LESTARI;LANGGAK INTI LESTARI;Not RSPO Certified;;13/01/2026;0.634917;100.591.778;0.634917, 100.591778;IDN;Indonesia;Riau;Rokan Hulu;1-Fully Verified;
PO1000007568;SUPERVENTURE;CAHAYA SAWIT LESTARI;CAHAYA SAWIT LESTARI;Not RSPO Certified;;13/01/2026;-3.804.606;102.397.516;-3.804606, 102.397516;IDN;Indonesia;Bengkulu;Bengkulu Tengah;1-Fully Verified;
PO1000007569;UNKNOWN;KENCANA UTAMA SEJATI;KENCANA UTAMA SEJATI;Not RSPO Certified;;13/01/2026;1.068.972;1.001.172;1.068972, 100.1172;IDN;Indonesia;Sumatera Utara;Padang Lawas;1-Fully Verified;
PO1000007570;QL RESOURCES;QL PLANTATION SDN BHD;QL MILL 2;Not RSPO Certified;;13/01/2026;4.828.936;11.810.409;4.828936, 118.10409;MYS;Malaysia;Sabah;Kunak;1-Fully Verified;
PO1000007571;FIRST RESOURCES;LIMPAH SEJAHTERA;LIMPAH SEJAHTERA;Not RSPO Certified;;13/01/2026;-1.716.225;110.354.369;-1.716225, 110.354369;IDN;Indonesia;Kalimantan Barat;Ketapang;1-Fully Verified;
PO1000007572;UNKNOWN;RAJA MARGA;RAJA MARGA;Not RSPO Certified;;13/01/2026;398.547;96.627.139;3.98547, 96.627139;IDN;Indonesia;Aceh;Nagan Raya;1-Fully Verified;
PO1000007577;UNKNOWN;RAUB MINING & DEVELOPMENT COMPANY SDN BHD;RAUB;Not RSPO Certified;;13/01/2026;384.332;10.185.549;3.84332, 101.85549;MYS;Malaysia;Pahang;Raub;1-Fully Verified;
PO1000007579;BELL GROUP;BELL-KSL SDN BHD;BELL-KSL;Not RSPO Certified;;13/01/2026;2.468.325;101.993.762;2.468325, 101.993762;MYS;Malaysia;Negeri Sembilan;Port Dickson;1-Fully Verified;
PO1000007580;DELLOYD;REBINMAS JAYA;REBINMAS JAYA;Not RSPO Certified;;13/01/2026;-2.733.417;107.901.472;-2.733417, 107.901472;IDN;Indonesia;Bangka Belitung;Belitung;1-Fully Verified;
PO1000007581;DUPONT & LEOSK ENTERPRISES;MILIK MESTIKA SDN BHD;MILIK MESTIKA;Not RSPO Certified;;13/01/2026;2.401.573;102.667.208;2.401573, 102.667208;MYS;Malaysia;Johor;Ledang;1-Fully Verified;
PO1000007582;NBPOL;NEW BRITAIN PALM OIL;KUMBANGO;RSPO Certified;RSPO Certified, IP;13/01/2026;-5.591.861;1.502.128;-5.591861, 150.2128;PNG;Papua New Guinea;West New Britain;Talasea;1-Fully Verified;
PO1000007585;PTPN III;PERKEBUNAN NUSANTARA II;KWALA SAWIT;RSPO Certified;RSPO Certified, IP, MB;13/01/2026;369.194;98.153.056;3.69194, 98.153056;IDN;Indonesia;Sumatera Utara;Langkat;1-Fully Verified;PADANG TUALANG UNIT - KWALA SAWIT MILL
PO1000007586;PTPN III;PERKEBUNAN NUSANTARA XIII;KEBUN RIMBA BELIAN;RSPO Certified;RSPO Certified, IP, MB;13/01/2026;-0.02874;110.454.143;-0.02874, 110.454143;IDN;Indonesia;Kalimantan Barat;Sanggau;1-Fully Verified;
PO1000007587;MULTI PRIMA ENTAKAI;PERMATA HIJAU SARANA;SERARAS;Not RSPO Certified;;13/01/2026;0.044667;1.110.251;0.044667, 111.0251;IDN;Indonesia;Kalimantan Barat;Sekadau;1-Fully Verified;
PO1000007589;UNKNOWN;RIMBO PANJANG SUMBER MAKMUR;RIMBO PANJANG SUMBER MAKMUR;Not RSPO Certified;;13/01/2026;-0.02709;100.002.981;-0.02709, 100.002981;IDN;Indonesia;Sumatera Barat;Pasaman Barat;1-Fully Verified;
PO1000007590;UNKNOWN;RIAU AGRI;RIAU AGRI;Not RSPO Certified;;13/01/2026;-0.64075;102.794.783;-0.64075, 102.794783;IDN;Indonesia;Riau;Indragiri Hilir;2-High Confidence;
PO1000007591;UNKNOWN;ROHUL PALMINDO;ROHUL PALMINDO;Not RSPO Certified;;13/01/2026;0.986753;10.073.253;0.986753, 100.73253;IDN;Indonesia;Riau;Rokan Hulu;1-Fully Verified;
PO1000007593;SARAWAK OIL PALMS BERHAD;SARAWAK OIL PALMS BHD;SARAWAK OIL PALMS ;Not RSPO Certified;;13/01/2026;4.136.427;113.977.079;4.136427, 113.977079;MYS;Malaysia;Sarawak;Miri;1-Fully Verified;LAMBIR
PO1000007594;UNKNOWN;SARI BUAH SAWIT;SARI BUAH SAWIT;Not RSPO Certified;;13/01/2026;-0.049639;99.883.139;-0.049639, 99.883139;IDN;Indonesia;Sumatera Barat;Pasaman Barat;1-Fully Verified;
PO1000007595;UNKNOWN;SEBANGA MULTI SAWIT;SEBANGA MULTI SAWIT;Not RSPO Certified;;13/01/2026;1.255.978;10.128.869;1.255978, 101.28869;IDN;Indonesia;Riau;Bengkalis;1-Fully Verified;
PO1000007596;ASTRA AGRO LESTARI;SARI LEMBAH SUBUR;SARI LEMBAH SUBUR 2;Not RSPO Certified;;13/01/2026;-0.002078;102.196.417;-0.002078, 102.196417;IDN;Indonesia;Riau;Pelalawan;1-Fully Verified;
PO1000007598;SINAR JAYA AGRO INVESTAMA (SJAI);SINAR JAYA INTI MULYA;SINAR JAYA INTI MULYA (KT);Not RSPO Certified;;13/01/2026;-2.487.427;113.007.276;-2.487427, 113.007276;IDN;Indonesia;Kalimantan Tengah;Kotawaringin Timur;1-Fully Verified;
PO1000007599;TSANI HUTANI ABADI (THA);KRUING LESTARI JAYA;SUNGAI PERAK;Not RSPO Certified;;13/01/2026;-0.66144;11.558.972;-0.66144, 115.58972;IDN;Indonesia;Kalimantan Timur;Kutai Barat;1-Fully Verified;
PO1000007600;UNKNOWN;SAWIT JUJUHAN ABADI;SAWIT JUJUHAN ABADI;Not RSPO Certified;;13/01/2026;-124.208;1.017.461.389;-1.24208, 101.7461389;IDN;Indonesia;Jambi;Bungo;1-Fully Verified;
PO1000007601;NG CHIN SIU & SONS GROUP;KILANG MINYAK KELAPA SAWIT LUM SDN BHD;LUM;Not RSPO Certified;;13/01/2026;274.357;102.938.817;2.74357, 102.938817;MYS;Malaysia;Pahang;Rompin;1-Fully Verified;
PO1000007602;SINAR MAS;SAWITA KARYA MANUNGGUL;SAWITA;RSPO Certified;RSPO Certified, MB;13/01/2026;-2.546.639;116.140.667;-2.546639, 116.140667;IDN;Indonesia;Kalimantan Selatan;Kota Baru;1-Fully Verified;
PO1000007603;KUALA LUMPUR KEPONG (KLK);SATU SEMBILAN DELAPAN;SATU SEMBILAN DELAPAN;RSPO Certified;RSPO Certified, IP;13/01/2026;214.256;117.298.381;2.14256, 117.298381;IDN;Indonesia;Kalimantan Timur;Berau;1-Fully Verified;SEGAH
PO1000007604;PTPN III;PERKEBUNAN NUSANTARA V;SUNGAI GALUH;RSPO Certified;RSPO Certified, MB;13/01/2026;0.546917;1.012.291;0.546917, 101.2291;IDN;Indonesia;Riau;Kampar;1-Fully Verified;
PO1000007605;PTPN III;PERKEBUNAN NUSANTARA V;SEI GARO;RSPO Certified;RSPO Certified, MB;13/01/2026;0.644016;1.011.097;0.644016, 101.1097;IDN;Indonesia;Riau;Kampar;1-Fully Verified;
PO1000007609;DHARMA AGUNG WIJAYA (DAW);SENTOSA BUMI WIJAYA;BENKAYANG;Not RSPO Certified;;13/01/2026;104.422;109.579.528;1.04422, 109.579528;IDN;Indonesia;Kalimantan Barat;Bengkayang;1-Fully Verified;
PO1000007610;SINAR JAYA AGRO INVESTAMA (SJAI);SERASAN SEKUNDANG SAWITMAS;SERASAN SEKUNDANG SAWITMAS;Not RSPO Certified;;13/01/2026;-389.291;1.040.956.053;-3.89291, 104.0956053;IDN;Indonesia;Sumatera Selatan;Muara Enim;1-Fully Verified;
PO1000007611;LA FABRIL;EXTRACTORA AGRICOLA RIO MANSO;TYSAISA;Not RSPO Certified;;13/01/2026;0.05827;-79.409.608;0.05827, -79.409608;ECU;Ecuador;Esmeraldas;Quinindé;1-Fully Verified;
PO1000007612;SERI ULU LANGAT PALM OIL MILL SDN BHD;SERI LANGAT PALM OIL MILL SDN BHD;SERI LANGAT;Not RSPO Certified;;13/01/2026;2.863.792;101.512.812;2.863792, 101.512812;MYS;Malaysia;Selangor;Kuala Langat;1-Fully Verified;
PO1000007613;SALIM GROUP;MENTARI SUBUR ABADI;MUARA MERANG;Not RSPO Certified;;13/01/2026;-2.143.618;104.198.207;-2.143618, 104.198207;IDN;Indonesia;Sumatera Selatan;Musi Banyuasin;1-Fully Verified;
PO1000007616;INCASI RAYA (GUNAS);SUMATERA JAYA AGRO LESTARI;SUMATERA JAYA AGRO LESTARI;Not RSPO Certified;;13/01/2026;-0.41106;11.018.269;-0.41106, 110.18269;IDN;Indonesia;Kalimantan Barat;Sanggau;1-Fully Verified;
PO1000007618;AGRINDO;KALIMANTAN RIA SEJAHTERA;SONDAI MUARA;Not RSPO Certified;;13/01/2026;-1.179.982;11.403.198;-1.179982, 114.03198;IDN;Indonesia;Kalimantan Tengah;Kapuas;1-Fully Verified;
PO1000007619;PTPN III;PERKEBUNAN NUSANTARA VI;AUR GADING;RSPO Certified;RSPO Certified, IP, MB;13/01/2026;-18.627;1.030.207;-1.8627, 103.0207;IDN;Indonesia;Jambi;Batang Hari;1-Fully Verified;
PO1000007621;ZTE AGRIBUSINESS;SINAR CITRA CEMERLANG;CEMPAKA SAKTI;Not RSPO Certified;;13/01/2026;-2.133;112.906;-2.133, 112.906;IDN;Indonesia;Kalimantan Tengah;Kotawaringin Timur;1-Fully Verified;
PO1000007622;TOBA BARA;PERKEBUNAN KALTIM UTAMA I;PERKEBUNAN KALTIM UTAMA I;Not RSPO Certified;;13/01/2026;-0.728455;117.185.481;-0.728455, 117.185481;IDN;Indonesia;Kalimantan Timur;Kutai Kartanegara;1-Fully Verified;
PO1000007623;CAHAYA TIARA PLANTATION;CAHAYA ANUGERAH PLANTATION;FELIZA;Not RSPO Certified;;13/01/2026;-0.091583;117.028.639;-0.091583, 117.028639;IDN;Indonesia;Kalimantan Timur;Kutai Kartanegara;1-Fully Verified;
PO1000007624;RUCHI SOYA;RUCHI SOYA INDUSTRIES;RUCHI SOYA;Not RSPO Certified;;13/01/2026;1.659.829;80.900.442;16.59829, 80.900442;IND;India;Andhra Pradesh;Krishna;1-Fully Verified;AMPAPURAM
PO1000007625;UNKNOWN;RUNDING PUTRA PERSADA;RUNDING PUTRA PERSADA;Not RSPO Certified;;13/01/2026;246.267;97.939.611;2.46267, 97.939611;IDN;Indonesia;Aceh;Aceh Singkil;1-Fully Verified;
PO1000007626;SINAR MAS;ADITUNGGAL MAHAJAYA;SAKO;Not RSPO Certified;;13/01/2026;-20.356;1.122.387;-2.0356, 112.2387;IDN;Indonesia;Kalimantan Tengah;Seruyan;1-Fully Verified;
PO1000007627;ANGLO-EASTERN PLANTATION (AEP);SAWIT GRAHA MANUNGGAL;SAWIT GRAHA MANUNGGAL;Not RSPO Certified;;13/01/2026;-207.272;11.506.854;-2.07272, 115.06854;IDN;Indonesia;Kalimantan Tengah;Barito Timur;1-Fully Verified;
PO1000007628;UNKNOWN;BINAKARYA ERAMANDIRI;MANGSANG;Not RSPO Certified;;13/01/2026;-2.173;103.987;-2.173, 103.987;IDN;Indonesia;Sumatera Selatan;Musi Banyuasin;1-Fully Verified;
PO1000007629;ADIMULIA;SURYA AGROLIKA REKSA;SURYA AGROLIKA REKSA 2;Not RSPO Certified;;13/01/2026;-0.20561;101.318.944;-0.20561, 101.318944;IDN;Indonesia;Riau;Kuantan Singingi;1-Fully Verified;
PO1000007630;FIRST RESOURCES;PERDANA INTISAWIT PERKASA;PERDANA INTI SAWIT PERKASA 2;Not RSPO Certified;;13/01/2026;1.167.333;100.704.778;1.167333, 100.704778;IDN;Indonesia;Riau;Rokan Hulu;1-Fully Verified;
PO1000007632;UNKNOWN;SRI OIL EXTRACTION LTD;SRI OIL EXTRACTION LTD;Not RSPO Certified;;13/01/2026;6.179.806;-1.154.861;6.179806, -1.154861;GHA;Ghana;Eastern;Birim North;1-Fully Verified;
PO1000007634;MAKIN;SURYA INTI SAWIT KAHURIPAN;KASAI;Not RSPO Certified;;13/01/2026;-1.906.806;1.128.329;-1.906806, 112.8329;IDN;Indonesia;Kalimantan Tengah;Kotawaringin Timur;1-Fully Verified;
PO1000007635;SUMBER TANI AGUNG (STA);TANTAHAN PENDUHUP ASI;TANTAHAN PANDUHUP ASI;Not RSPO Certified;;13/01/2026;-142.146;113.401.079;-1.42146, 113.401079;IDN;Indonesia;Kalimantan Tengah;Gunung Mas;1-Fully Verified;
PO1000007637;TUDUNG;BUMI MEKAR TANI;BUMI MEKAR TANI;Not RSPO Certified;;13/01/2026;-249.479;10.287.414;-2.49479, 102.87414;IDN;Indonesia;Sumatera Selatan;Musi Rawas;1-Fully Verified;
PO1000007638;CHELLAM PLANTATIONS;KUTAI BALIAN NAULI;KUTAI BALIAN NAULI;Not RSPO Certified;;13/01/2026;0.75;117.35;0.75, 117.35;IDN;Indonesia;Kalimantan Timur;Kutai Timur;1-Fully Verified;
PO1000007639;UNKNOWN;EXTRACTORA SAN SEBASTIANO S.A.S.;EXTRACTORA SAN SEBASTIANO S.A.S.;Not RSPO Certified;;13/01/2026;410.167;-7.191.972;4.10167, -71.91972;COL;Colombia;Meta;Puerto Gaitán;1-Fully Verified;
PO1000007640;UNKNOWN;BANYUASIN NUSANTARA SEJAHTERA;BANYUASIN NUSANTARA SEJAHTERA;Not RSPO Certified;;13/01/2026;-287.834;104.727.277;-2.87834, 104.727277;IDN;Indonesia;Sumatera Selatan;Palembang;1-Fully Verified;
PO1000007641;UNKNOWN;TASMA PUJA;BATANG CENAKU;Not RSPO Certified;;13/01/2026;-0.814667;102.19;-0.814667, 102.19;IDN;Indonesia;Riau;Indragiri Hulu;1-Fully Verified;
PO1000007642;LYMAN AGRO;BONTI PERMAI JAYA;BONTI PERMAI JAYA;Not RSPO Certified;;13/01/2026;0.214933;11.154.985;0.214933, 111.54985;IDN;Indonesia;Kalimantan Barat;Sintang;1-Fully Verified;
PO1000007644;THAI EASTERN GROUP;EASTERN PALM OIL;EASTERN PALM OIL;Not RSPO Certified;;13/01/2026;13.075.096;101.396.118;13.075096, 101.396118;THA;Thailand;Chon Buri;Nong Yai;1-Fully Verified;
PO1000007645;UNKNOWN;ORGANIC CROPS S.A.;EXTRACTORA Y PROCESADORA DE ACEITES EPACEM SA;Not RSPO Certified;;13/01/2026;-0.20153;-79.190.056;-0.20153, -79.190056;ECU;Ecuador;Santo Domingo de los Tsachilas;Santo Domingo;1-Fully Verified;
PO1000007646;UNKNOWN;GLOBAL SAWIT SEMESTA;SUBULUSSALAM;Not RSPO Certified;;13/01/2026;2.62;98.03;2.62, 98.03;IDN;Indonesia;Aceh;Subulussalam;1-Fully Verified;
PO1000007648;GENTING PLANTATIONS;DWIE WARNA KARYA;DWIE WARNA KARYA;Not RSPO Certified;;13/01/2026;-0.84194;114.08;-0.84194, 114.08;IDN;Indonesia;Kalimantan Tengah;Kapuas;1-Fully Verified;
PO1000007649;UNKNOWN;GRASAS EL PUERTO;GRASAS EL PUERTO;Not RSPO Certified;;13/01/2026;889.166;-71.972.073;8.89166, -71.972073;VEN;Venezuela;Zulia;Colón;1-Fully Verified;
PO1000007651;SUNGAI BUDI;AGRO BUMI MAS;PKS 3 HANAKAU;Not RSPO Certified;;13/01/2026;-4.572.833;104.755.306;-4.572833, 104.755306;IDN;Indonesia;Lampung;Lampung Utara;2-High Confidence;
PO1000007652;SUPERVENTURE;BERKAT SAWIT SEJAHTERA;BERKAT SAWIT SEJAHTERA;Not RSPO Certified;;13/01/2026;-0.71;102.66;-0.71, 102.66;IDN;Indonesia;Riau;Indragiri Hilir;1-Fully Verified;
PO1000007653;UNKNOWN;JAYA GEMILANG SUKSES;JAYA GEMILANG SUKSES;Not RSPO Certified;;13/01/2026;159.869;100.905.222;1.59869, 100.905222;IDN;Indonesia;Riau;Rokan Hilir;1-Fully Verified;
PO1000007654;GLENEALY PLANTATIONS SDN BHD;SAMLING PLANTATION SDN BHD;JELALONG;Not RSPO Certified;;13/01/2026;337.903;113.999.472;3.37903, 113.999472;MYS;Malaysia;Sarawak;Bintulu;1-Fully Verified;
PO1000007656;JERNIH KEMBOJA SDN BHD;JERNIH KEMBOJA SDN BHD;JERNIH KEMBOJA;Not RSPO Certified;;13/01/2026;2.488.822;102.936.831;2.488822, 102.936831;MYS;Malaysia;Johor;Segamat;1-Fully Verified;
PO1000007657;YAYASAN SABAH GROUP;SABAH SOFTWOODS BHD;KAPILIT;Not RSPO Certified;;13/01/2026;4.504.889;117.528.747;4.504889, 117.528747;MYS;Malaysia;Sabah;Tawau;1-Fully Verified;
PO1000007658;EAGLE HIGH PLANTATIONS;ARRTU PLANTATION;KELAMPAI;Not RSPO Certified;;13/01/2026;-193.485;11.049.413;-1.93485, 110.49413;IDN;Indonesia;Kalimantan Barat;Ketapang;1-Fully Verified;
PO1000007660;UNKNOWN;MULTI PERKASA SEJAHTERA;MULTI PERKASA SEJAHTERA;Not RSPO Certified;;13/01/2026;0.35656;10.997.425;0.35656, 109.97425;IDN;Indonesia;Kalimantan Barat;Landak;1-Fully Verified;
PO1000007661;UNKNOWN;MUSTIKA AGUNG SARANA SEJAHTERA;MUSTIKA AGUNG SARANA SEJAHTERA;Not RSPO Certified;;13/01/2026;1.75;100.933.333;1.75, 100.933333;IDN;Indonesia;Riau;Rokan Hilir;1-Fully Verified;
PO1000007662;UNKNOWN;MUTIARA NUSA AGRO SEJAHTERA;MUTIARANUSA AGRO SEJAHTERA;Not RSPO Certified;;13/01/2026;226.924;99.767.917;2.26924, 99.767917;IDN;Indonesia;Sumatera Utara;Labuhanbatu Utara;1-Fully Verified;
PO1000007666;CI TOP;CI TOP S.A;EXTRACTORA SAN FERNANDO, S.A.;Not RSPO Certified;;13/01/2026;725.333;-73.566.361;7.25333, -73.566361;COL;Colombia;Santander;Sabana de Torres;1-Fully Verified;
PO1000007667;UNKNOWN;OLEAGINOSAS SAN MARCOS LTDA;OLEAGINOSAS SAN MARCOS LTDA;RSPO Certified;RSPO Certified, IP, MB;13/01/2026;3.733.154;-73.341.972;3.733154, -73.341972;COL;Colombia;Meta;San Carlos de Guaroa;2-High Confidence;
PO1000007670;UNKNOWN;GODREJ AGROVET LTD;POTHAPALLI;Not RSPO Certified;;13/01/2026;17.003.407;81.26;17.003407, 81.26;IND;India;Andhra Pradesh;West Godavari;1-Fully Verified;
PO1000007671;LA FABRIL;EXTRACTORA AGRICOLA RIO MANSO;EXTRACTORA AGRICOLA RIO MANSO-SAN CARLOS;Not RSPO Certified;;13/01/2026;-0.54141;-7.937.048;-0.54141, -79.37048;ECU;Ecuador;Los Rios;Buena Fé;1-Fully Verified;
PO1000007672;MANDHALA CIPTA PURMONO;SABAN SAWIT SUBUR;SEMPIDAN;Not RSPO Certified;;13/01/2026;-0.03424;11.006.648;-0.03424, 110.066480;IDN;Indonesia;Kalimantan Barat;Sanggau;1-Fully Verified;
PO1000007673;MUSIM MAS;SARANA ESA CITA;SARANA ESA CITA;RSPO Certified;RSPO Certified, IP, MB;13/01/2026;1.358.028;109.383.631;1.358028, 109.383631;IDN;Indonesia;Kalimantan Barat;Sambas;1-Fully Verified;
PO1000007706;UNKNOWN;SUKSOMBOON VEGETABLE OIL COMPANY LTD;SUKSOMBOON PALM OIL CO,.LTD;Not RSPO Certified;;13/01/2026;13.157.528;101.334.167;13.157528, 101.334167;THA;Thailand;Chon Buri;Nong Yai;1-Fully Verified;
PO1000007758;GENTING PLANTATIONS;GENTING SDC SDN BHD;GENTING TRUSHIDUP;RSPO Certified;RSPO Certified, IP, MB;13/01/2026;5.563.278;117.979.556;5.563278, 117.979556;MYS;Malaysia;Sabah;Sandakan;1-Fully Verified;
PO1000007786;TSH RESOURCES;TSH PLANTATION MANAGEMENT SDN BHD;KUNAK;Not RSPO Certified;;13/01/2026;4.467.324;118.185.165;4.467324, 118.185165;MYS;Malaysia;Sabah;Tawau;1-Fully Verified;
PO1000007798;LAM SOON (M) BERHAD;LAM SOON PLANTATIONS SDN BHD;DARA LAM SOON SDN.BHD;RSPO Certified;RSPO Certified, IP, MB;13/01/2026;31.570.167;1.031.636.333;3.1570167, 103.16363333;MYS;Malaysia;Pahang;Pekan;1-Fully Verified;
PO1000007943;UNKNOWN;INDUSTRIAS OLEANA S.A.;EXTRACTORA SAN LORENZO S.A.;Not RSPO Certified;;13/01/2026;1.193.786;-78.761.213;1.193786, -78.761213;ECU;Ecuador;Esmeraldas;San Lorenzo;1-Fully Verified;
PO1000007945;KRETAM HOLDINGS BERHAD;SYARIKAT KRETAM MILL SDN BHD;SILIMPOPON;RSPO Certified;RSPO Certified, MB;13/01/2026;43.253;11.747.736;4.3253, 117.47736;MYS;Malaysia;Sabah;Tawau;1-Fully Verified;
PO1000007953;UNKNOWN;ACEITES Y GRASAS DEL CATATUMBO S.A.S.;ACEITES Y GRASAS DEL CATATUMBO SAS;Not RSPO Certified;;13/01/2026;8.502.247;-72.639.977;8.502247, -72.639977;COL;Colombia;Norte de Santander;Tibú;1-Fully Verified;
PO1000007984;WILMAR GROUP;MUSTIKA SEMBULUH;MUSTIKA SEMBULUH 2;Not RSPO Certified;;13/01/2026;-24.571;11.249.973;-2.4571, 112.49973;IDN;Indonesia;Kalimantan Tengah;Kotawaringin Timur;1-Fully Verified;
PO1000008053;DANEC;PALMERAS DEL ECUADOR;PALMERAS DEL ECUADOR;Not RSPO Certified;;13/01/2026;-0.285183;-76.565.847;-0.285183, -76.565847;ECU;Ecuador;Sucumbios;Shushufindi;1-Fully Verified;
PO1000008054;DANEC;PALMERAS DE LOS ANDES SAN LORENZO;PALMERAS DE LOS ANDES SAN LORENZO;Not RSPO Certified;;13/01/2026;1.251.277;-78.741.666;1.251277, -78.741666;ECU;Ecuador;Esmeraldas;San Lorenzo;1-Fully Verified;
PO1000008074;PTPN III;PERKEBUNAN NUSANTARA V;SEI TAPUNG;RSPO Certified;RSPO Certified, MB;13/01/2026;0.598976;100.618.965;0.598976, 100.618965;IDN;Indonesia;Riau;Rokan Hulu;1-Fully Verified;
PO1000008095;KUALA LUMPUR KEPONG (KLK);MULIA AGRO PERMAI;MULIA AGRO PERMAI;RSPO Certified;RSPO Certified, MB;13/01/2026;-243.264;11.275.315;-2.43264, 112.75315;IDN;Indonesia;Kalimantan Tengah;Kotawaringin Timur;1-Fully Verified;
PO1000008122;UNKNOWN;OLDESA ÓLEO DE DENDÊ S.A.;OLDESA OLEO DE DENDE;Not RSPO Certified;;13/01/2026;-13.033.278;-39.003.583;-13.033278, -39.003583;BRA;Brazil;Bahia;Nazaré;2-High Confidence;
PO1000008124;PTPN III;PERKEBUNAN NUSANTARA VII;REJOSARI;Not RSPO Certified;;13/01/2026;-5.295.462;105.157.244;-5.295462, 105.157244;IDN;Indonesia;Lampung;Lampung Selatan;1-Fully Verified;
PO1000008126;CI TOP;CI TOP S.A;ASTORGA S.A.;Not RSPO Certified;;13/01/2026;1.591.494;-78.640.644;1.591494, -78.640644;COL;Colombia;Nariño;Tumaco;1-Fully Verified;
PO1000008127;INCASI RAYA (GUNAS);SUMATERA MAKMUR LESTARI;SUMATERA MAKMUR LESTARI;Not RSPO Certified;;13/01/2026;-0.121622;110.758.455;-0.121622, 110.758455;IDN;Indonesia;Kalimantan Barat;Sekadau;2-High Confidence;
PO1000008128;KENCANA AGRI;SAWIT KALTIM LESTARI;SAWIT KALTIM LESTARI;Not RSPO Certified;;13/01/2026;-0.065995;11.683.066;-0.065995, 116.83066;IDN;Indonesia;Kalimantan Timur;Kutai Kartanegara;1-Fully Verified;
PO1000008129;ATAHUALPA;ATAHUALPA;ATAHUALPA;Not RSPO Certified;;13/01/2026;-0.022728;-79.498.034;-0.022728, -79.498034;ECU;Ecuador;Esmeraldas;Quinindé;1-Fully Verified;
PO1000008130;UNKNOWN;SAN DANIEL EXTRACTORA SAN DANIEL CIA LTDA;EXTRACTORA SAN DANIEL S.A.;Not RSPO Certified;;13/01/2026;-0.012028;-79.453.189;-0.012028, -79.453189;ECU;Ecuador;Santo Domingo de los Tsachilas;La Concordia;1-Fully Verified;MOLSANDO
PO1000008131;UNKNOWN;GUNUNG SAWIT ABADI;KINALI;Not RSPO Certified;;13/01/2026;-0.046138;99.915.697;-0.046138, 99.915697;IDN;Indonesia;Sumatera Barat;Pasaman Barat;1-Fully Verified;
PO1000008132;CIPUTRA;CIPTAMAS BUMISELARAS;CIPTAMAS BUMISELARAS;Not RSPO Certified;;13/01/2026;-4.866.889;103.534.242;-4.866889, 103.534242;IDN;Indonesia;Bengkulu;Kaur;1-Fully Verified;
PO1000008133;JHONLIN;BATULICIN AGRO SENTOSA;KARANG BINTANG;Not RSPO Certified;;13/01/2026;-3.373.856;115.906.528;-3.373856, 115.906528;IDN;Indonesia;Kalimantan Selatan;Tanah Bumbu;1-Fully Verified;
PO1000008135;AMS-GANDA;PERKEBUNAN HASIL MUSI LESTARI;PERKEBUNAN HASIL MUSI LESTARI;Not RSPO Certified;;13/01/2026;-3.254.244;103.237.956;-3.254244, 103.237956;IDN;Indonesia;Sumatera Selatan;Musi Rawas;1-Fully Verified;
PO1000008137;INDAH;SUN SAWIT;SUN SAWIT;Not RSPO Certified;;13/01/2026;-3.168.331;104.891.994;-3.168331, 104.891994;IDN;Indonesia;Sumatera Selatan;Ogan Komering Ilir;1-Fully Verified;
PO1000008138;UNKNOWN;GANDA BUANINDO;GANDA BUANINDO;Not RSPO Certified;;13/01/2026;0.006217;101.237.517;0.006217, 101.237517;IDN;Indonesia;Riau;Kampar;1-Fully Verified;
PO1000008139;PEXA;PLANTA EXTRACTORA AGRICOLA LA UNION S.A. (PEXA);PEXA;Not RSPO Certified;;13/01/2026;0.030453;-79.406.389;0.030453, -79.406389;ECU;Ecuador;Esmeraldas;Quinindé;1-Fully Verified;
PO1000008140;MANDHALA CIPTA PURMONO;SABAN SAWIT SUBUR;SABAN SAWIT MAKMUR;Not RSPO Certified;;13/01/2026;0.153067;109.878.198;0.153067, 109.878198;IDN;Indonesia;Kalimantan Barat;Landak;1-Fully Verified;
PO1000008141;UNKNOWN;SAWIT MAS NUSANTARA;SAWIT MAS NUSANTARA;Not RSPO Certified;;13/01/2026;0.160211;101.720.728;0.160211, 101.720728;IDN;Indonesia;Riau;Pelalawan;2-High Confidence;
PO1000008143;UNKNOWN;INDRALAYA AGRO LESTARI;INDRALAYA AGRO LESTARI;Not RSPO Certified;;13/01/2026;-307.425;1.045.885;-3.07425, 104.5885;IDN;Indonesia;Sumatera Selatan;Muara Enim;1-Fully Verified;
PO1000008145;TIANJIN JULONG;PALMINA UTAMA;PALMINA UTAMA;Not RSPO Certified;;13/01/2026;-3.054.863;114.871.385;-3.054863, 114.871385;IDN;Indonesia;Kalimantan Selatan;Banjar;1-Fully Verified;
PO1000008146;UNKNOWN;SIBADIHON SAWITA TOROP LESTARI;SIBADIHON SAWITTA TOROP LESTARI;Not RSPO Certified;;13/01/2026;178.615;10.019.075;1.78615, 100.19075;IDN;Indonesia;Sumatera Utara;Labuhanbatu Selatan;1-Fully Verified;
PO1000008147;UNKNOWN;BORNEO SAWIT PERSADA;BORNEO SAWIT PERSADA;Not RSPO Certified;;13/01/2026;-302.058;1.159.467;-3.02058, 115.9467;IDN;Indonesia;Kalimantan Selatan;Kota Baru;1-Fully Verified;
PO1000008148;MULTI PRIMA ENTAKAI;SINTANG AGRO MANDIRI;SIMBA;Not RSPO Certified;;13/01/2026;0.14111;111.485;0.14111, 111.485;IDN;Indonesia;Kalimantan Barat;Sintang;1-Fully Verified;
PO1000008149;GENTING PLANTATIONS;KHARISMA INTI USAHA;KHARISMA INTI USAHA;RSPO Certified;RSPO Certified, IP, MB;13/01/2026;-300.375;114.935.778;-3.00375, 114.935778;IDN;Indonesia;Kalimantan Selatan;Tapin;1-Fully Verified;
PO1000008151;DUTA MARGA;BENUA LAWAS LESTARI;BENUA LAWAS LESTARI;Not RSPO Certified;;13/01/2026;-2.998.194;115.956.777;-2.998194, 115.956777;IDN;Indonesia;Kalimantan Selatan;Kota Baru;1-Fully Verified;
PO1000008152;UNKNOWN;LINGGA TIGA SAWIT;LINGGA TIGA SAWIT;Not RSPO Certified;;13/01/2026;2.014.435;99.879.679;2.014435, 99.879679;IDN;Indonesia;Sumatera Utara;Labuhanbatu;1-Fully Verified;
PO1000008153;SYNTHESIS AGRO;FAJAR AGRO SEJAHTERA;CANTUNG;Not RSPO Certified;;13/01/2026;-2.970.028;115.955.028;-2.970028, 115.955028;IDN;Indonesia;Kalimantan Selatan;Kota Baru;1-Fully Verified;
PO1000008154;SUMBER TANI HARAPAN (STH);ABDI BUDI MULIA;ABDI BUDI MULIA 2;Not RSPO Certified;;13/01/2026;211.272;10.027.311;2.11272, 100.27311;IDN;Indonesia;Sumatera Utara;Labuhanbatu Selatan;1-Fully Verified;
PO1000008155;ROYAL GOLDEN EAGLE;MITRA UNGGUL PUSAKA;PENARIKAN;Not RSPO Certified;;13/01/2026;0.193358;101.795.075;0.193358, 101.795075;IDN;Indonesia;Riau;Pelalawan;1-Fully Verified;
PO1000008156;J.A. WATTIE (JAWA);AGRI BUMI SENTOSA;AGRI BUMI SENTOSA;Not RSPO Certified;;13/01/2026;-296.285;114.711.301;-2.96285, 114.711301;IDN;Indonesia;Kalimantan Selatan;Barito Kuala;1-Fully Verified;
PO1000008157;AEXAV;AGROINDUSTRIAS EXTRACTORA DE ACEITES VEGETALES CIA  LTDA;AGROINDUSTRIAS EXTRACTORAS DE ACEITES VEGETALES AEXAV CIA LTDA (AEXAV);Not RSPO Certified;;13/01/2026;0.196076;-79.406.335;0.196076, -79.406335;ECU;Ecuador;Esmeraldas;Quinindé;1-Fully Verified;
PO1000008158;UNKNOWN;AGRO WIRA LIGATSA;AGRO WIRA LIGATSA;Not RSPO Certified;;13/01/2026;0.224338;9.971.557;0.224338, 99.71557;IDN;Indonesia;Sumatera Barat;Pasaman Barat;1-Fully Verified;
PO1000008159;PTPN III;PERKEBUNAN NUSANTARA XIII;PARINDU;RSPO Certified;RSPO Certified, IP, MB;13/01/2026;0.250556;110.303.889;0.250556, 110.303889;IDN;Indonesia;Kalimantan Barat;Sanggau;1-Fully Verified;
PO1000008160;NPC RESOURCES BERHAD;NALA PALMA CADUDASA;NALA PALMA CADUDASA;Not RSPO Certified;;13/01/2026;0.278889;116.844.444;0.278889, 116.844444;IDN;Indonesia;Kalimantan Timur;Kutai Timur;2-High Confidence;
PO1000008161;WILMAR GROUP;DAYA LABUHAN INDAH;DAYA LABUHAN INDAH I;Not RSPO Certified;;13/01/2026;2.151.167;99.991.167;2.151167, 99.991167;IDN;Indonesia;Sumatera Utara;Labuhanbatu;2-High Confidence;
PO1000008162;SINAR JAYA AGRO INVESTAMA (SJAI);KARYA AGRO SAWITINDO;KARYA AGRO SAWITINDO;Not RSPO Certified;;13/01/2026;-2.710.107;101.341;-2.710107, 101.341;IDN;Indonesia;Bengkulu;Mukomuko;1-Fully Verified;
PO1000008164;SINAR JAYA AGRO INVESTAMA (SJAI);MUKO MUKO INDAH LESTARI;MUKO MUKO INDAH LESTARI;Not RSPO Certified;;13/01/2026;-2.677.972;10.132.002;-2.677972, 101.32002;IDN;Indonesia;Bengkulu;Mukomuko;1-Fully Verified;
PO1000008165;UNKNOWN;KENCANA INTI PERKASA;KENCANA INTI PERKASA;Not RSPO Certified;;13/01/2026;2.323.844;9.973.444;2.323844, 99.73444;IDN;Indonesia;Sumatera Utara;Labuhanbatu Utara;1-Fully Verified;
PO1000008166;INDONUSA AGRO;HAMITA UTAMA KARSA;HAMITA UTAMA KARSA;Not RSPO Certified;;13/01/2026;-2.670.944;1.042.026;-2.670944, 104.2026;IDN;Indonesia;Sumatera Selatan;Musi Banyuasin;1-Fully Verified;
PO1000008168;SUNGAI BUDI;SURYA ANDALAN PRIMATAMA;SURYA ANDALAN PRIMATAMA;Not RSPO Certified;;13/01/2026;-258.289;10.131.022;-2.58289, 101.31022;IDN;Indonesia;Bengkulu;Mukomuko;1-Fully Verified;PKS 9 MUKO
PO1000008170;MUSIRAWAS;MUSIRAWAS CITRA HARPINDO;MUSIRAWAS CITRAHARPINDO PKS 2;Not RSPO Certified;;13/01/2026;-2.451.667;1.122.161;-2.451667, 112.2161;IDN;Indonesia;Kalimantan Tengah;Seruyan;1-Fully Verified;
PO1000008171;INDAH;BANGUN TENERA RIAU;BANGUN TENERA RIAU;Not RSPO Certified;;13/01/2026;0.289167;101.416.944;0.289167, 101.416944;IDN;Indonesia;Riau;Kampar;1-Fully Verified;
PO1000008173;AGROINDUSTRIAS QUININDE AIQUISA;AGROINDUSTRIAS QUININDE AIQUISA;PALMERAS DEL QUININDE / AQUISA;Not RSPO Certified;;13/01/2026;0.308837;-79.457.336;0.308837, -79.457336;ECU;Ecuador;Esmeraldas;Quinindé;1-Fully Verified;
PO1000008174;SUPERVENTURE;USAHA SAWIT MANDIRI;" 	USAHA SAWIT MANDIRI (MUKO MUKO) ";Not RSPO Certified;;13/01/2026;-23.961;101.162.858;-2.3961, 101.162858;IDN;Indonesia;Bengkulu;Mukomuko;1-Fully Verified;
PO1000008176;UNKNOWN;BUKIT PALEM;BUKIT PALEM;Not RSPO Certified;;13/01/2026;-2.373.333;110.643.333;-2.373333, 110.643333;IDN;Indonesia;Kalimantan Barat;Ketapang;1-Fully Verified;PALM MAS ASRI
PO1000008178;INDAH;BASTIAN OLAH SAWIT;BASTIAN OLAH SAWIT;Not RSPO Certified;;13/01/2026;-235.175;103.914.111;-2.35175, 103.914111;IDN;Indonesia;Sumatera Selatan;Musi Banyuasin;2-High Confidence;
PO1000008180;BUMITAMA GUNAJAYA AGRO (BGA);KARYA BAKTI AGRO SEJAHTERA;SUNGAI RASAU;RSPO Certified;RSPO Certified, IP, MB;13/01/2026;-2.283.611;110.503.333;-2.283611, 110.503333;IDN;Indonesia;Kalimantan Barat;Ketapang;1-Fully Verified;KARYA BAKTI AGRO SEJAHTERA
PO1000008182;UNKNOWN;SUMBER ADINUSA LESTARI;SUMBER ADINUSA LESTARI;Not RSPO Certified;;13/01/2026;-220.405;11.147.948;-2.20405, 111.47948;IDN;Indonesia;Kalimantan Tengah;Lamandau;1-Fully Verified;
PO1000008184;CIPTA PLANTATION;NUSANTARA SAWIT PERSADA;NUSANTARA SAWIT PERSADA;Not RSPO Certified;;13/01/2026;-2.106.833;112.794.167;-2.106833, 112.794167;IDN;Indonesia;Kalimantan Tengah;Kotawaringin Timur;1-Fully Verified;
PO1000008185;UNKNOWN;TIMURJAYA INDOMAKMUR;KOROLA;Not RSPO Certified;;13/01/2026;-2.084.444;121.023.056;-2.084444, 121.023056;IDN;Indonesia;Sulawesi Tengah;Morowali;1-Fully Verified;
PO1000008186;AMS-GANDA;ASIATIC PERSADA;SEI KANDANG;Not RSPO Certified;;13/01/2026;-2.042.944;103.345.333;-2.042944, 103.345333;IDN;Indonesia;Jambi;Batang Hari;1-Fully Verified;
PO1000008187;PTPN III;PERKEBUNAN NUSANTARA VI;TANJUNG LEBAR;RSPO Certified;RSPO Certified, MB;13/01/2026;-20.189;1.035.448;-2.0189, 103.5448;IDN;Indonesia;Jambi;Muaro Jambi;1-Fully Verified;
PO1000008188;UNKNOWN;SUMBER GUNA NABATI;SUMBER GUNA NABATI;Not RSPO Certified;;13/01/2026;-2.006.446;102.492.852;-2.006446, 102.492852;IDN;Indonesia;Jambi;Sarolangun;2-High Confidence;
PO1000008189;BLD PLANTATION BERHAD;BINTULU LUMBER DEVELOPMENT SDN BHD;IGAN (BLD);Not RSPO Certified;;13/01/2026;2.405.371;111.789.356;2.405371, 111.789356;MYS;Malaysia;Sarawak;Sibu;1-Fully Verified;IGAN
PO1000008190;UNKNOWN;SAWIT ASAHAN TETAP UTUH;SAWIT ASAHAN TETAP UTUH;Not RSPO Certified;;13/01/2026;2.766.889;99.614.833;2.766889, 99.614833;IDN;Indonesia;Sumatera Utara;Asahan;1-Fully Verified;
PO1000008191;SERI MORIB PALM OIL MILL SDN BHD;SERI MORIB PALM OIL MILL SDN BHD;SERI MORIB;Not RSPO Certified;;13/01/2026;2.721.359;101.491.296;2.721359, 101.491296;MYS;Malaysia;Selangor;Kuala Langat;1-Fully Verified;
PO1000008193;TENERA LESTARI;ENSEM LESTARI;ENSEM LESTARI;Not RSPO Certified;;13/01/2026;2.456.777;9.806.502;2.456777, 98.06502;IDN;Indonesia;Aceh;Aceh Singkil;1-Fully Verified;
PO1000008194;UNKNOWN;KURNIA MITRA SAWIT;KURNIA MITRA SAWIT;Not RSPO Certified;;13/01/2026;2.408.878;99.696.714;2.408878, 99.696714;IDN;Indonesia;Sumatera Utara;Labuhanbatu Utara;1-Fully Verified;
PO1000008195;SERI ULU LANGAT PALM OIL MILL SDN BHD;SERI ULU LANGAT PALM OIL MILL SDN BHD;SERI ULU LANGAT;Not RSPO Certified;;13/01/2026;2.851.693;101.650.118;2.851693, 101.650118;MYS;Malaysia;Selangor;Sepang;1-Fully Verified;
PO1000008196;MAWAR MENTARI SDN BHD;MAWAR MENTARI SDN BHD;MAWAR MENTARI;Not RSPO Certified;;13/01/2026;2.867.181;10.231.613;2.867181, 102.31613;MYS;Malaysia;Negeri Sembilan;Jempol;1-Fully Verified;
PO1000008197;SUPERVENTURE;GEMILANG CAHAYA MENTARI;GEMILANG CAHAYA MENTARI;Not RSPO Certified;;13/01/2026;-1.950.306;105.789.389;-1.950306, 105.789389;IDN;Indonesia;Bangka Belitung;Bangka;1-Fully Verified;
PO1000008199;PTPN III;PERKEBUNAN NUSANTARA VI;BUNUT;RSPO Certified;RSPO Certified, IP, MB;13/01/2026;-19.109;1.034.034;-1.9109, 103.4034;IDN;Indonesia;Jambi;Muaro Jambi;1-Fully Verified;
PO1000008200;SUPERVENTURE;CAHAYA BINTANG SAWIT SEJATI;CAHAYA BINTANG SAWIT SEJATI 1;Not RSPO Certified;;13/01/2026;-1.842.808;116.068.101;-1.842808, 116.068101;IDN;Indonesia;Kalimantan Timur;Paser;1-Fully Verified;CAHAYA BINTANG SAWIT SEJATI
PO1000008201;SARAWAK OIL PALMS BERHAD;SARAWAK OIL PALMS BHD;SEPAKAU;Not RSPO Certified;;13/01/2026;2.968.444;113.865.935;2.968444, 113.865935;MYS;Malaysia;Sarawak;Belaga;1-Fully Verified;
PO1000008202;MEWAH GROUP;ANGSO DUO SAWIT;ANGSO DUO SAWIT;Not RSPO Certified;;13/01/2026;-1.782.611;103.494.722;-1.782611, 103.494722;IDN;Indonesia;Jambi;Muaro Jambi;1-Fully Verified;
PO1000008205;FGV HOLDINGS BERHAD;FGV PALM INDUSTRIES SDN BHD;PASOH;Not RSPO Certified;;13/01/2026;3.014.078;102.286.233;3.014078, 102.286233;MYS;Malaysia;Negeri Sembilan;Jelebu;1-Fully Verified;
PO1000008206;UNKNOWN;SAWITA PASAMAN JAYA;SAWITA PASAMAN JAYA;Not RSPO Certified;;13/01/2026;0.324644;99.452.233;0.324644, 99.452233;IDN;Indonesia;Sumatera Barat;Pasaman Barat;1-Fully Verified;
PO1000008207;HUTANINDO;HUTAN SAWIT LESTARI;HUTAN SAWIT LESTARI;Not RSPO Certified;;13/01/2026;-1.699.056;112.877.194;-1.699056, 112.877194;IDN;Indonesia;Kalimantan Tengah;Kotawaringin Timur;2-High Confidence;
PO1000008208;SUPERVENTURE;SUMBER BUNGA SAWIT LESTARI;BABULU;Not RSPO Certified;;13/01/2026;-1.492.394;116.444.393;-1.492394, 116.444393;IDN;Indonesia;Kalimantan Timur;Penajam Paser Utara;1-Fully Verified;
PO1000008210;PTPN III;PERKEBUNAN NUSANTARA XIII;NGABANG;RSPO Certified;RSPO Certified, MB;13/01/2026;0.343665;109.938.652;0.343665, 109.938652;IDN;Indonesia;Kalimantan Barat;Landak;1-Fully Verified;
PO1000008211;NT CORP;BANGKIT GIAT USAHA MANDIRI;BANGKITGIAT USAHA MANDIRI;Not RSPO Certified;;13/01/2026;-1.472.613;112.742.949;-1.472613, 112.742949;IDN;Indonesia;Kalimantan Tengah;Kotawaringin Timur;1-Fully Verified;
PO1000008214;UNKNOWN;ARYA RAMA PERSADA;ARYA RAMA PERSADA;Not RSPO Certified;;13/01/2026;3.099.345;99.594.727;3.099345, 99.594727;IDN;Indonesia;Sumatera Utara;Batu Bara;1-Fully Verified;
PO1000008215;PANCA EKA;AGRO ABADI;AGRO ABADI;Not RSPO Certified;;13/01/2026;0.346002;101.475.229;0.346002, 101.475229;IDN;Indonesia;Riau;Kampar;1-Fully Verified;
PO1000008216;UNKNOWN;BUNGO LIMBUR;BUNGO LIMBUR;Not RSPO Certified;;13/01/2026;-1.375.067;101.891.894;-1.375067, 101.891894;IDN;Indonesia;Jambi;Bungo;2-High Confidence;
PO1000008217;UNKNOWN;BUANA SAWIT INDAH;BUANA SAWIT INDAH;Not RSPO Certified;;13/01/2026;314.258;9.951.103;3.14258, 99.51103;IDN;Indonesia;Sumatera Utara;Batu Bara;1-Fully Verified;
PO1000008218;ASTRA AGRO LESTARI;LESTARI TANI TELADAN;LESTARI TANI TELADAN;Not RSPO Certified;;13/01/2026;-1.370.466;119.486.578;-1.370466, 119.486578;IDN;Indonesia;Sulawesi Tengah;Donggala;2-High Confidence;
PO1000008221;UNKNOWN;MUARA JAMBI SAWIT LESTARI;MUARA JAMBI SAWIT LESTARI;Not RSPO Certified;;13/01/2026;-1.256.074;103.707.046;-1.256074, 103.707046;IDN;Indonesia;Jambi;Tanjung Jabung T;1-Fully Verified;
PO1000008222;UNKNOWN;PALMASA SA;AGROINDUSTRIAL PALMASA SA;Not RSPO Certified;;13/01/2026;-1.122.556;-47.656.306;-1.122556, -47.656306;BRA;Brazil;Pará;Igarapé-Açu;1-Fully Verified;
PO1000008224;UNKNOWN;GUNA SETIA PRATAMA;GUNA SETIA PRATAMA;Not RSPO Certified;;13/01/2026;0.428068;101.596.593;0.428068, 101.596593;IDN;Indonesia;Riau;Pelalawan;1-Fully Verified;
PO1000008225;MENTARI;RISMAN SCHAM PALM INDONESIA;RISMAN SCHAM PALM INDONESIA;Not RSPO Certified;;13/01/2026;-0.95928;10.277.847;-0.95928, 102.77847;IDN;Indonesia;Riau;Indragiri Hilir;1-Fully Verified;
PO1000008226;UNKNOWN;MULTI GUNA LESTARI ABADI;MULTI GUNA LESTARI ABADI;Not RSPO Certified;;13/01/2026;-0.959629;102.748.735;-0.959629, 102.748735;IDN;Indonesia;Riau;Indragiri Hilir;1-Fully Verified;
PO1000008227;PTPN III;PERKEBUNAN NUSANTARA XIII;KEMBAYAN;Not RSPO Certified;;13/01/2026;0.46439;11.037.579;0.46439, 110.37579;IDN;Indonesia;Kalimantan Barat;Sanggau;1-Fully Verified;
PO1000008228;KALIMANTAN SAWIT KUSUMA (KSK);FAJAR SAUDARA LESTARI;FAJAR SAUDARA LESTARI;Not RSPO Certified;;13/01/2026;-0.868056;109.628.056;-0.868056, 109.628056;IDN;Indonesia;Kalimantan Barat;Kubu Raya;1-Fully Verified;
PO1000008229;WAWASAN SEDAR SDN BHD;WAWASAN SEDAR SDN BHD;WAWASAN SEDAR;Not RSPO Certified;;13/01/2026;3.320.729;113.613.241;3.320729, 113.613241;MYS;Malaysia;Sarawak;Bintulu;1-Fully Verified;
PO1000008230;UNKNOWN;TAYAN BUKIT SAWIT;TAYAN BUKIT SAWIT;Not RSPO Certified;;13/01/2026;0.543489;110.423.819;0.543489, 110.423819;IDN;Indonesia;Kalimantan Barat;Sanggau;1-Fully Verified;
PO1000008231;UNKNOWN;KHARISMA AGRO SEJAHTERA;KHARISMA AGRO SEJAHTERA;Not RSPO Certified;;13/01/2026;-0.752306;102.244.639;-0.752306, 102.244639;IDN;Indonesia;Riau;Indragiri Hulu;1-Fully Verified;
PO1000008233;UNKNOWN;NIAGA MAS GEMILANG;NIAGA MAS GEMILANG;Not RSPO Certified;;13/01/2026;-0.592333;1.168.225;-0.592333, 116.8225;IDN;Indonesia;Kalimantan Timur;Kutai Kartanegara;1-Fully Verified;
PO1000008234;SAGO NAULI;TRI BAHTERA SRIKANDI;PATILUBAN MUDIK;Not RSPO Certified;;13/01/2026;0.567528;99.203.306;0.567528, 99.203306;IDN;Indonesia;Sumatera Utara;Mandailing Natal;1-Fully Verified;
PO1000008235;GAYANIS SDN BHD;GAYANIS SDN BHD;GAYANIS;Not RSPO Certified;;13/01/2026;3.358.081;113.674.744;3.358081, 113.674744;MYS;Malaysia;Sarawak;Bintulu;1-Fully Verified;
PO1000008239;UNKNOWN;LEOMAS ANUGERAH BERSAUDARA;LEOMAS ANUGERAH BERSAUDARA;Not RSPO Certified;;13/01/2026;3.412.431;98.734.644;3.412431, 98.734644;IDN;Indonesia;Sumatera Utara;Deli Serdang;1-Fully Verified;
PO1000008241;HASS ENTERPRISE SDN BHD;SEATEX DEVELOPMENT SDN BHD;HASS POM;Not RSPO Certified;;13/01/2026;3.538.862;113.899.777;3.538862, 113.899777;MYS;Malaysia;Sarawak;Miri;1-Fully Verified;
PO1000008243;BLD PLANTATION BERHAD;BINTULU LUMBER DEVELOPMENT SDN BHD;SAWAI;Not RSPO Certified;;13/01/2026;35.763;1.138.386;3.5763, 113.8386;MYS;Malaysia;Sarawak;Miri;1-Fully Verified;
PO1000008246;UNKNOWN;YAPUTRA ALFA PALMINDO;YAPUTRA ALFA PALMINDO;Not RSPO Certified;;13/01/2026;3.719.652;98.194.233;3.719808, 98.194247;IDN;Indonesia;Sumatera Utara;Langkat;1-Fully Verified;
PO1000008251;FGV HOLDINGS BERHAD;FGV PALM INDUSTRIES SDN BHD;JENGKA 8;Not RSPO Certified;;13/01/2026;3.823.056;102.506.944;3.823056, 102.506944;MYS;Malaysia;Pahang;Maran;1-Fully Verified;
PO1000008253;MANUELITA;ACEITES MANUELITA;ACEITES MANUELITA S.A. (MANAVIRE);Not RSPO Certified;;13/01/2026;3.937.706;-7.336.539;3.937706, -73.36539;COL;Colombia;Meta;San Carlos de Guaroa;1-Fully Verified;
PO1000008258;UNKNOWN;UJONG NEUBOK DALAM;UJONG NEUBOK DALAM;Not RSPO Certified;;13/01/2026;406.248;9.648.714;4.06248, 96.48714;IDN;Indonesia;Aceh;Nagan Raya;1-Fully Verified;
PO1000008259;C.I BIOCOSTA S.A;OLEAGINOSAS DEL OCOA;OLEAGINOSAS DEL OCOA;Not RSPO Certified;;13/01/2026;4.079.083;-73.693.639;4.079083, -73.693639;COL;Colombia;Meta;Villavicencio;1-Fully Verified;OLEAGOSINAS DEL OCOA
PO1000008261;UNKNOWN;SRI GANDA OIL MILL SDN BHD;SRI GANDA OIL MILL SDN BHD;Not RSPO Certified;;13/01/2026;415.411;10.114.653;4.15411, 101.14653;MYS;Malaysia;Perak;Batang Padang;1-Fully Verified;
PO1000008264;AGRINDO;KEMILAU INDAH NUSANTARA;SUNGAI BENGALON;Not RSPO Certified;;13/01/2026;0.72294;11.765.753;0.72294, 117.65753;IDN;Indonesia;Kalimantan Timur;Kutai Timur;1-Fully Verified;
PO1000008265;TRIPUTRA AGRO PERSADA;HAMPARAN PERKASA MANDIRI;HAMPARAN PERKASA MANDIRI;Not RSPO Certified;;13/01/2026;0.777787;116.607.842;0.777787, 116.607842;IDN;Indonesia;Kalimantan Timur;Kutai Timur;2-High Confidence;
PO1000008266;UNKNOWN;TEGUH KARSA WANALESTARI;KANDIS;Not RSPO Certified;;13/01/2026;0.90045;10.137.966;0.90045, 101.37966;IDN;Indonesia;Riau;Siak;1-Fully Verified;
PO1000008268;UNKNOWN;KAMPARINDO AGRO INDUSTRI;KAMPARINDO AGRO INDUSTRI;Not RSPO Certified;;13/01/2026;0.864;101.286;0.864, 101.286;IDN;Indonesia;Riau;Siak;1-Fully Verified;
PO1000008269;SWASTISIDDHI AMAGRA;SWASTISIDDHI AMAGRA;LIBO JAYA;Not RSPO Certified;;13/01/2026;0.947361;101.096.778;0.947361, 101.096778;IDN;Indonesia;Riau;Siak;1-Fully Verified;
PO1000008270;SALIM GROUP;WIRA INOVA NUSANTARA;WIRA INOVA NUSANTARA;Not RSPO Certified;;13/01/2026;0.965731;118.194.586;0.965731, 118.194586;IDN;Indonesia;Kalimantan Timur;Kutai Timur;1-Fully Verified;
PO1000008271;FAIRCO;FAIRCO AGRO MANDIRI;KAUBUN;Not RSPO Certified;;13/01/2026;0.966702;1.177.919;0.966702, 117.7919;IDN;Indonesia;Kalimantan Timur;Kutai Timur;1-Fully Verified;
PO1000008272;DARMEX AGRO;ELUAN MAHKOTA;KOTA TENGAH;Not RSPO Certified;;13/01/2026;0.974123;100.536.572;0.974123, 100.536572;IDN;Indonesia;Riau;Rokan Hulu;1-Fully Verified;
PO1000008273;AEK NATIO;DIAN ANGGARA PERSADA;MUTIARA SAM-SAM KANDIS;Not RSPO Certified;;13/01/2026;0.979111;101.045.278;0.979111, 101.045278;IDN;Indonesia;Riau;Siak;1-Fully Verified;
PO1000008274;ASTRA AGRO LESTARI;KARYANUSA EKADAYA;KARYANUSA EKA DAYA 1;Not RSPO Certified;;13/01/2026;0.991853;116.753.692;0.991853, 116.753692;IDN;Indonesia;Kalimantan Timur;Kutai Timur;1-Fully Verified;
PO1000008277;UNKNOWN;GRAHA PERMATA HIJAU;GRAHA PERMATA HIJAU;Not RSPO Certified;;13/01/2026;1.125.556;100.849.444;1.125556, 100.849444;IDN;Indonesia;Riau;Rokan Hulu;1-Fully Verified;GRAHA PERMATA HIJAU
PO1000008278;UNKNOWN;SEMUNAI SAWIT PERKASA;SEMUNAI SAWIT PERKASA;Not RSPO Certified;;13/01/2026;1.163.592;10.127.829;1.163592, 101.27829;IDN;Indonesia;Riau;Bengkalis;1-Fully Verified;
PO1000008279;UNKNOWN;ARYA RAMA PRAKASA;ARYA RAMA PRAKASA;Not RSPO Certified;;13/01/2026;1.222.161;100.384.187;1.222161, 100.384187;IDN;Indonesia;Riau;Rokan Hulu;1-Fully Verified;
PO1000008282;UNKNOWN;PERMATA CITRA RANGAU;PERMATA CITRA RANGAU;Not RSPO Certified;;13/01/2026;1.250.402;101.250.447;1.250402, 101.250447;IDN;Indonesia;Riau;Bengkalis;1-Fully Verified;
PO1000008284;DARMEX AGRO;WIRATA DAYA BANGUN PERSADA;WIRATA DAYA BANGUN PERSADA;Not RSPO Certified;;13/01/2026;14.294;109.603;1.42940, 109.60300;IDN;Indonesia;Kalimantan Barat;Sambas;1-Fully Verified;
PO1000008285;DARMEX AGRO;LEDO LESTARI;LEDO LESTARI;Not RSPO Certified;;13/01/2026;1.464.745;109.716.423;1.464745, 109.716423;IDN;Indonesia;Kalimantan Barat;Bengkayang;1-Fully Verified;
PO1000008286;UNKNOWN;SALAMANCA OLEAGINOSAS S.A.;SALAMANCA OLEAGINOSAS S.A.;Not RSPO Certified;;13/01/2026;1.466.186;-78.740.195;1.466186, -78.740195;COL;Colombia;Nariño;Tumaco;1-Fully Verified;
PO1000008287;UNKNOWN;KARYA ABADI SAMA SEJATI;KARYA ABADI SAMA SEJATI;Not RSPO Certified;;13/01/2026;1.475.833;100.598.806;1.475833, 100.598806;IDN;Indonesia;Riau;Rokan Hilir;1-Fully Verified;
PO1000008288;UNKNOWN;C.I. TOP S.A.;EXTRACTORA SANTAFE SAS;Not RSPO Certified;;13/01/2026;1.480.669;-78.662.003;1.480669, -78.662003;COL;Colombia;Nariño;Tumaco;1-Fully Verified;
PO1000008289;UNKNOWN;PALMAS DE TUMACO S.A.S.;PALMAS DE TUMACO S.A.S.;RSPO Certified;RSPO Certified, IP, MB;13/01/2026;15.232;-78.739.673;1.5232, -78.739673;COL;Colombia;Nariño;Tumaco;1-Fully Verified;
PO1000008290;UNKNOWN;BINTANG NAULI PRATAMA;BINTANG NAULI PRATAMA;Not RSPO Certified;;13/01/2026;1.527.861;98.974.806;1.527861, 98.974806;IDN;Indonesia;Sumatera Utara;Tapanuli Tengah;1-Fully Verified;
PO1000008291;UNKNOWN;SUMBER SAWIT NUSANTARA;SUMBER SAWIT NUSANTARA;Not RSPO Certified;;13/01/2026;15.501;999.559;1.5501, 99.9559;IDN;Indonesia;Sumatera Utara;Padang Lawas Utara;1-Fully Verified;
PO1000008292;FANGIONO AGRO PLANTATION (FAP AGRI);BHUMI SIEMANGGARIS INDAH;BHUMI SIMANGGARIS INDAH;Not RSPO Certified;;13/01/2026;4.238.583;1.173.628;4.238583, 117.3628;IDN;Indonesia;Kalimantan Timur;Nunukan;1-Fully Verified;
PO1000008295;RIMEX;PRIMALUCK (M) SDN BHD;PRIMALUCK;Not RSPO Certified;;13/01/2026;4.306.868;114.097.345;4.306868, 114.097345;MYS;Malaysia;Sarawak;Miri;1-Fully Verified;
PO1000008299;WTK HOLDINGS BHD;BIOGROW CITY PLANTATIONS SDN BHD;BIOGROW CITY PLANTATIONS;Not RSPO Certified;;13/01/2026;4.585.113;114.936.493;4.585113, 114.936493;MYS;Malaysia;Sarawak;Limbang;1-Fully Verified;
PO1000008301;UNKNOWN;INDUSTRIAL ACEITERA DE CASANARE S.A. SUCURSAL COLOMBIA S.A.;INDUSTRIAL ACEITERA DE CASANARE S.A.;RSPO Certified;RSPO Certified, IP;13/01/2026;5.087.917;-71.959.972;5.087917, -71.959972;COL;Colombia;Casanare;Orocué;2-High Confidence;
PO1000008304;KWANTAS CORPORATION BERHAD;KWANTAS OIL SDN BHD;MEWAH;Not RSPO Certified;;13/01/2026;5.254.581;117.909.014;5.254581, 117.909014;MYS;Malaysia;Sabah;Kinabatangan;1-Fully Verified;
PO1000008305;TANER INDUSTRIAL TECHNOLOGY (M) SDN BHD;TANER R&D PALM OIL MILL SDN BHD;TANER R&D;Not RSPO Certified;;13/01/2026;5.254.648;11.600.853;5.254648, 116.00853;MYS;Malaysia;Sabah;Tenom;2-High Confidence;
PO1000008310;FGV HOLDINGS BERHAD;FGV PALM INDUSTRIES SDN BHD;KKS SUNGAI TONG;Not RSPO Certified;;13/01/2026;5.338.811;102.859.792;5.338811, 102.859792;MYS;Malaysia;Trengganu;Setiu;1-Fully Verified;
PO1000008312;KUMPULAN PERLADANGAN PKINK BHD;LADANG TAPIS SDN BHD (LTSB);KILANG SAWIT TAPIS;Not RSPO Certified;;13/01/2026;55.075;101.935.778;5.5075, 101.935778;MYS;Malaysia;Kelantan;Jeli;2-High Confidence;
PO1000008314;TOUPOS PALM OIL MILL SDN BHD;TOUPOS PALM OIL MILL SDN BHD;TOUPOS;Not RSPO Certified;;13/01/2026;5.660.384;116.879.974;5.660384, 116.879974;MYS;Malaysia;Sabah;Ranau;1-Fully Verified;
PO1000008315;MONSOK PALM OIL MILL SDN BHD;MONSOK PALM OIL MILL SDN BHD;MONSOK;Not RSPO Certified;;13/01/2026;5.672.079;117.411.009;5.672079, 117.411009;MYS;Malaysia;Sabah;Beluran;1-Fully Verified;
PO1000008316;GENTING PLANTATIONS;GENTING SDC SDN BHD;ASIATIC SABAPALM;Not RSPO Certified;;13/01/2026;6.049.534;117.353.554;6.049534, 117.353554;MYS;Malaysia;Sabah;Beluran;2-High Confidence;
PO1000008317;OBOOMA FARMS GHANA;OBOOMA FARMS GHANA;OBOOMA FARMS;Not RSPO Certified;;13/01/2026;618.661;-0.87636;6.18661, -0.87636;GHA;Ghana;Eastern;Kwabibirem;1-Fully Verified;
PO1000008324;UNKNOWN;THAINDO PALM OIL FACTORY CO LTD;THAINDO PALM OIL FACTORY CO LTD;Not RSPO Certified;;13/01/2026;8.110.844;99.293.394;8.110844, 99.293394;THA;Thailand;Krabi;Lam Thap;1-Fully Verified;
PO1000008325;UNKNOWN;KASAT LUMNAUM CO,. LTD;KASAT LUMNAUM CO,. LTD.;Not RSPO Certified;;13/01/2026;8.317.529;99.970.215;8.317529, 99.970215;THA;Thailand;Nakhon Si Thammarat;Phra Phrom;1-Fully Verified;AGRICULTURE OF BASIN
PO1000008328;UNKNOWN;KRABI PALM OIL COMMUNITY COOPERATIVE;KRABI PALM OIL COMMUNITY COOPERATIVE;Not RSPO Certified;;13/01/2026;838.929;98.864.172;8.38929, 98.864172;THA;Thailand;Krabi;Ao Luk;1-Fully Verified;
PO1000008329;UNKNOWN;P.PANIT RUNGRUENG PALM OIL   CO.,LTD;P.PANIT RUNGRUENG PALM OIL   CO.,LTD.;Not RSPO Certified;;13/01/2026;8.434.946;9.906.922;8.434946, 99.06922;THA;Thailand;Surat Thani;Chaiburi;1-Fully Verified;
PO1000008330;UNKNOWN;EXTRACTORA GRUPALMA S.A.S.;EXTRACTORA GRUPALMA;Not RSPO Certified;;13/01/2026;8.668.383;-73.837.515;8.668383, -73.837515;COL;Colombia;Bolívar;Morales;1-Fully Verified;
PO1000008331;SMOTHONG GROUP;SMOTHONG PALMOIL CO.;SMOTHONG PALMOIL CO.;Not RSPO Certified;;13/01/2026;8.676.432;98.801.449;8.676432, 98.801449;THA;Thailand;Surat Thani;Phanom;1-Fully Verified;
PO1000008332;SMOTHONG GROUP;SMOTHONG PALMOIL CO.;SMOTHONG PALM CO.,LTD.;Not RSPO Certified;;13/01/2026;9.509.484;99.131.318;9.509484, 99.131318;THA;Thailand;Surat Thani;Tha Chana;1-Fully Verified;
PO1000008333;UNKNOWN;PALMAS OLEAGINOSAS DE CASACARE LTDA;PALMAS OLEAGINOSAS DE CASACARE LTDA;Not RSPO Certified;;13/01/2026;9.856.372;-73.277.009;9.856372, -73.277009;COL;Colombia;Cesar;Agustín Codazzi;1-Fully Verified;
PO1000008336;UNKNOWN;ASOCIACIÓN AGROINDUSTRIAL DE PALMICUTORES DE SABA S.A DE C.V;ASOCIACION AGROINDUSTRIAL DE PALMICUTORES DE SABA (ASAPALSA);Not RSPO Certified;;13/01/2026;1.554.414;-86.180.658;15.54414, -86.180658;HND;Honduras;Colón;Sabá;1-Fully Verified;
PO1000008337;COOPERATIVA DE PRODUCCION AGROPECUARIA SALAMA LIMITADA;COOPERATIVA DE PRODUCCION AGROPECUARIA SALAMA LIMITADA;COOPERATIVA SALAMA;RSPO Certified;RSPO Certified, MB;13/01/2026;15.705.837;-85.941.602;15.705837, -85.941602;HND;Honduras;Colón;Tocoa;1-Fully Verified;
PO1000008338;UNISOURCE HOLDING INC.;INDUSTRIA CHIQUIBUL S.A.;INDUSTRIA CHIQUIBUL S.A.;Not RSPO Certified;;13/01/2026;16.015.425;-90.393.681;16.015425, -90.393681;GTM;Guatemala;Alta Verapaz;Chisec;1-Fully Verified;
PO1000008341;UNKNOWN;ACEITES SUSTENTABLES DE PALMA;ACEITES SUSTENTABLES DE PALMA;Not RSPO Certified;;13/01/2026;16.360.506;-90.467.794;16.360506, -90.467794;MEX;Mexico;Chiapas;Ocosingo;2-High Confidence;
PO1000008342;RUCHI SOYA;RUCHI SOYA INDUSTRIES;PEDDAPURAM PALM OIL MILL;Not RSPO Certified;;13/01/2026;17.030.901;82.200.297;17.030901, 82.200297;IND;India;Andhra Pradesh;East Godavari;3-Low Confidence;
PO1000008343;GOZCO PLANTATIONS;SURYABUMI AGROLANGGENG;SURYA BUMI AGROLANGGENG;Not RSPO Certified;;13/01/2026;-33.609;1.038.837;-3.3609, 103.8837;IDN;Indonesia;Sumatera Selatan;Muara Enim;1-Fully Verified;
PO1000008344;UNKNOWN;NAVA BHARAT PALM OIL MILL;NAVABHARAT;Not RSPO Certified;;13/01/2026;17.131.924;81.274.595;17.131924, 81.274595;IND;India;Andhra Pradesh;West Godavari;1-Fully Verified;
PO1000008345;UNKNOWN;KEDATON MULIA PRIMAS;KEDATON MULIA PRIMAS;Not RSPO Certified;;13/01/2026;-1.907.167;1.030.136;-1.907167, 103.0136;IDN;Indonesia;Jambi;Batang Hari;1-Fully Verified;
PO1000008346;UNION SAMPOERNA TRIPUTRA PERSADA (USTP);ETAM BERSAMA LESTARI;ETAM BERSAMA LESTARI;Not RSPO Certified;;13/01/2026;1.223.889;1.178.794;1.223889, 117.8794;IDN;Indonesia;Kalimantan Timur;Kutai Timur;1-Fully Verified;
PO1000008347;UNKNOWN;ABAGO S.A.S.;ABAGO S.A.S.;Not RSPO Certified;;13/01/2026;4.286.556;-7.213.408;4.286556, -72.13408;COL;Colombia;Meta;Puerto Gaitán;1-Fully Verified;BRAGANZA
PO1000008348;TRURICH RESOURCES;TEKNIK UTAMA MANDIRI;KRISTAL;Not RSPO Certified;;13/01/2026;3.612.976.709;1.170.293.869;3.61297670895, 117.029386861;IDN;Indonesia;Kalimantan Timur;Tana Tidung;1-Fully Verified;
PO1000008349;AGROINDUSTRIAL UUMBAL SA DE CV;AGROFORESTAL UUMBAL CHIAPAS S.A.P.I. DE C.V.;AGROFORESTAL UUMBAL;RSPO Certified;RSPO Certified, IP, MB;13/01/2026;17.767.702;-91.846.862;17.767702, -91.846862;MEX;Mexico;Chiapas;Palenque;2-High Confidence;
PO1000008380;PTPN III;PERKEBUNAN NUSANTARA VIII;KERTAJAYA;RSPO Certified;RSPO Certified, MB;13/01/2026;-6.620.621;105.997.228;-6.620621, 105.997228;IDN;Indonesia;Banten;Lebak;1-Fully Verified;
PO1000008381;SUPERVENTURE;CAHAYA BINTANG SAWIT SEJATI;CAHAYA BINTANG SAWIT SEJATI 2;Not RSPO Certified;;13/01/2026;-2.092.997;116.121.333;-2.092997, 116.121333;IDN;Indonesia;Kalimantan Timur;Paser;2-High Confidence;
PO1000008383;UNKNOWN;ERASAKTI WIRA FORESTAMA;ERASAKTI WIRA FORESTAMA 2;Not RSPO Certified;;13/01/2026;-1.528.944;103.637.139;-1.528944, 103.637139;IDN;Indonesia;Jambi;Muaro Jambi;1-Fully Verified;
PO1000008384;KILANG MINYAK SAWIT MERU SDN BHD;KILANG MINYAK SAWIT MERU SDN BHD;MERU;Not RSPO Certified;;13/01/2026;3.009.114;101.496.835;3.009114, 101.496835;MYS;Malaysia;Selangor;Klang;1-Fully Verified;
PO1000008385;AGROPECUARIA SANTAMARIA S.A;AGROPECUARIA SANTAMARIA S.A.;PLANTA EXTRACTORA ACEITES CIMARRONES S.A.S ZFPEA;RSPO Certified;RSPO Certified, IP, MB;13/01/2026;3.036.639;-73.111.456;3.036639, -73.111456;COL;Colombia;Meta;Puerto Rico;1-Fully Verified;
PO1000008386;UNKNOWN;AGRO WIJAYA INDUSTRI;AGRO WIJAYA INDUSTRI;Not RSPO Certified;;13/01/2026;-176.147.222;102.244;-1.76147222, 102.244;IDN;Indonesia;Jambi;Merangin;1-Fully Verified;
PO1000008388;UNKNOWN;AGRO SERASI LESTARI;AGRO SERASI LESTARI;Not RSPO Certified;;13/01/2026;2.706.553;99.617.973;2.706553, 99.617973;IDN;Indonesia;Sumatera Utara;Asahan;1-Fully Verified;
PO1000008389;AGRINDO;ARCHIPELAGO TIMUR ABADI;ARCHIPELAGO;Not RSPO Certified;;13/01/2026;-11.395.156;1.139.864.769;-1.1395156, 113.9864769;IDN;Indonesia;Kalimantan Tengah;Kapuas;1-Fully Verified;
PO1000008391;SUNGAI BUDI;TUNAS BARU LAMPUNG;MESUJI PKS 2;Not RSPO Certified;;13/01/2026;-4.017.361.111;1.052.733.333;-4.017361111, 105.2733333;IDN;Indonesia;Lampung;Mesuji;1-Fully Verified;
PO1000008392;SAHABAT AGRO;LAMBANG BUMI PERKASA;LAMBANG BUMI PERKASA;Not RSPO Certified;;13/01/2026;-470.179;1.053.728;-4.70179, 105.3728;IDN;Indonesia;Lampung;Lampung Tengah;1-Fully Verified;
PO1000008393;UNKNOWN;JALUR PUSAKA SAKTI KUMALA;JALUR PUSAKA SAKTI KUMALA;Not RSPO Certified;;13/01/2026;0.399736;101.796.722;0.399736, 101.796722;IDN;Indonesia;Riau;Pelalawan;1-Fully Verified;
PO1000008394;LA FABRIL;EXTRACTORA AGRICOLA RIO MANSO;PLANTA MONTERREY;Not RSPO Certified;;13/01/2026;-0.0441084;-794.947;-0.0441084, -79.4947;ECU;Ecuador;Santo Domingo de los Tsachilas;La Concordia;1-Fully Verified;
PO1000008395;UNKNOWN;PUTERA KERITANG SAWIT;PUTERA KERITANG SAWIT;Not RSPO Certified;;13/01/2026;-0.871308;10.266.131;-0.871308, 102.66131;IDN;Indonesia;Riau;Indragiri Hilir;1-Fully Verified;
PO1000008396;TELADAN PRIMA;MULTI JAYANTARA ABADI;MULTI JAYANTARA ABADI;Not RSPO Certified;;13/01/2026;-2.380.249;116.529.703;-2.380249, 116.529703;IDN;Indonesia;Kalimantan Timur;Paser;1-Fully Verified;
PO1000008397;MAKIN;PERSADA HARAPAN KAHURIPAN;RENGAS;Not RSPO Certified;;13/01/2026;-1.595.308;102.720.025;-1.595308, 102.720025;IDN;Indonesia;Jambi;Tebo;1-Fully Verified;
PO1000008398;UNKNOWN;MULTIAGRO SUMATERA JAYA;MULTIAGRO SUMATERA JAYA;Not RSPO Certified;;13/01/2026;1.078.939;100.055.088;1.078939, 100.055088;IDN;Indonesia;Sumatera Utara;Padang Lawas;1-Fully Verified;
PO1000008399;RIMBUNAN SAWIT BERHAD;RSB PALM OIL MILL SDN BHD;RSB;Not RSPO Certified;;13/01/2026;3.730.269;114.053.725;3.730269, 114.053725;MYS;Malaysia;Sarawak;Marudi;3-Low Confidence;RH BAKONG
PO1000008400;SOUTHERN ACIDS BERHAD;MUSTIKA AGRO SARI;MUSTIKA AGRO SARI;Not RSPO Certified;;13/01/2026;-0.11333;10.129.334;-0.11333, 101.29334;IDN;Indonesia;Riau;Kuantan Singingi;1-Fully Verified;
PO1000008401;HOLDING LA FABRIL S.A.;ENERGY & PALMA;ENERGY & PALMA;Not RSPO Certified;;13/01/2026;113.777;-7.880.444;1.13777, -78.80444;ECU;Ecuador;Esmeraldas;San Lorenzo;3-Low Confidence;
PO1000008402;EPACEM;NEGCORPBIS S.A.;PALMAR DEL RIO: EL COCA;Not RSPO Certified;;13/01/2026;-0.30398;-77.096.635;-0.30398, -77.096635;ECU;Ecuador;Orellana;Orellana;1-Fully Verified;
PO1000008403;ASTRA AGRO LESTARI;SARI ADITYA LOKA;SARI ADITYA LOKA 2;Not RSPO Certified;;13/01/2026;-165.128;102.308.184;-1.65128, 102.308184;IDN;Indonesia;Jambi;Bungo;2-High Confidence;
PO1000008404;UNKNOWN;COMPAÑIA INDUSTRIAL NOVAPALM S.A.;NOVAPALM S.A.;Not RSPO Certified;;13/01/2026;0.074145;-79.602;0.074145, -79.602;ECU;Ecuador;Esmeraldas;Quinindé;1-Fully Verified;
PO1000008405;UNION SAMPOERNA TRIPUTRA PERSADA (USTP);SAWIT MAS PARENGGEAN;SAWTIMAS PARENGGEAN;Not RSPO Certified;;13/01/2026;-2.030.917;112.769.611;-2.030917, 112.769611;IDN;Indonesia;Kalimantan Tengah;Kotawaringin Timur;3-Low Confidence;
PO1000008406;UNKNOWN;OLEAGINOSAS SANTANA S.A.S;OLEAGINOSAS SANTANA;Not RSPO Certified;;13/01/2026;399.834.425;-736.133.445;3.99834425, -73.6133445;COL;Colombia;Meta;Villavicencio;1-Fully Verified;
PO1000008407;ADR;BAYUNG AGRO SAWITA;BAYUNG AGRO SAWITA;Not RSPO Certified;;13/01/2026;-2.008.456;103.705.447;-2.008456, 103.705447;IDN;Indonesia;Sumatera Selatan;Musi Banyuasin;1-Fully Verified;
PO1000008409;SARAWAK OIL PALMS BERHAD;SARAWAK OIL PALMS BHD;SEPAKAU POM;Not RSPO Certified;;13/01/2026;2.788.119;114.447.231;2.788119, 114.447231;MYS;Malaysia;Sarawak;Belaga;1-Fully Verified;
PO1000008410;UNKNOWN;BIOCASTILLA;BIOCASTILLA;Not RSPO Certified;;13/01/2026;3.821.479;-73.532.639;3.821479, -73.532639;COL;Colombia;Meta;Castilla la Nueva;1-Fully Verified;
PO1000008411;ORIENTAL HOLDINGS BERHAD;BUMI SAWIT SUKSES PRATAMA;BUMI SAWIT SUKSES PRATAMA;Not RSPO Certified;;13/01/2026;-254.389;10.602.932;-2.54389, 106.02932;IDN;Indonesia;Bangka Belitung;Bangka Selatan;1-Fully Verified;
PO1000008412;UNKNOWN;CAKRA ALAM SEJATI;CAKRA ALAM SEJATI;Not RSPO Certified;;13/01/2026;0.1754722;102.051.417;0.1754722, 102.051417;IDN;Indonesia;Riau;Pelalawan;2-High Confidence;
PO1000008413;UNKNOWN;PALMERAS DE LOS CIEN S.A. - PALCIEN S.A.;PALCIEN;Not RSPO Certified;;13/01/2026;0.344174;-79.458.961;0.344174, -79.458961;ECU;Ecuador;Esmeraldas;Quinindé;1-Fully Verified;
PO1000008414;YAYASAN SABAH GROUP;BENTA WAWASAN SDN BHD;SERAYA;Not RSPO Certified;;13/01/2026;461.407;117.600.706;4.61407, 117.600706;MYS;Malaysia;Sabah;Tawau;1-Fully Verified;
PO1000008415;UNKNOWN;PALMAR DE LOS ESTEROS EMA S.A.;PALESEMA;Not RSPO Certified;;13/01/2026;1.308.638;-78.730.805;1.308638, -78.730805;ECU;Ecuador;Esmeraldas;San Lorenzo;1-Fully Verified;
PO1000008416;TELADAN PRIMA;SIMA AGUNG PRIMA SAWIT;SIMA AGUNG PRIMA SAWIT;Not RSPO Certified;;13/01/2026;0.825349;118.753.577;0.825349, 118.753577;IDN;Indonesia;Kalimantan Timur;Kutai Timur;3-Low Confidence;
PO1000008417;UNKNOWN;PALM LAMPUNG PERSADA;PALM LAMPUNG PERSADA;Not RSPO Certified;;13/01/2026;-4.372.722;104.599.806;-4.372722, 104.599806;IDN;Indonesia;Lampung;Way Kanan;1-Fully Verified;
PO1000008418;BRADEN GROUP, S.A.;BRADEN GROUP, S.A.;PALMAS DEL IXCAN LTDA;RSPO Certified;RSPO Certified, MB;13/01/2026;15.990.556;-90.466.861;15.990556, -90.466861;GTM;Guatemala;Alta Verapaz;Chisec;1-Fully Verified;
PO1000008419;LA FABRIL;EXTRACTORA AGRICOLA RIO MANSO;PALMISA;Not RSPO Certified;;13/01/2026;-0.709732;-7.946.711;-0.709732, -79.46711;ECU;Ecuador;Los Rios;Buena Fé;1-Fully Verified;
PO1000008420;SOCFIN S.A.;SOGB S.A.;SOGB ;RSPO Certified;RSPO Certified, IP, MB;13/01/2026;4.688.742;-709.086;4.688742, -7.090860;CIV;Côte d'Ivoire;Bas-Sassandra;San-Pédro;1-Fully Verified;GRAND BEREBI
PO1000008421;PEPUTRA;PEPUTRA SUPRA JAYA;PEPUTRA SUPRA JAYA;Not RSPO Certified;;13/01/2026;0.1583;1.017.816;0.1583, 101.7816;IDN;Indonesia;Riau;Pelalawan;2-High Confidence;
PO1000008422;ASTRA AGRO LESTARI;PERKEBUNAN LEMBAH BHAKTI;PERKEBUNAN LEMBAH BHAKTI 2;Not RSPO Certified;;13/01/2026;256.063;9.794.867;2.56063, 97.94867;IDN;Indonesia;Aceh;Aceh Singkil;1-Fully Verified;
PO1000008423;UNKNOWN;CITRA SAWIT LESTARI;CITRA SAWIT LESTARI;Not RSPO Certified;;13/01/2026;292.199;11.726.464;2.92199, 117.26464;IDN;Indonesia;Kalimantan Timur;Bulungan;2-High Confidence;
PO1000008424;TRIPUTRA AGRO PERSADA;DWIWIRA LESTARI JAYA;DWIWIRA LESTARI JAYA;Not RSPO Certified;;13/01/2026;1.606.087;118.044.424;1.606087, 118.044424;IDN;Indonesia;Kalimantan Timur;Berau;1-Fully Verified;
PO1000008425;UNKNOWN;SRI INDRAPURA SAWIT LESTARI;SRI INDRAPURA SAWIT LESTARI;Not RSPO Certified;;13/01/2026;0.46424;1.017.365;0.46424, 101.7365;IDN;Indonesia;Riau;Siak;2-High Confidence;
PO1000008426;CB INDUSTRIAL PRODUCT;CB INDUSTRIAL PRODUCT;EMPRESA;Not RSPO Certified;;13/01/2026;3.821.899;114.029.043;3.821899, 114.029043;MYS;Malaysia;Sarawak;Miri;2-High Confidence;
PO1000008428;UNIPAL;UNIPAL;UNIPAL;Not RSPO Certified;;13/01/2026;0.19286;-7.938.581;0.19286, -79.38581;ECU;Ecuador;Esmeraldas;Quinindé;1-Fully Verified;
PO1000008429;SINAR MAS;BAHANA KARYA SEMESTA;SUNGAI AIR JERNIH;Not RSPO Certified;;13/01/2026;-2.086.512;102.801.493;-2.086512, 102.801493;IDN;Indonesia;Jambi;Sarolangun;1-Fully Verified;
PO1000008431;BEST INDUSTRY;TUNAS AGRO SUBUR KENCANA;TUNAS AGRO SUBUR KENCANA;Not RSPO Certified;;13/01/2026;-1.828.597;112.912.568;-1.828597, 112.912568;IDN;Indonesia;Kalimantan Tengah;Kotawaringin Timur;1-Fully Verified;
PO1000008432;SOUTHERN GROUP THAI;SOUTHERN PALM (1978) CO., LTD;SOUTHERN PALM OIL INDUSTRY (1993) CO., LTD.;Not RSPO Certified;;13/01/2026;9.113.691;99.266.069;9.113691, 99.266069;THA;Thailand;Surat Thani;Phunphin;1-Fully Verified;
PO1000008433;NEGRI SEMBILAN OIL PALMS BOARD;TIMOR OIL PALM PLANTATION BHD;TIMOR / LADANG MARAN;Not RSPO Certified;;13/01/2026;3.634.379;10.276.598;3.634379, 102.76598;MYS;Malaysia;Pahang;Maran;1-Fully Verified;
PO1000008434;GOZCO PLANTATIONS;GOLDEN BLOSSOM SUMATRA;GOLDEN BLOSSOM SUMATERA;Not RSPO Certified;;13/01/2026;-3.067.688;104.204.637;-3.067688, 104.204637;IDN;Indonesia;Sumatera Selatan;Banyu Asin;1-Fully Verified;
PO1000008435;UNKNOWN;KARYA TEKNIK PLANTATION;KARYA TEKNIK PLANTATION;Not RSPO Certified;;13/01/2026;-0.15434;11.701.007;-0.15434, 117.01007;IDN;Indonesia;Kalimantan Timur;Kutai Kartanegara;1-Fully Verified;
PO1000008439;SUNGAI BUDI;TUNAS BARU LAMPUNG;TUNAS BARU LAMPUNG (PKS 1);Not RSPO Certified;;13/01/2026;-486.473;105.183.579;-4.86473, 105.183579;IDN;Indonesia;Lampung;Lampung Tengah;1-Fully Verified;
PO1000008440;SINAR JAYA AGRO INVESTAMA (SJAI);WAYKANAN SAWITINDO MAS;WAY KANAN SAWITINDO MAS;Not RSPO Certified;;13/01/2026;-4.446.722;104.421.735;-4.446722, 104.421735;IDN;Indonesia;Lampung;Way Kanan;1-Fully Verified;
PO1000008490;SIAT;SIAT NIGERIA LTD;SIAT NIGERIA LIMITED;RSPO Certified;RSPO Certified, MB;13/01/2026;5.164.666;6.918.888;5.164666, 6.918888;NGA;Nigeria;Rivers;Ikwerre;1-Fully Verified;
PO1000008529;PTPN III;PERKEBUNAN NUSANTARA V;TANJUNG MEDANG;RSPO Certified;RSPO Certified, IP, MB;13/01/2026;1.584.567;100.589;1.584567, 100.589;IDN;Indonesia;Riau;Rokan Hilir;1-Fully Verified;
PO1000008555;UNKNOWN;OLEAGINOSAS AMAZONICAS S.A (OLAMSA);OLEAGINOSAS AMAZONICAS S.A (OLAMSA) MILL 2;Not RSPO Certified;;13/01/2026;-8.645.238;-74.958.167;-8.645238, -74.958167;PER;Peru;Ucayali;Coronel Portillo;1-Fully Verified;
PO1000008556;UNKNOWN;OLEAGINOSAS DEL PERU (OLPESA);OLEAGINOSAS DEL PERU (OLPESA);Not RSPO Certified;;13/01/2026;-814.146;-76.594.121;-8.14146, -76.594121;PER;Peru;San Martín;Tocache;1-Fully Verified;
PO1000008557;UNKNOWN;OLEAGINOSAS PADRE ABAD;OLEAGINOSAS PADRE ABAD S.A (OLPASA);Not RSPO Certified;;13/01/2026;-9.059.286;-7.564.533;-9.059286, -75.64533;PER;Peru;Ucayali;Padre Abad;1-Fully Verified;
PO1000008558;UNKNOWN;OLEAGINOSAS PUCALLPA;OLEAGINOSAS PUCALLPA S.A.C.;Not RSPO Certified;;13/01/2026;-8.576.227;-74.907.607;-8.576227, -74.907607;PER;Peru;Ucayali;Coronel Portillo;1-Fully Verified;
PO1000008559;PALDUANA;PALDUANA;PALDUANA;Not RSPO Certified;;13/01/2026;0.312941;-79.419.175;0.312941, -79.419175;ECU;Ecuador;Esmeraldas;Quinindé;1-Fully Verified;
PO1000008560;UNKNOWN;PALMICULTORES DEL MILENIO DEL ESTADO DEL CAMPECHE;PALMICULTORES DEL MILENIO DEL ESTADO DE CAMPECHE;Not RSPO Certified;;13/01/2026;18.679.075;-90.904.025;18.679075, -90.904025;MEX;Mexico;Campeche;Carmen;1-Fully Verified;
PO1000008561;SUKSOMBOON GROUP;SUKSOMBOON BOARAI CO,.LTD;SUKSOMBOON BOURAI CO,.LTD.;Not RSPO Certified;;13/01/2026;12.517.133;102.550.698;12.517133, 102.550698;THA;Thailand;Trat;Bo Rai;1-Fully Verified;
PO1000008562;UNKNOWN;THONG MONGKOL PALM INDUSTRY COMPANY LTD;THONGMONGKOL PALM OIL MILL;Not RSPO Certified;;13/01/2026;11.212.853;99.404.597;11.212853, 99.404597;THA;Thailand;Prachuap Khiri Khan;Bang Saphan;1-Fully Verified;
PO1000008563;LOW YAT;TUNAS PRIMA SEJAHTERA;TUNAS PRIMA SEJAHTERA;Not RSPO Certified;;13/01/2026;0.056091;116.379.991;0.056091, 116.379991;IDN;Indonesia;Kalimantan Timur;Kutai Kartanegara;1-Fully Verified;
PO1000008564;UNKNOWN;SATHIEN PALM COMPANY LTD;SATHIEN PALM COMPANY LIMITED;Not RSPO Certified;;13/01/2026;13.865.962;99.705.587;13.865962, 99.705587;THA;Thailand;Kanchanaburi;Tha Maka;1-Fully Verified;
PO1000008565;UNKNOWN;TRAD PALM OIL CO,.LTD;TRAD PALM OIL CO,.LTD;Not RSPO Certified;;13/01/2026;12.335.841;102.570.249;12.335841, 102.570249;THA;Thailand;Trat;Muang Trat;1-Fully Verified;
PO1000008566;DHARMA AGUNG WIJAYA (DAW);SASMITA BUMI WIJAYA;SASMITA BUMI WIJAYA;Not RSPO Certified;;13/01/2026;0.303139;110.301.222;0.303139, 110.301222;IDN;Indonesia;Kalimantan Barat;Sanggau;1-Fully Verified;
PO1000008567;FIRST RESOURCES;KETAPANG AGRO LESTARI;KETAPANG AGRO LESTARI;Not RSPO Certified;;13/01/2026;-0.875633;115.891.653;-0.875633, 115.891653;IDN;Indonesia;Kalimantan Timur;Kutai Barat;1-Fully Verified;
PO1000008568;UNKNOWN;AGROPECUARIA NUEVO SAN CARLOS S.A.;PALMAS DEL MACHAQUILA;Not RSPO Certified;;13/01/2026;16.149.899;-89.942.382;16.149899, -89.942382;GTM;Guatemala;Petén;Sayaxché;1-Fully Verified;
PO1000008569;UNKNOWN;TOSCANO INDAH PRATAMA;TOSCANO INDAH PRATAMA;Not RSPO Certified;;13/01/2026;-1.086.785;119.472.903;-1.086785, 119.472903;IDN;Indonesia;Sulawesi Barat;Mamuju Utara;1-Fully Verified;
PO1000008570;UNKNOWN;GIGA PUTRA NUSANTARA;GIGA PUTRA NUSANTARA;Not RSPO Certified;;13/01/2026;1.309.826;99.765.294;1.309826, 99.765294;IDN;Indonesia;Sumatera Utara;Padang Lawas;1-Fully Verified;
PO1000008571;UNKNOWN;BIOTECH OIL CO,.LTD;BIOTECH OIL CO,.LTD;Not RSPO Certified;;13/01/2026;822.253;99.034.507;8.22253, 99.034507;THA;Thailand;Krabi;Khao Phanom;1-Fully Verified;
PO1000008572;UNKNOWN;AGROINDUSTRIA OLEICA DE LA REGIÓN DE LOS RIOS SAPI DE C.V.;AGROINDUSTRIA OLEICA DE LA REGIÓN DE LOS RIOS SAPI DE C.V.;Not RSPO Certified;;13/01/2026;17.908.001;-91.757.574;17.908001, -91.757574;MEX;Mexico;Tabasco;Emiliano Zapata;1-Fully Verified;
PO1000008573;UNKNOWN;INDUPALSA;INDUSTRIA DE PALMA ACEITERA DE LORETO Y SAN MARTIN;Not RSPO Certified;;13/01/2026;-6.310.439;-76.279.287;-6.310439, -76.279287;PER;Peru;San Martín;Lamas;1-Fully Verified;
PO1000008574;FELCRA BERHAD;FELCRA VENTURE SRI AMAN SDN BHD;FELCRA VENTURE SRI AMAN;Not RSPO Certified;;13/01/2026;1.192.789;111.400.495;1.192789, 111.400495;MYS;Malaysia;Sarawak;Sri Aman;1-Fully Verified;
PO1000008575;UNKNOWN;P.C. SIAM PETROLEUM;P.C. PALM;RSPO Certified;RSPO Certified, IP, MB;13/01/2026;924.689;99.666.326;9.24689, 99.666326;THA;Thailand;Surat Thani;Don Sak;1-Fully Verified;
PO1000008576;UNKNOWN;AGROPALMA DE INVERSIONES;PLANTA DE BENEFICIO AGROPALMA DE INVERSIONES;RSPO Certified;RSPO Certified, MB;13/01/2026;8.385.939;-82.741.869;8.385939, -82.741869;PAN;Panama;Chiriquí;Alanje;1-Fully Verified;
PO1000008577;IJM PLANTATIONS BERHAD;SINERGI AGRO INDUSTRI;SINERGI AGRO INDUSTRI;Not RSPO Certified;;13/01/2026;0.903945;118.424.871;0.903945, 118.424871;IDN;Indonesia;Kalimantan Timur;Kutai Timur;1-Fully Verified;
PO1000008578;PTPN III;PERKEBUNAN NUSANTARA XIII;LONG PINANG;Not RSPO Certified;;13/01/2026;-192.927;11.612.431;-1.92927, 116.12431;IDN;Indonesia;Kalimantan Timur;Paser;1-Fully Verified;
PO1000008579;MENTARI;SAKTI MAIT JAYA LANGIT;SAKTI MAIT JAYA LANGIT;Not RSPO Certified;;13/01/2026;-1.947.194;114.176.972;-1.947194, 114.176972;IDN;Indonesia;Kalimantan Tengah;Kapuas;1-Fully Verified;
PO1000008580;AGRINA;AGRINA SAWIT PERDANA;AGRINA SAWIT PERDANA;Not RSPO Certified;;13/01/2026;0.069911;110.696.437;0.069911, 110.696437;IDN;Indonesia;Kalimantan Barat;Sanggau;1-Fully Verified;
PO1000008581;MAKIN;ANTANG GANDA UTAMA;PANDRAN RAYA;Not RSPO Certified;;13/01/2026;-11.395;1.150.302;-1.1395, 115.0302;IDN;Indonesia;Kalimantan Tengah;Barito Utara;1-Fully Verified;
PO1000008582;DARMEX AGRO;DUTA PALMA NUSANTARA;KUKO;Not RSPO Certified;;13/01/2026;-0.55673;101.672.342;-0.55673, 101.672342;IDN;Indonesia;Riau;Kuantan Singingi;1-Fully Verified;
PO1000008583;UNKNOWN;BUMI DAYA AGROTAMAS;BUMI DAYA AGROTAMAS;Not RSPO Certified;;13/01/2026;2.583.222;97.854.167;2.583222, 97.854167;IDN;Indonesia;Aceh;Subulussalam;1-Fully Verified;
PO1000008584;UNKNOWN;SYAUKATH AGRO;SYAUKATH AGRO;Not RSPO Certified;;13/01/2026;4.575.389;95.705;4.575389, 95.705;IDN;Indonesia;Aceh;Aceh Jaya;1-Fully Verified;
PO1000008585;UNKNOWN;ANUGERAH AGRO SAWIT PERKASA;ANUGERAH AGRO SAWIT PERKASA;Not RSPO Certified;;13/01/2026;1.844.607;100.444.426;1.844607, 100.444426;IDN;Indonesia;Riau;Rokan Hilir;1-Fully Verified;
PO1000008586;TORGANDA;TOR GANDA;BATANG KUMU;Not RSPO Certified;;13/01/2026;1.376.721;100.192.191;1.376721, 100.192191;IDN;Indonesia;Riau;Rokan Hulu;1-Fully Verified;
PO1000008587;AGRO INVESTAMA;TEBO INDAH;TEBO INDAH;Not RSPO Certified;;13/01/2026;-1.500.694;102.578.667;-1.500694, 102.578667;IDN;Indonesia;Jambi;Tebo;1-Fully Verified;
PO1000008588;NEOPALMA;CHEMARAPALM;EXTRACTORA TARRAGONA;Not RSPO Certified;;13/01/2026;-0.08655;-79.317.148;-0.08655, -79.317148;ECU;Ecuador;Santo Domingo de los Tsachilas;Santo Domingo;1-Fully Verified;
PO1000008589;UNKNOWN;SUMBER SAWIT SEJAHTERA;SUMBER SAWIT SEJAHTERA;Not RSPO Certified;;13/01/2026;0.248611;101.976.667;0.248611, 101.976667;IDN;Indonesia;Riau;Pelalawan;1-Fully Verified;
PO1000008590;UNKNOWN;3F OIL PALM AGROTECH;3F OIL PALM AGROTECH;Not RSPO Certified;;13/01/2026;1.700.352;8.146.973;17.00352, 81.46973;IND;India;Andhra Pradesh;West Godavari;1-Fully Verified;
PO1000008591;MUSIRAWAS;UNI PRIMACOM;UNI PRIMACOM PKS 1;Not RSPO Certified;;13/01/2026;-1.943.668;112.728.811;-1.943668, 112.728811;IDN;Indonesia;Kalimantan Tengah;Kotawaringin Timur;1-Fully Verified;
PO1000008594;UNKNOWN;THE NATURAL PALM GROUP CO.,LTD;THE NATURAL PALM OIL CO;Not RSPO Certified;;13/01/2026;8.392.705;9.922.777;8.392705, 99.22777;THA;Thailand;Surat Thani;Prasaeng;1-Fully Verified;
PO1000008595;TORGANDA;DAMAI JAYA LESTARI;DAMAI JAYA LESTARI (LEMERURU);Not RSPO Certified;;13/01/2026;-3.256.807;122.144.763;-3.256807, 122.144763;IDN;Indonesia;Sulawesi Tenggara;Konawe Utara;1-Fully Verified;
PO1000008596;UNKNOWN;WAIMUSI AGRO INDAH;WAIMUSI AGRO INDAH;Not RSPO Certified;;13/01/2026;-3.671.662;105.067.917;-3.671662, 105.067917;IDN;Indonesia;Sumatera Selatan;Ogan Komering Ilir;1-Fully Verified;
PO1000008597;ANDIKA;ANDIKA PERMATA SAWIT LESTARI;BONAI;Not RSPO Certified;;13/01/2026;1.275.728;10.087.947;1.275728, 100.87947;IDN;Indonesia;Riau;Rokan Hulu;1-Fully Verified;
PO1000008599;CARGILL;ANDES AGRO INVESTAMA;SEI KERANDI;RSPO Certified;RSPO Certified, IP, MB;13/01/2026;-2.312.458;110.428.241;-2.31245800, 110.428241;IDN;Indonesia;Kalimantan Barat;Ketapang;1-Fully Verified;
PO1000008601;FORTIUS CORP;FORTIUS WAJO PERKEBUNAN;FORTIUS WAJO PERKEBUNAN;Not RSPO Certified;;13/01/2026;-1.050.972;1.029.062;-1.050972, 102.9062;IDN;Indonesia;Jambi;Tanjung Jabung B;1-Fully Verified;
PO1000008602;RAJAWALI NUSANTARA INDONESIA (RNI);LARAS ASTRA KARTIKA;LARAS ASTRA KARTIKA;Not RSPO Certified;;13/01/2026;-4.081.368;104.540.871;-4.081368, 104.540871;IDN;Indonesia;Sumatera Selatan;Ogan Komering Ulu Timur;1-Fully Verified;
PO1000008603;KALPATARU;MAHAKAM SAWIT PLANTATION;MAHAKAM SAWIT PLANTATION;Not RSPO Certified;;13/01/2026;-0.338668;11.688.074;-0.338668, 116.88074;IDN;Indonesia;Kalimantan Timur;Kutai Kartanegara;1-Fully Verified;
PO1000008604;SRIWIJAYA PALM OIL;CIPTA LESTARI SAWIT;CIPTA LESTARI SAWIT;Not RSPO Certified;;13/01/2026;-2.650.019;104.529.915;-2.650019, 104.529915;IDN;Indonesia;Sumatera Selatan;Banyu Asin;1-Fully Verified;
PO1000008605;UNKNOWN;MUTIARA SAWIT SEMESTA;MUTIARA SAWIT SEMESTA;Not RSPO Certified;;13/01/2026;-1.607.917;102.863.222;-1.607917, 102.863222;IDN;Indonesia;Jambi;Batang Hari;1-Fully Verified;
PO1000008606;UNKNOWN;AGRO MEKAR LESTARI;AGRO MEKAR LESTARI;Not RSPO Certified;;13/01/2026;0.829467;103.376.017;0.829467, 103.376017;IDN;Indonesia;Kepulauan Riau;Karimun;1-Fully Verified;
PO1000008607;SRIWIJAYA PALM OIL;SELATAN AGRO MAKMUR LESTARI;SAML;Not RSPO Certified;;13/01/2026;-2.690.647;105.219.822;-2.690647, 105.219822;IDN;Indonesia;Sumatera Selatan;Ogan Komering Ilir;1-Fully Verified;
PO1000008608;UNKNOWN;PERMATA SUBUR LESTARI;PERMATA SUBUR LESTARI;Not RSPO Certified;;13/01/2026;0.027861;111.433.417;0.027861, 111.433417;IDN;Indonesia;Kalimantan Barat;Sintang;1-Fully Verified;
PO1000008609;BUMITAMA GUNAJAYA AGRO (BGA);BUMITAMA GUNAJAYA ABADI;LAMANDAU;Not RSPO Certified;;13/01/2026;-2.505.465;111.360.135;-2.505465, 111.360135;IDN;Indonesia;Kalimantan Tengah;Kotawaringin Barat;1-Fully Verified;
PO1000008610;TRURICH RESOURCES;SATRIA HUPASARANA;SATRIA HUPASARANA;Not RSPO Certified;;13/01/2026;-2.034.996;111.568.975;-2.034996, 111.568975;IDN;Indonesia;Kalimantan Tengah;Lamandau;1-Fully Verified;
PO1000008611;UNKNOWN;HUTAN ALAM LESTARI;HUTAN ALAM LESTARI;Not RSPO Certified;;13/01/2026;-1.610.917;103.342.417;-1.610917, 103.342417;IDN;Indonesia;Jambi;Batang Hari;1-Fully Verified;
PO1000008612;UNKNOWN;BUKIT BORNEO SEJAHTERA;BUKIT BORNEO SEJAHTERA;Not RSPO Certified;;13/01/2026;3.464.588;116.605.771;3.464588, 116.605771;IDN;Indonesia;Kalimantan Timur;Malinau;1-Fully Verified;
PO1000008613;CANDI MAS;CANDI ARTHA;CANDI ARTHA;Not RSPO Certified;;13/01/2026;-394.174;114.816.068;-3.94174, 114.816068;IDN;Indonesia;Kalimantan Selatan;Tanah Laut;1-Fully Verified;
PO1000008614;UNKNOWN;INASCA AGROINDUSTRIAL;INASCA AGROINDUSTRIAL;Not RSPO Certified;;13/01/2026;18.978.228;-69.391.017;18.978228, -69.391017;DOM;Dominican Republic;Hato Mayor;El Valle;1-Fully Verified;
PO1000008615;DARMEX AGRO;JOHAN SENTOSA;BANGKINANG;Not RSPO Certified;;13/01/2026;0.428061;100.921.631;0.428061, 100.921631;IDN;Indonesia;Riau;Kampar;1-Fully Verified;
PO1000008616;SINAR JAYA AGRO INVESTAMA (SJAI);KARYA SAWITINDO MAS;KARYA SAWITINDO MAS;Not RSPO Certified;;13/01/2026;-2.461.505;101.123.821;-2.461505, 101.123821;IDN;Indonesia;Bengkulu;Mukomuko;1-Fully Verified;TANJUNG ALAI
PO1000008618;UNKNOWN;PERSADA ALAM JAYA;PERSADA ALAM JAYA;Not RSPO Certified;;13/01/2026;-1.043.886;102.887.223;-1.043886, 102.887223;IDN;Indonesia;Jambi;Tanjung Jabung B;1-Fully Verified;
PO1000008619;TORGANDA;TOR GANDA;KARYA PERDANA;Not RSPO Certified;;13/01/2026;1.235.071;10.058.881;1.235071, 100.58881;IDN;Indonesia;Riau;Rokan Hulu;1-Fully Verified;
PO1000008620;JHONLIN;PRADIKSI GUNATAMA;PRADIKSI GUNATAMA;Not RSPO Certified;;13/01/2026;-2.180.506;116.209.275;-2.180506, 116.209275;IDN;Indonesia;Kalimantan Timur;Paser;1-Fully Verified;
PO1000008621;PTPN III;PERKEBUNAN NUSANTARA XIII;LONG KALI;Not RSPO Certified;;13/01/2026;-1.421.504;116.249.752;-1.421504, 116.249752;IDN;Indonesia;Kalimantan Timur;Paser;1-Fully Verified;
PO1000008622;DARMEX AGRO;MEKAR SARI ALAM LESTARI;MEKAR SARI ALAM LESTARI;Not RSPO Certified;;13/01/2026;0.121459;102.337.708;0.121459, 102.337708;IDN;Indonesia;Riau;Pelalawan;1-Fully Verified;
PO1000008623;WINGS AGRO;GAWI MAKMUR KALIMANTAN;PKS PASER;RSPO Certified;RSPO Certified, IP, MB;13/01/2026;-1.439.331;116.399.383;-1.439331, 116.399383;IDN;Indonesia;Kalimantan Timur;Penajam Paser Utara;1-Fully Verified;
PO1000008624;A BROWN ENERGY AND RESOURCES DEVELOPMENT, INC. (ABERDI);A BROWN ENERGY AND RESOURCES DEVELOPMENT, INC. (ABERDI);ABERDI;Not RSPO Certified;;13/01/2026;8.332.569;1.249.967;8.332569, 124.9967;PHL;Philippines;Bukidnon;Impasug-Ong;1-Fully Verified;
PO1000008626;BEST INDUSTRY;WANA SAWIT SUBUR LESTARI;WANA SAWIT SUBUR LESTARI 1;Not RSPO Certified;;13/01/2026;-2.506.861;112.013.444;-2.506861, 112.013444;IDN;Indonesia;Kalimantan Tengah;Kotawaringin Barat;1-Fully Verified;
PO1000008627;UNKNOWN;COOPEAGROPAL R.L.;COOPEAGROPAL LA GUARIA;Not RSPO Certified;;13/01/2026;87.548;-832.082;8.7548, -83.208200;CRI;Costa Rica;Puntarenas;Alajuela;2-High Confidence;
PO1000008629;UNKNOWN;SENTRA KARYA MANUNGGAL;SENTRAKARYA MANUNGGAL;Not RSPO Certified;;13/01/2026;0.871611;111.864.528;0.871611, 111.864528;IDN;Indonesia;Kalimantan Barat;Kapuas Hulu;1-Fully Verified;
PO1000008630;UNKNOWN;SIAM MODREN PALM CO,. LTD;SIAM MODERN PALM CO,. LTD;Not RSPO Certified;;13/01/2026;8.513.202;98.694.709;8.513202, 98.694709;THA;Thailand;Krabi;Ao Luk;1-Fully Verified;
PO1000008633;KAYU LAPIS INDONESIA;INTI KEBUN SEJAHTERA;KLISOF;Not RSPO Certified;;13/01/2026;-1.288.583;131.249.306;-1.288583, 131.249306;IDN;Indonesia;Papua Barat;Sorong;1-Fully Verified;
PO1000008634;UNKNOWN;OPALA;INDÚSTRIA E COMÉRCIO DE ÓLEOS E FARELOS VEGETAIS DA AMAZÔNIA LTDA;Not RSPO Certified;;13/01/2026;-2.46;-48.742.222;-2.46, -48.742222;BRA;Brazil;Pará;Tailândia;2-High Confidence;
PO1000008636;UNKNOWN;BUKIT SAWIT SEMESTA;BUKIT SAWIT SEMESTA;Not RSPO Certified;;13/01/2026;-0.344148;99.961.593;-0.344148, 99.961593;IDN;Indonesia;Sumatera Barat;Agam;1-Fully Verified;
PO1000008637;UNKNOWN;UNITED FLEET PALMS;FLEET PALMS;Not RSPO Certified;;13/01/2026;9.224.699;9.913.747;9.224699, 99.13747;MYS;Malaysia;Pulau Pinang;Seberang Perai Selatan;2-High Confidence;
PO1000008639;ANJ AGRO;PUTERA MANUNGGAL PERKASA;PUTERA MANUNGGAL PERKASA;Not RSPO Certified;;13/01/2026;-178.454;13.245.735;-1.78454, 132.45735;IDN;Indonesia;Papua Barat;Sorong Selatan;1-Fully Verified;
PO1000008640;BEST INDUSTRY;HAMPARAN MASAWIT BANGUN PERSADA;HAMPARAN MASAWIT BANGUN PERSADA;Not RSPO Certified;;13/01/2026;-255.905;112.455.971;-2.55905, 112.455971;IDN;Indonesia;Kalimantan Tengah;Seruyan;1-Fully Verified;
PO1000008641;KUALA LUMPUR KEPONG (KLK);PT LANGKAT NUSANTARA KEPONG;TANJUNG KELILING PALM OIL MILL;RSPO Certified;RSPO Certified, IP, MB;13/01/2026;3.511.241;98.305.888;3.511241, 98.305888;IDN;Indonesia;Sumatera Utara;Langkat;1-Fully Verified;FAJAR AGRO SAWIT
PO1000008642;UNKNOWN;INDUSTRIAS ACEITERAS DEL CARIBE DE HONDURAS (HONDUCARIBE);BARACOA;RSPO Certified;RSPO Certified, MB;13/01/2026;15.751.336;-87.841.267;15.751336, -87.841267;HND;Honduras;Cortés;Puerto Cortés;1-Fully Verified;
PO1000008643;BEST INDUSTRY;SURYA MAS CIPTA PERKASA;SURYA MAS CIPTA PERKASA;Not RSPO Certified;;13/01/2026;-3.033.619;113.858.404;-3.033619, 113.858404;IDN;Indonesia;Kalimantan Tengah;Pulang Pisau;1-Fully Verified;
PO1000008644;PTPN III;PERKEBUNAN NUSANTARA XIII;SAMUNTAI;Not RSPO Certified;;13/01/2026;-16.736.419;116.126.201;-1.6736419, 116.126201;IDN;Indonesia;Kalimantan Timur;Paser;1-Fully Verified;
PO1000008645;UNKNOWN;INDUSTRIAS PALM OLEO;INDUSTRIAS PALM OLEO S.A.C.;Not RSPO Certified;;13/01/2026;-8.405.472;-74.633.503;-8.405472, -74.633503;PER;Peru;Ucayali;Coronel Portillo;1-Fully Verified;
PO1000008646;GRUPO PALMAS / PALMAS DEL ESPINO;INDUSTRIAS DEL ESPINO S.A.;EXTRACTORA NUEVO HORIZONTE;RSPO Certified;RSPO Certified, IP, MB;13/01/2026;-8.099.319;-76.600.963;-8.099319, -76.600963;PER;Peru;San Martín;Tocache;1-Fully Verified;
PO1000008647;PTPN III;PERKEBUNAN NUSANTARA XIII;LEMBAH BATU;Not RSPO Certified;;13/01/2026;-1.630.795;116.140.287;-1.630795, 116.140287;IDN;Indonesia;Kalimantan Timur;Paser;1-Fully Verified;
PO1000008652;NPC RESOURCES BERHAD;BORNEO INDO SUBUR;BORNEO INDO SUBUR;Not RSPO Certified;;13/01/2026;-1.482.183;116.149.712;-1.482183, 116.149712;IDN;Indonesia;Kalimantan Timur;Paser;1-Fully Verified;
PO1000008654;DHARMA SATYA NUSANTARA (DSN);DEWATA SAWIT NUSANTARA;DEWATA SAWIT NUSANTARA PKS 6;RSPO Certified;RSPO Certified, IP;13/01/2026;1.282.664;116.782.315;1.282664, 116.782315;IDN;Indonesia;Kalimantan Timur;Kutai Timur;1-Fully Verified;
PO1000008656;UNKNOWN;SENTOSA KALIMANTAN JAYA;SENTOSA KALIMANTAN JAYA;Not RSPO Certified;;13/01/2026;2.340.188;118.061.892;2.340188, 118.061892;IDN;Indonesia;Kalimantan Timur;Berau;1-Fully Verified;
PO1000008658;SAMPOERNA AGRO;LANANG AGRO BERSATU;LANANG AGRO BERSATU;Not RSPO Certified;;13/01/2026;-1.213.538;11.052.338;-1.21353800, 110.52338;IDN;Indonesia;Kalimantan Barat;Ketapang;2-High Confidence;
PO1000008659;ASTRA AGRO LESTARI;KARYANUSA EKADAYA;KARYANUSA EKA DAYA 2;Not RSPO Certified;;13/01/2026;0.912337;116.734.274;0.912337, 116.734274;IDN;Indonesia;Kalimantan Timur;Kutai Timur;1-Fully Verified;
PO1000008660;UNION SAMPOERNA TRIPUTRA PERSADA (USTP);SUMBER MAHARDHIKA GRAHA;SUMBER MAHARDHIKA GRAHA;Not RSPO Certified;;13/01/2026;-2.129.974;111.331.989;-2.129974, 111.331989;IDN;Indonesia;Kalimantan Tengah;Lamandau;1-Fully Verified;
PO1000008661;SALIM GROUP;KEBUN GANDA PRIMA;KEBUN GARUDA PRIMA;Not RSPO Certified;;13/01/2026;0.401069;110.264.752;0.401069, 110.264752;IDN;Indonesia;Kalimantan Barat;Sanggau;1-Fully Verified;
PO1000008663;DARMEX AGRO;BANYU BENING UTAMA;BANYU BENING UTAMA;Not RSPO Certified;;13/01/2026;-0.480164;102.680.862;-0.480164, 102.680862;IDN;Indonesia;Riau;Indragiri Hulu;1-Fully Verified;KUALA CENAKU
PO1000008664;DARMEX AGRO;WANA JINGGA TIMUR;BASERAH;Not RSPO Certified;;13/01/2026;-0.454767;101.879.938;-0.454767, 101.879938;IDN;Indonesia;Riau;Kuantan Singingi;1-Fully Verified;
PO1000008665;DARMEX AGRO;CERENTI SUBUR;CERENTI;Not RSPO Certified;;13/01/2026;-0.555441;101.757.788;-0.555441, 101.757788;IDN;Indonesia;Riau;Kuantan Singingi;1-Fully Verified;
PO1000008666;UNKNOWN;LONG BANGUN PRIMA SAWIT;BATU LEPOQ;Not RSPO Certified;;13/01/2026;1.420.977;117.856.372;1.420977, 117.856372;IDN;Indonesia;Kalimantan Timur;Kutai Timur;1-Fully Verified;
PO1000008811;AGROPALMA;AGROPALMA;AMAPALMA;Not RSPO Certified;;13/01/2026;-2.524.553;-48.797.564;-2.524553, -48.797564;BRA;Brazil;Pará;Tailândia;1-Fully Verified;
PO1000009014;DARMEX AGRO;KENCANA AMAL TANI;KENCANA AMAL TANI;Not RSPO Certified;;13/01/2026;-0.639241;102.492.935;-0.639241, 102.492935;IDN;Indonesia;Riau;Indragiri Hulu;1-Fully Verified;SEBERIDA
PO1000009015;INCASI RAYA (GUNAS);BINA PRATAMA SAKOTO JAYA;KILIRAN JAO;Not RSPO Certified;;13/01/2026;-0.864854;101.445.628;-0.864854, 101.445628;IDN;Indonesia;Sumatera Barat;Dharmasraya;1-Fully Verified;
PO1000009016;REA HOLDINGS;SASANA YUDHA BAKTI;SATRIA;RSPO Certified;RSPO Certified, MB;13/01/2026;0.423014;1.161.497;0.423014, 116.1497;IDN;Indonesia;Kalimantan Timur;Kutai Kartanegara;1-Fully Verified;
PO1000009018;UNKNOWN;COMPANIA GRUIMASEL S.A.;GRUIMASEL;Not RSPO Certified;;13/01/2026;0.326871;-792.739;0.326871, -79.2739;ECU;Ecuador;Esmeraldas;Quinindé;1-Fully Verified;
PO1000009019;TENERA LESTARI;ENSEM SAWITA;ENSEM SAWITA;Not RSPO Certified;;13/01/2026;4.566.009;979.166;4.566009, 97.9166;IDN;Indonesia;Aceh;Aceh Timur;1-Fully Verified;
PO1000009020;UNKNOWN;MULIA TANI JAYA;MULIA TANI JAYA;Not RSPO Certified;;13/01/2026;38.665;983.549;3.8665, 98.3549;IDN;Indonesia;Sumatera Utara;Langkat;1-Fully Verified;
PO1000009021;AMARA PLANTATION;KHARISMA ALAM PERSADA;KHARISMA ALAM PERSADA;Not RSPO Certified;;13/01/2026;-29.288;1.149.514;-2.9288 , 114.9514;IDN;Indonesia;Kalimantan Selatan;Tapin;1-Fully Verified;
PO1000009022;MUSIRAWAS;UNI PRIMACOM;UNI PRIMACOM PKS 2;Not RSPO Certified;;13/01/2026;-1.860.408.333;1.127.212.972;-1.860408333, 112.7212972;IDN;Indonesia;Kalimantan Tengah;Kotawaringin Timur;1-Fully Verified;
PO1000009023;PTPN III;PERKEBUNAN NUSANTARA VIII;CIKASUNGKA;RSPO Certified;RSPO Certified, MB;13/01/2026;-6.518.466.667;1.065.034.333;-6.518466667, 106.5034333;IDN;Indonesia;Jawa Barat;Bogor;1-Fully Verified;
PO1000009024;KWANTAS CORPORATION BERHAD;KWANTAS OIL SDN BHD;PINTASAN;Not RSPO Certified;;13/01/2026;5.229.215;1.177.169;5.229215, 117.7169;MYS;Malaysia;Sabah;Kinabatangan;1-Fully Verified;
PO1000009025;UNKNOWN;CIPTA TUMBUH BERBUAH;CIPTA TUMBUH BERBUAH;Not RSPO Certified;;13/01/2026;-0.298771;109.580.328;-0.298771, 109.580328;IDN;Indonesia;Kalimantan Barat;Kubu Raya;2-High Confidence;
PO1000009027;UNKNOWN;AGRI MITRA KARYA;AGRI MITRA KARYA;Not RSPO Certified;;13/01/2026;-2.645.911;101.289.778;-2.645911, 101.289778;IDN;Indonesia;Bengkulu;Mukomuko;1-Fully Verified;MUKO-MUKO INDAH LESTARI
PO1000009068;CARGILL;HINDOLI;TANJUNG DALAM;RSPO Certified;RSPO Certified, MB;13/01/2026;-25.496;103.944;-2.549600, 103.944000;IDN;Indonesia;Sumatera Selatan;Musi Banyuasin;2-High Confidence;
PO1000009211;BUMITAMA GUNAJAYA AGRO (BGA);WINDU NABATINDO ABADI;SUNGAI CEMPAGA;RSPO Certified;RSPO Certified, IP, MB;13/01/2026;-1.798;11.298.541;-1.79800, 112.98541;IDN;Indonesia;Kalimantan Tengah;Kotawaringin Timur;2-High Confidence;NABATINDO KARYA UTAMA
PO1000009242;BRADEN GROUP, S.A.;BRADEN GROUP, S.A.;AGROINDUSTRIA PALMERA SAN ROMÁN S.A.;RSPO Certified;RSPO Certified, IP;13/01/2026;16.183.143;-90.422.729;16.183143, -90.422729;GTM;Guatemala;Petén;Sayaxché;2-High Confidence;
PO1000009355;UNKNOWN;MUTIARA SAWIT LESTARI;MUTIARA SAWIT LESTARI;Not RSPO Certified;;13/01/2026;48.285;97.839.944;4.8285, 97.839944;IDN;Indonesia;Aceh;Aceh Timur;1-Fully Verified;
PO1000009356;SINAR MAS;KRESNA DUTA AGROINDO;RANTAU PANJANG;RSPO Certified;RSPO Certified, IP, MB;13/01/2026;0.97045;116.828.096;0.97045, 116.828096;IDN;Indonesia;Kalimantan Timur;Kutai Timur;1-Fully Verified;
PO1000009357;SOCFIN S.A.;SOCIETE AFRICAINE FORESTIERE ET AGRICOLE DU CAMEROUN “SAFACAM” S.A.;SAFACAM;Not RSPO Certified;;13/01/2026;3.738.194;9.990.111;3.738194, 9.990111;CMR;Cameroon;Littoral;Sanaga Maritime;1-Fully Verified;
PO1000009358;UNKNOWN;CIPTA FUTURA;CIPTA FUTURA;Not RSPO Certified;;13/01/2026;-3.507.414;103.702.225;-3.507414, 103.702225;IDN;Indonesia;Sumatera Selatan;Muara Enim;1-Fully Verified;
PO1000009360;UNKNOWN;COMMUNITY ENTERPRISE OF NARATHIWAT;COMMUNITY ENTERPRISE OF NARATHIWAT;Not RSPO Certified;;13/01/2026;6.486.569;101.762.739;6.486569, 101.762739;THA;Thailand;Narathiwat;Muang Narathiwat;1-Fully Verified;
PO1000009361;UNKNOWN;PRACHONGKIJ PALM OIL;PRACHONGKIJ PALM OIL;Not RSPO Certified;;13/01/2026;105.688.249;988.778.599;10.5688249, 98.8778599;THA;Thailand;Ranong;Kra Buri;1-Fully Verified;
PO1000009362;UNKNOWN;UNIPALM INDUSTRY CO., LTD;UNIPALM INDUSTRY CO., LTD.;Not RSPO Certified;;13/01/2026;8.629.545;98.963.829;8.629545, 98.963829;THA;Thailand;Surat Thani;Prasaeng;1-Fully Verified;
PO1000009409;TSH RESOURCES;ANDALAS WAHANA BERJAYA;ANDALAS WAHANA BERJAYA;Not RSPO Certified;;13/01/2026;-11.193.889;10.155.122;-1.11938890, 101.55122;IDN;Indonesia;Sumatera Barat;Dharmasraya;1-Fully Verified;
PO1000009425;UNKNOWN;S.P.O AGRO-INDUSTRIES CO, LTD;S.P.O AGRO-INDUSTRIES CO, LTD;Not RSPO Certified;;13/01/2026;9.905.542;99.083.061;9.905542, 99.083061;THA;Thailand;Chumphon;Lang Suan;3-Low Confidence;
PO1000009557;PTPN III;PERKEBUNAN NUSANTARA XIV;LUWU;RSPO Certified;RSPO Certified, MB;13/01/2026;-2.615.649;120.654.455;-2.615649, 120.654455;IDN;Indonesia;Sulawesi Selatan;Luwu Timur;1-Fully Verified;
PO1000009558;UNKNOWN;BUNGO SUKO MENANTI;BUNGO SUKO MENANTI;Not RSPO Certified;;13/01/2026;-1.307.395;101.765.191;-1.307395, 101.765191;IDN;Indonesia;Jambi;Bungo;1-Fully Verified;
PO1000009559;UNKNOWN;KURNIA BATANG HARI BERJAYA;KURNIA BATANG HARI BERJAYA;Not RSPO Certified;;13/01/2026;-1.788.731;103.079.706;-1.788731, 103.079706;IDN;Indonesia;Jambi;Batang Hari;1-Fully Verified;
PO1000009560;UNKNOWN;RIOPAILA CASTILLA S.A.;CASTILLA;Not RSPO Certified;;13/01/2026;3.367.247;-76.286.729;3.367247, -76.286729;COL;Colombia;Valle del Cauca;Pradera;1-Fully Verified;
PO1000009561;UNKNOWN;TEUPIN LADA;TEUPIN LADA;Not RSPO Certified;;13/01/2026;5.051.111;97.569.722;5.051111, 97.569722;IDN;Indonesia;Aceh;Aceh Timur;2-High Confidence;
PO1000009566;BUMITAMA GUNAJAYA AGRO (BGA);SENTOSA PRIMA AGRO;BUKIT BELABAN JAYA;Not RSPO Certified;;13/01/2026;-17.511;110.491.483;-1.7511, 110.491483;IDN;Indonesia;Kalimantan Barat;Ketapang;1-Fully Verified;
PO1000009567;UNKNOWN;SAWIT INTI PRIMA PERKASA;SAWIT INTI PRIMA PERKASA;Not RSPO Certified;;13/01/2026;1.254.767;101.153.567;1.254767, 101.153567;IDN;Indonesia;Riau;Bengkalis;1-Fully Verified;
PO1000009568;PERTUBUHAN PELADANG NEGERI PERAK (PPNP);PERTUBUHAN PELADANG NEGERI PERAK (PPNP);PERTUBUHAN PELADANG NEGERI PERAK (PPNP);Not RSPO Certified;;13/01/2026;4.458.306;100.770.444;4.458306, 100.770444;MYS;Malaysia;Perak;Manjung;1-Fully Verified;
PO1000009580;UNKNOWN;GUNUNG SAWIT MAS;GUNUNG SAWIT MAS;Not RSPO Certified;;13/01/2026;1.080.556;100.294.444;1.080556, 100.294444;IDN;Indonesia;Riau;Rokan Hulu;1-Fully Verified;
PO1000009584;CITRA BORNEO INDAH (CBI);SAWIT MULTI UTAMA;NANGA KIU;RSPO Certified;RSPO Certified, MB;13/01/2026;-1.837.889;111.532.806;-1.837889, 111.532806;IDN;Indonesia;Kalimantan Tengah;Lamandau;1-Fully Verified;
PO1000009588;MINANGA;MINANGA OGAN;SEI INAI;Not RSPO Certified;;13/01/2026;-4.063.333.333;1.041.302.778;-4.063333333, 104.1302778;IDN;Indonesia;Sumatera Selatan;Ogan Komering Ulu;1-Fully Verified;
PO1000009713;UNKNOWN;WATAWALA PLANTATIONS PLC NIYA;NAKIADENIYA OIL PALM MILL;Not RSPO Certified;;13/01/2026;6.152.102;80.326.125;6.152102, 80.326125;LKA;Sri Lanka;Galle;Nagoda;2-High Confidence;
PO1000009854;GRUPO OLEOMEX (OLEOFINOS);OLEOQUÍMICA MEXICANA S.A. de C.V.;MARQUÉS DE COMILLAS;Not RSPO Certified;;13/01/2026;1.640.072;-90.555.649;16.40072, -90.555649;MEX;Mexico;Chiapas;Benemérito de las américas;2-High Confidence;
PO1000009960;SIPEF;SIPEFCI;BOLO;RSPO Certified;RSPO Certified, IP, MB;13/01/2026;5.302.021;-6.037.097;5.302021, -6.037097;CIV;Côte d'Ivoire;Bas-Sassandra;Gbôkle;1-Fully Verified;
PO1000009990;SOCFIN S.A.;SOCFIN S.A.;OOPC-MAIN STATE AND EXTENSION 1;RSPO Certified;RSPO Certified, MB;13/01/2026;640.527.778;523.527.778;6.40527778, 5.23527778 ;NGA;Nigeria;Edo;OviaSouth-West;2-High Confidence;
PO1000010006;UNKNOWN;SUKSES GEMILANG PALEM;SUKSES GEMILANG PALEM;Not RSPO Certified;;13/01/2026;-22.676;1.025.471;-2.2676, 102.5471;IDN;Indonesia;Jambi;Sarolangun;1-Fully Verified;
PO1000010007;UNKNOWN;KHATULISTIWA SINERGI OMNIDAYA;KHATULISTIWA SINERGI OMNIDAYA;Not RSPO Certified;;13/01/2026;-2.220.317;111.458.467;-2.220317, 111.458467;IDN;Indonesia;Kalimantan Tengah;Lamandau;1-Fully Verified;
PO1000010010;UNKNOWN;PRIMANUSA GLOBAL LESTARI;PRIMANUSA GLOBAL LESTARI;Not RSPO Certified;;13/01/2026;-1.989.722.222;1.193.202.222;-1.989722222, 119.3202222;IDN;Indonesia;Sulawesi Barat;Mamuju;2-High Confidence;
PO1000010011;UNKNOWN;PROSYMPAC AGRO LESTARI;SUNGAI GELAM;Not RSPO Certified;;13/01/2026;-18.146;10.384.816;-1.8146, 103.848160;IDN;Indonesia;Sumatera Selatan;Musi Banyuasin;1-Fully Verified;
PO1000010012;UNKNOWN;BERKAT SAWIT SUKAMAJU;BERKAT SAWIT SUKAMAJU;Not RSPO Certified;;13/01/2026;-2.674.508;10.407.935;-2.674508, 104.07935;IDN;Indonesia;Sumatera Selatan;Musi Banyuasin;1-Fully Verified;
PO1000010013;JAWA POS;DHARMASRAYA PALMA SEJAHTERA;DHARMASRAYA PALMA SEJAHTERA;Not RSPO Certified;;13/01/2026;-1.648.528;102.925.472;-1.648528, 102.925472;IDN;Indonesia;Jambi;Batang Hari;1-Fully Verified;
PO1000010014;UNKNOWN;ERASAKTI WIRA FORESTAMA;ERASAKTI WIRA FORESTAMA 3;Not RSPO Certified;;13/01/2026;-1.518.977;103.636.972;-1.518977, 103.636972;IDN;Indonesia;Jambi;Muaro Jambi;1-Fully Verified;
PO1000010015;UNKNOWN;SURYA SUMBER SAWIT ABADI;SURYA SUMBER SAWIT ABADI;Not RSPO Certified;;13/01/2026;-1.471.122;10.262.099;-1.471122, 102.62099;IDN;Indonesia;Jambi;Tebo;1-Fully Verified;
PO1000010016;UNKNOWN;PALMA GEMILANG KENCANA;PALMA GEMILANG KENCANA;Not RSPO Certified;;13/01/2026;-129.917.637;10.348.658;-1.29917637, 103.486580;IDN;Indonesia;Jambi;Tanjung Jabung T;1-Fully Verified;
PO1000010017;UNKNOWN;DELTA-PELITA SEBAKONG;PELITA SEBAKONG;Not RSPO Certified;;13/01/2026;2.668.611;112.164.723;2.668611, 112.164723;MYS;Malaysia;Sarawak;Mukah;1-Fully Verified;
PO1000010018;UNKNOWN;PT. PERKEBUNAN NUSANTARA VI;PENGABUAN PALM OIL MILL;RSPO Certified;RSPO Certified, IP, MB;13/01/2026;-1.253.734;102.954.144;-1.253734, 102.954144;IDN;Indonesia;Jambi;Tanjung Jabung B;1-Fully Verified;PENGABUAN
PO1000010019;TETANGGA AKRAB;TETANGGA AKRAB SDN BHD;TETANGGA AKRAB 2;Not RSPO Certified;;13/01/2026;3.960.802;113.896.096;3.960802, 113.896096;MYS;Malaysia;Sarawak;Miri;1-Fully Verified;
PO1000010020;GENTING PLANTATIONS;SEPANJANG INTI SURYA UTAMA;SEPANJANG INTI SURYA UTAMA 2;Not RSPO Certified;;13/01/2026;0.807253;110.765.619;0.807253, 110.765619;IDN;Indonesia;Kalimantan Barat;Sanggau;1-Fully Verified;PKS MALENGGANG
PO1000010021;FGV HOLDINGS BERHAD;FGV PALM INDUSTRIES SDN BHD;CHALOK;Not RSPO Certified;;13/01/2026;5.409.038;102.803.139;5.409038, 102.803139;MYS;Malaysia;Trengganu;Setiu;1-Fully Verified;
PO1000010022;FGV HOLDINGS BERHAD;FGV PALM INDUSTRIES SDN BHD;SENINNG;Not RSPO Certified;;13/01/2026;1.465.843;104.200.543;1.465843, 104.2005430;MYS;Malaysia;Johor;Kota Tinggi;1-Fully Verified;KS ADELA
PO1000010023;UNKNOWN;ALCOPALMA S.A.;ALCOPALMA S.A.;Not RSPO Certified;;13/01/2026;-0.033333333;-79.348.528;-0.033333333, -79.348528;ECU;Ecuador;Santo Domingo de los Tsachilas;La Concordia;2-High Confidence;
PO1000010024;UNKNOWN;PERDANA SAWIT PLANTATION;ARGO MULYO;Not RSPO Certified;;13/01/2026;0.502569444;1.114.894.222;0.502569444, 111.4894222;IDN;Indonesia;Kalimantan Barat;Sintang;1-Fully Verified;
PO1000010025;KILANG KELAPA SAWIT SELUMPUR SDN BHD;KILANG KELAPA SAWIT SELUMPUR SDN BHD;KILANG KELAPA SAWIT SELUMPUR SDN BHD;Not RSPO Certified;;13/01/2026;2.618.106;102.809.564;2.618106, 102.809564;MYS;Malaysia;Johor;Segamat;1-Fully Verified;
PO1000010026;WILMAR GROUP;SARANA TITIAN PERMATA;SARANA TITIAN PERMATA PKS 2;Not RSPO Certified;;13/01/2026;-290.454.554;112.612.766;-2.90454553961, 112.612766;IDN;Indonesia;Kalimantan Tengah;Seruyan;2-High Confidence;SARANA TITIAN PERMATA 2 (PERMATANG LIMAU)
PO1000010027;JAYA TIASA HOLDINGS BERHAD;HARIYAMA SDN BHD;HARIYAMA;Not RSPO Certified;;13/01/2026;2.656.111;111.855.259;2.656111, 111.855259;MYS;Malaysia;Sarawak;Matu;1-Fully Verified;
PO1000010028;UNKNOWN;BALAM SAWIT SEJAHTERA;BALAM SAWIT SEJAHTERA;Not RSPO Certified;;13/01/2026;1.697.444.444;100.684.667;1.697444444, 100.684667;IDN;Indonesia;Riau;Rokan Hilir;1-Fully Verified;
PO1000010029;BEST INDUSTRY;WANA SAWIT SUBUR LESTARI;WANA SAWIT SUBUR LESTARI 2;Not RSPO Certified;;13/01/2026;-2.621.535.392;112.098.145;-2.62153539209, 112.098145;IDN;Indonesia;Kalimantan Tengah;Seruyan;1-Fully Verified;
PO1000010030;UNKNOWN;SUMBER BUMI SAWIT JADI RAYA;SUMBER BUMI SAWIT JADI RAYA;Not RSPO Certified;;13/01/2026;28.025;992.025;2.8025, 99.2025;IDN;Indonesia;Sumatera Utara;Simalungun;1-Fully Verified;
PO1000010031;ASTRA AGRO LESTARI;CAKUNG PERMATA NUSA;CAKUNG PERMATA NUSA;Not RSPO Certified;;13/01/2026;-2.137.954.477;11.548.848;-2.13795447737, 115.488480;IDN;Indonesia;Kalimantan Selatan;Tabalong;1-Fully Verified;
PO1000010032;FGV HOLDINGS BERHAD;FGV PALM INDUSTRIES SDN BHD;INDERA;Not RSPO Certified;;13/01/2026;5.375.141;119.097.204;5.375141, 119.097204;MYS;Malaysia;Sabah;Kinabatangan;1-Fully Verified;
PO1000010033;UNKNOWN;AGUMIL PHILIPPINES;AGUSAN MILL;Not RSPO Certified;;13/01/2026;8.890.608;117.958.091;8.890608, 117.958091;PHL;Philippines;Palawan;Brooke's Point;3-Low Confidence;
PO1000010034;UNKNOWN;PACO TRADING SDN BHD;SOUTHERN PALM OIL INDUSTRY (1993) CO LTD. SURATHANI;Not RSPO Certified;;13/01/2026;895.913;99.222.534;8.95913, 99.222534;THA;Thailand;Surat Thani;Ban Na Doem;2-High Confidence;
PO1000010035;UNKNOWN;GRUPO AGROINDUSTRIAL RIO PAILA CASTILLA;EXTRACTORA RIO PAILA CASTILLA;Not RSPO Certified;;13/01/2026;503.109;-7.084.156;5.03109, -70.84156;COL;Colombia;Vichada;Santa Rosalía;1-Fully Verified;
PO1000010036;UNKNOWN;GODREJ AGROVET LTD;ARIYALUR;Not RSPO Certified;;13/01/2026;1.108.666;79.071.545;11.08666, 79.071545;IND;India;Tamil Nadu;Ariyalur;1-Fully Verified;
PO1000010037;UNKNOWN;DEKELOIL PUBLIC LTD;AYENOUAN MILL;Not RSPO Certified;;13/01/2026;5.383;-3.32;5.383, -3.32;CIV;Côte d'Ivoire;Comoé;Sud Comoé;1-Fully Verified;
PO1000010038;RAJAWALI NUSANTARA INDONESIA (RNI);MITRA OGAN;PKS II;Not RSPO Certified;;13/01/2026;-3.912.389;10.432.814;-3.912389, 104.328140;IDN;Indonesia;Sumatera Selatan;Ogan Komering Ulu;1-Fully Verified;
PO1000010039;UNKNOWN;GIGA PUTRA PERKASA;GIGA PUTRA PERKASA;Not RSPO Certified;;13/01/2026;0.421039;100.814.372;0.421039, 100.814372;IDN;Indonesia;Riau;Rokan Hulu;1-Fully Verified;
PO1000010040;KARYA CANGGIH MANDIRI UTAMA (KCMU)/GAJAH TUNGGAL;LAMPUNG INTER PERTIWI;LAMPUNG INTI PERTIWI;Not RSPO Certified;;13/01/2026;-3.864.732;105.286.162;-3.864732, 105.286162;IDN;Indonesia;Lampung;Mesuji;1-Fully Verified;
PO1000010041;UNKNOWN;SUMBER WANGI ALAM;SUMBER WANGI ALAM;Not RSPO Certified;;13/01/2026;-3.845.637;105.189.791;-3.845637, 105.189791;IDN;Indonesia;Sumatera Selatan;Ogan Komering Ilir;1-Fully Verified;
PO1000010042;UNKNOWN;SELATAN AGUNG SEJAHTERA;SELATAN AGUNG SEJAHTERA;Not RSPO Certified;;13/01/2026;-3.168.996;10.310.575;-3.168996, 103.10575;IDN;Indonesia;Sumatera Selatan;Musi Rawas;1-Fully Verified;
PO1000010043;BEST INDUSTRY;BANGUN JAYA ALAM PERMAI;BANGUN JAYA ALAM PERMAI PKS 2;Not RSPO Certified;;13/01/2026;-209.189;112.040.568;-2.091890, 112.040568;IDN;Indonesia;Kalimantan Tengah;Seruyan;1-Fully Verified;
PO1000010044;UNKNOWN;JAYA AGRO MANDIRI;JAYA AGRO MANDIRI;Not RSPO Certified;;13/01/2026;-4.860.676;104.940.247;-4.860676, 104.940247;IDN;Indonesia;Lampung;Lampung Utara;1-Fully Verified;
PO1000010045;DARMEX AGRO;DELIMUDA PERKASA;DELIMUDA PERKASA;Not RSPO Certified;;13/01/2026;-162.812;102.948.077;-1.628120, 102.948077;IDN;Indonesia;Jambi;Batang Hari;1-Fully Verified;
PO1000010046;GAMA PLANTATIONS;SAWIT UNGGUL AGRO NIAGA;SAWIT UNGGUL AGRO NIAGA;Not RSPO Certified;;13/01/2026;-0.351137;117.393.621;-0.351137, 117.393621;IDN;Indonesia;Kalimantan Timur;Kutai Kartanegara;1-Fully Verified;
PO1000010047;UNKNOWN;AGRINDO SAWIT MANDIRI;AGRINDO SAWIT MANDIRI;Not RSPO Certified;;13/01/2026;-2.345.481;112.306.181;-2.345481, 112.306181;IDN;Indonesia;Kalimantan Tengah;Seruyan;1-Fully Verified;
PO1000010048;GAMA PLANTATIONS;TH INDO PLANTATIONS;RAMIN;Not RSPO Certified;;13/01/2026;0.245446;10.297.832;0.245446, 102.978320;IDN;Indonesia;Riau;Indragiri Hilir;1-Fully Verified;
PO1000010049;WIDYA;MANAKARRA UNGGUL LESTARI;LELING;Not RSPO Certified;;13/01/2026;-2.200.428;119.431.559;-2.200428, 119.431559;IDN;Indonesia;Sulawesi Barat;Mamuju;1-Fully Verified;
PO1000010050;HPI-AGRO (DJARUM);KAPUAS RIMBA SEJAHTERA;RUAI;Not RSPO Certified;;13/01/2026;0.61336;109.931.435;0.613360, 109.931435;IDN;Indonesia;Kalimantan Barat;Landak;1-Fully Verified;
PO1000010051;UNKNOWN;LUBUK BENDAHARA PALMA INDUSTRI;LUBUK BENDAHARA PALMA INDUSTRI;Not RSPO Certified;;13/01/2026;0.667174;100.508.022;0.667174, 100.508022;IDN;Indonesia;Riau;Rokan Hulu;1-Fully Verified;
PO1000010052;UNKNOWN;PRIMA MAS LESTARI;PRIMA MAS LESTARI;Not RSPO Certified;;13/01/2026;-1.707.144;102.160.727;-1.707144, 102.160727;IDN;Indonesia;Jambi;Bungo;1-Fully Verified;
PO1000010053;DARMEX AGRO;DARMEX AGRO;DARMEX AGRO;Not RSPO Certified;;13/01/2026;0.936338;109.168.695;0.936338, 109.168695;IDN;Indonesia;Kalimantan Barat;Bengkayang;2-High Confidence;
PO1000010054;UNKNOWN;OLEORIOS S.A.;OLEORIOS;Not RSPO Certified;;13/01/2026;-1.196.569;-79.424.569;-1.196569, -79.424569;ECU;Ecuador;Los Rios;Ventanas;1-Fully Verified;
PO1000010055;DARMEX AGRO;CERIA PRIMA;CP 2;Not RSPO Certified;;13/01/2026;1.300.768;109.666.917;1.300768, 109.666917;IDN;Indonesia;Kalimantan Barat;Bengkayang;1-Fully Verified;
PO1000010056;UNKNOWN;ALAM PERMAI MAKMUR RAYA;ALAM PERMAI MAKMUR RAYA;Not RSPO Certified;;13/01/2026;-10.989;11.661.367;-1.0989, 116.613670;IDN;Indonesia;Kalimantan Timur;Penajam Paser Utara;1-Fully Verified;
PO1000010057;TORGANDA;TOR GANDA;TORGANDA;Not RSPO Certified;;13/01/2026;1.444.446;100.336.505;1.444446, 100.336505;IDN;Indonesia;Riau;Rokan Hilir;1-Fully Verified;
PO1000010058;UNKNOWN;PALMAC;EXTRACTORA SOPALIN;Not RSPO Certified;;13/01/2026;0.043259;-7.936.905;0.043259, -79.36905;ECU;Ecuador;Esmeraldas;Quinindé;2-High Confidence;OLEAGINOSAS DEL CASTILLO
PO1000010059;UNKNOWN;SINGKIL SEJAHTERA MAKMUR;SINGKIL SEJAHTERA MAKMUR;Not RSPO Certified;;13/01/2026;2.462.277;98.028.212;2.462277, 98.028212;IDN;Indonesia;Aceh;Aceh Singkil;3-Low Confidence;
PO1000010060;UNKNOWN;PALMAC;OLEOCASTILLO;Not RSPO Certified;;13/01/2026;0.385874;-79.201.614;0.385874, -79.201614;ECU;Ecuador;Esmeraldas;Quinindé;1-Fully Verified;
PO1000010061;UNKNOWN;KHARISMA ISKANDAR MUDA;KHARISMA ISKANDAR MUDA;Not RSPO Certified;;13/01/2026;4.092.203;96.440.669;4.092203, 96.440669;IDN;Indonesia;Aceh;Nagan Raya;1-Fully Verified;
PO1000010062;UNKNOWN;CAHAYA UNGGUL PRIMA;CAHAYA UNGGUL PRIMA;Not RSPO Certified;;13/01/2026;0.46372;11.134.469;0.46372, 111.34469;IDN;Indonesia;Kalimantan Barat;Sintang;3-Low Confidence;
PO1000010063;UNKNOWN;BIMA DESA SAWITA;BIMA DESA SAWITA;Not RSPO Certified;;13/01/2026;4.287.827;9.799.708;4.287827, 97.997080;IDN;Indonesia;Aceh;Aceh Tamiang;2-High Confidence;
PO1000010064;PARASAWITA;PARASAWITA;PARASAWITA;Not RSPO Certified;;13/01/2026;4.355.038;98.152.376;4.355038, 98.152376;IDN;Indonesia;Aceh;Aceh Tamiang;1-Fully Verified;
PO1000010065;SUMBER TANI AGUNG (STA);KARYA AGUNG SAWITA;PAPASO;Not RSPO Certified;;13/01/2026;0.896;100.108.222;0.896, 100.108222;IDN;Indonesia;Sumatera Utara;Padang Lawas;2-High Confidence;
PO1000010067;ENSENGEI PALM OIL MILL SDN BHD;ENSENGEI PALM OIL MILL SDN BHD;ENSENGEI POM;Not RSPO Certified;;13/01/2026;1.309.159;110.624.428;1.309159, 110.624428;MYS;Malaysia;Sarawak;Simunjan;1-Fully Verified;KPF PALM OIL MILL
PO1000010068;SARAWAK OIL PALMS BERHAD;SARAWAK OIL PALMS BHD;LAMBIR;Not RSPO Certified;;13/01/2026;412.922;113.985.065;4.12922, 113.985065;MYS;Malaysia;Sarawak;Miri;2-High Confidence;
PO1000010069;UNKNOWN;PERMATA NUSA SEJATI;PERMATA NUSA SEJATI;Not RSPO Certified;;13/01/2026;4.173.797;117.444.342;4.173797, 117.444342;IDN;Indonesia;Kalimantan Timur;Nunukan;1-Fully Verified;
PO1000010070;UNKNOWN;PANDEWAN PALM OIL MILL SDN BHD;PANDEWAN;Not RSPO Certified;;13/01/2026;4.903.667;116.475.611;4.903667, 116.475611;MYS;Malaysia;Sabah;Nabawan;1-Fully Verified;
PO1000010071;UNKNOWN;FILIPINAS PALMOIL INDUSTRIES, INC. (FPII);FPPI PALM OIL MILL;Not RSPO Certified;;13/01/2026;8.419.639;126.021.139;8.419639, 126.021139;PHL;Philippines;Agusan del Sur;San Francisco;1-Fully Verified;
PO1000010072;FIRST RESOURCES;UMEKAH SARI PRATAMA;UMEKA SARI PRATAMA;Not RSPO Certified;;13/01/2026;-21.238;1.109.809;-2.1238, 110.9809;IDN;Indonesia;Kalimantan Barat;Ketapang;1-Fully Verified;
PO1000010073;INCASI RAYA (GUNAS);ADITYA AGROINDO;SIMPANG HULU BARAT;Not RSPO Certified;;13/01/2026;-0.4393;11.023.474;-0.4393, 110.23474;IDN;Indonesia;Kalimantan Barat;Ketapang;1-Fully Verified;
PO1000010074;UNKNOWN;SINAR UTAMA NABATI;SINAR UTAMA NABATI;Not RSPO Certified;;13/01/2026;-0.391997;101.417.014;-0.391997, 101.417014;IDN;Indonesia;Riau;Kuantan Singingi;1-Fully Verified;
PO1000010075;SIN TEK HUAT;GLOBALINDO AGRO LESTARI;GLOBALINDO AGRO LESTARI;Not RSPO Certified;;13/01/2026;-6.628;10.562.525;-6.628, 105.625250;IDN;Indonesia;Banten;Pandeglang;1-Fully Verified;
PO1000010076;UNKNOWN;AGRO INDRALAYA MANDIRI;AGRO INDRALAYA MANDIRI;Not RSPO Certified;;13/01/2026;-3.181.898;1.045.871.203;-3.181898, 104.5871203;IDN;Indonesia;Sumatera Selatan;Ogan Ilir;1-Fully Verified;
PO1000010077;BW (BUDIONO WIDODO);PRATAMA UNGGUL SEJAHTERA;PRATAMA UNGGUL SEJAHTERA;Not RSPO Certified;;13/01/2026;-284.887;107.617.715;-2.84887, 107.617715;IDN;Indonesia;Bangka Belitung;Belitung;1-Fully Verified;
PO1000010078;GENTING PLANTATIONS;GLOBALINDO AGUNG LESTARI;GLOBALINDO AGUNG LESTARI;RSPO Certified;RSPO Certified, MB;13/01/2026;-2.584.944;114.594.417;-2.584944, 114.594417;IDN;Indonesia;Kalimantan Tengah;Kapuas;1-Fully Verified;
PO1000010168;UNKNOWN;EXTRACOSTA S.A.;EXTRACOSTA;Not RSPO Certified;;13/01/2026;-1.562.087;-79.542.175;-1.562087, -79.542175;ECU;Ecuador;Los Rios;Pueblo Viejo;3-Low Confidence;
PO1000010169;UNKNOWN;POLIGROW COLOMBIA LTDA;POLIGROW COLOMBIA LTDA;RSPO Certified;RSPO Certified, IP, MB;13/01/2026;3.012.836;-72.203.053;3.012836, -72.203053;COL;Colombia;Meta;Mapiripán;3-Low Confidence;OLIOMAPI
PO1000010240;DHARMA SATYA NUSANTARA (DSN);DHARMA SATYA NUSANTARA;PKS 7;RSPO Certified;RSPO Certified, MB;13/01/2026;128.225;11.691.562;1.28225, 116.91562;IDN;Indonesia;Kalimantan Timur;Kombeng;3-Low Confidence;
PO1000010249;SINAR MAS;KRESNA DUTA AGROINDO;GUNUNG KOMBENG;Not RSPO Certified;;13/01/2026;1.112.055;11.702.188;1.112055, 117.02188;IDN;Indonesia;Kalimantan Timur;Kutai Timur;1-Fully Verified;
PO1000010250;UNKNOWN;AGRA BUMI NIAGA;AGRA BUMI NIAGA;Not RSPO Certified;;13/01/2026;4.575.718;976.190.685;4.575718, 97.6190685;IDN;Indonesia;Aceh;Aceh Timur;1-Fully Verified;
PO1000010251;UNKNOWN;MUKO PANEN RAYA ABADI;MUKO PANEN RAYA ABADI;Not RSPO Certified;;13/01/2026;-2.756.698;101.391.949;-2.756698, 101.391949;IDN;Indonesia;Bengkulu;Mukomuko;1-Fully Verified;
PO1000010252;UNKNOWN;SEMPURNA SEJAHTERA;BAMBANGAN;Not RSPO Certified;;13/01/2026;4.162.147;117.701.358;4.162147, 117.701358;IDN;Indonesia;Kalimantan Timur;Nunukan;1-Fully Verified;
PO1000010253;GAMA PLANTATIONS;TH INDO PLANTATIONS;TEMBUSU;Not RSPO Certified;;13/01/2026;0.196929;103.009.814;0.196929, 103.009814;IDN;Indonesia;Riau;Indragiri Hilir;1-Fully Verified;
PO1000010254;GAMA PLANTATIONS;TH INDO PLANTATIONS;JATI;Not RSPO Certified;;13/01/2026;0.106018;103.170.413;0.106018, 103.170413;IDN;Indonesia;Riau;Indragiri Hilir;1-Fully Verified;
PO1000010255;GAMA PLANTATIONS;TH INDO PLANTATIONS;AGATHIS;Not RSPO Certified;;13/01/2026;0.103194;103.034.445;0.103194, 103.034445;IDN;Indonesia;Riau;Indragiri Hilir;1-Fully Verified;
PO1000010256;SINAR JAYA AGRO INVESTAMA (SJAI);GAJAH SAKTI SAWIT;GAJAH SAKTI SAWIT;Not RSPO Certified;;13/01/2026;-2.867.818;10.143.663;-2.867818, 101.43663;IDN;Indonesia;Bengkulu;Mukomuko;1-Fully Verified;
PO1000010257;ADIMULIA;ADIMULIA PALMO LESTARI;ADIMULIA PALMO LESTARI;Not RSPO Certified;;13/01/2026;-1.706.087;102.782.404;-1.706087, 102.782404;IDN;Indonesia;Jambi;Batang Hari;1-Fully Verified;
PO1000010258;BUANA SRIWIJAYA SEJAHTERA (BSS);SRI ANDAL LESTARI;SRI ANDAL LESTARI;Not RSPO Certified;;13/01/2026;-2.785.727;104.362.489;-2.785727, 104.362489;IDN;Indonesia;Sumatera Selatan;Banyu Asin;1-Fully Verified;
PO1000010259;UNKNOWN;BUANA TUNAS SEJAHTERA;SAWIT SERIANG;Not RSPO Certified;;13/01/2026;0.956288;111.882.822;0.956288, 111.882822;IDN;Indonesia;Kalimantan Barat;Kapuas Hulu;1-Fully Verified;
PO1000010262;TENERA LESTARI;ENSEM LESTARI;PKS NAGAN RAYA;Not RSPO Certified;;13/01/2026;403.408.462;964.750.225;4.03408462, 96.4750225;IDN;Indonesia;Aceh;Nagan Raya;1-Fully Verified;
PO1000010281;DARMEX AGRO;CERIA PRIMA;CP 1;Not RSPO Certified;;13/01/2026;13.689;1.096.841;1.3689, 109.6841;IDN;Indonesia;Kalimantan Barat;Bengkayang;1-Fully Verified;
PO1000010625;UNKNOWN;PALM D SRI NAKORN;PALM D SRI NAKORN;Not RSPO Certified;;13/01/2026;80.520.269;1.002.094.702;8.0520269, 100.2094702;THA;Thailand;Nakhon Si Thammarat;Hua Sai;1-Fully verified;
PO1000010669;SOCFIN S.A.;SOCFIN AGRICULTURAL COMPANY (SL) LTD;SOCFIN AGRICULTURAL COMPANY (SL) LTD;RSPO Certified;RSPO Certified, IP;13/01/2026;743.796;-11.889.493;7.43796, -11.889493;SL;Sierra Leone;Southern;Pujehun;1-Fully Verified;
PO1000010713;UNKNOWN;MUSIM MAS HOLDINGS PTE LTD;GLOBALINDO ALAM PERKASA PALM OIL MILL;RSPO Certified;RSPO Certified, IP;13/01/2026;-2.667.978;112.772.158;-2.667978, 112.772158;IDN;Indonesia;Kalimantan Tengah;Kotawaringin Timur;2-High Confidence;
PO1000010727;SIME DARBY PLANTATION BHD;MARKHAM FARMING COMPANY LTD;ERAP / MARKHAM FAMRING ;RSPO Certified;RSPO Certified, IP, MB;13/01/2026;-658.087;14.664.222;-6.58087, 146.64222;PNG;Papua New Guinea;Morobe;Chivasing;2-High Confidence;
PO1000010731;UNKNOWN;PT. BIO INTI AGRINDO;PT. BIO INTI AGRINDO PKS 2;RSPO Certified;RSPO Certified, IP;13/01/2026;-70.966.111;14.080.911;-7.0966111, 140.80911;IDN;Indonesia;Papua;Merauke;2-High Confidence;
PO1000010735;UNKNOWN;PT. BIO INTI AGRINDO;PT. BIO INTI AGRINDO PKS 1;RSPO Certified;RSPO Certified, IP;13/01/2026;-696.325;14.051.125;-6.96325, 140.51125;IDN;Indonesia;Papua;Merauke;2-High Confidence;
PO1000010791;BENGKULU SAWIT LESTARI;BENGKULU SAWIT LESTARI;AWANA SAWIT LESTARI;Not RSPO Certified;;13/01/2026;-1.704.823;119.309.324;-1.704823, 119.309324;IDN;Indonesia;Sulawesi Barat;Mamuju Utara;2-High Confidence;
PO1000010793;UNKNOWN;UNKNOWN;IKA BINA AGRO WISESA;Not RSPO Certified;;13/01/2026;5.132.978;97.090.864;5.132978, 97.090864;IDN;Indonesia;Aceh;Aceh Utara;1-Fully Verified;
PO1000010794;UNKNOWN;UNKNOWN;KHARISMA WIRAJAYA PALMA;Not RSPO Certified;;13/01/2026;0.826015;100.916.237;0.826015, 100.916237;IDN;Indonesia;Riau;Kampar;2-High Confidence;
PO1000010795;UNKNOWN;PT BERKALA MAJU BERSAMA;PT BERKALA MAJU BERSAMA;Not RSPO Certified;;13/01/2026;-1.459.278;113.397.417;-1.459278, 113.397417;IDN;Indonesia;Kalimantan Tengah;Gunung Mas;2-High Confidence;
PO1000010796;UNKNOWN;UNKNOWN;PALMA AGROINDO MANDIRI;Not RSPO Certified;;13/01/2026;-238.248;11.130.788;-2.38248, 111.30788;IDN;Indonesia;Kalimantan Tengah;Kotawaringin Barat;2-High Confidence;
PO1000010798;SIKAPAS;SUMBER TANI AGUNG;SIKAPAS;Not RSPO Certified;;13/01/2026;1.221.083;98.882;1.221083, 98.882;IDN;Indonesia;Sumatera Utara;Mandailing Natal;1-Fully Verified;
PO1000010800;AGROVICMART;AGROVICMART;AGROVICMART;Not RSPO Certified;;13/01/2026;4.978;-72.616;4.978, -72.616;COL;Colombia;Casanare;Aguazul;1-Fully Verified;OLEO INVERSIONES SAS - ZOMAC
PO1000010802;DHARMA SATYA NUSANTARA (DSN);DHARMA SATYA NUSANTARA;DHARMA SATYA NUSANTARA MILL 8 (AGRO ANDALAN);Not RSPO Certified;;13/01/2026;-0.102824;111.029.149;-0.102824, 111.029149;IDN;Indonesia;Kalimantan Barat;Sekadau;1-Fully Verified;
PO1000010803;EXTRACEITE;EXTRACEITE;EXTRACEITE;Not RSPO Certified;;13/01/2026;12.203;-84.232;12.203, -84.232;NIC;Nicaragua;Atlántico Sur;El Rama;1-Fully Verified;
PO1000010804;GOLDEN AGRO PLANTATION (GAP);GOLDEN AGRO PLANTATION (GAP);GOLDEN AGRO PLANTATION (GAP);Not RSPO Certified;;13/01/2026;26.725;1.121.272;2.6725, 112.1272;MYS;Malaysia;Sarawak;Dalat;1-Fully Verified;
PO1000010805;KARYA HEVEA INDONESIA;KARYA HEVEA INDONESIA;KARYA HEVEA INDONESIA;Not RSPO Certified;;13/01/2026;3.374.417;99.02;3.374417, 99.02;IDN;Indonesia;Sumatera Utara;Serdang Bedagai;2-High Confidence;
PO1000010806;KENCANA AGRI GROUP;KENCANA AGRI GROUP;DELTA SUBUR PERMAI;Not RSPO Certified;;13/01/2026;-1.215.564;122.518.659;-1.215564, 122.518659;IDN;Indonesia;Sulawesi Tengah;Banggai;1-Fully Verified;
PO1000010807;KIARA SAWIT ABADI;KIARA SAWIT ABADI;GELATIK;Not RSPO Certified;;13/01/2026;0.81729;11.101.222;0.81729, 111.01222;IDN;Indonesia;Kalimantan Barat;Sintang;1-Fully Verified;
PO1000010808;MITRA ANDALAN SEJAHTERA;MITRA ANDALAN SEJAHTERA;MITRA ANDALAN SEJAHTERA;Not RSPO Certified;;13/01/2026;0.07979;10.927.726;0.07979, 109.27726;IDN;Indonesia;Kalimantan Barat;Pontianak;2-High Confidence;
PO1000010809;OLEOINVERSIONES ZOMAC;OLEOINVERSIONES ZOMAC;OLEOINVERSIONES ZOMAC;Not RSPO Certified;;13/01/2026;4.689;-72.081;4.689, -72.081;COL;Colombia;Casanare;Maní;1-Fully Verified;
PO1000010810;PALMAS OLEAGINOSAS BUCARELIA SAS;PALMAS OLEAGINOSAS BUCARELIA S.A.S.;PALMAS OLEAGINOSAS BUCARELIA SAS;Not RSPO Certified;;13/01/2026;722.978;-7.385.034;7.22978, -73.85034;COL;Colombia;Santander;Puerto Wilches;1-Fully Verified;
PO1000010811;SAGO;SAGO;ANGGOLI;Not RSPO Certified;;13/01/2026;1.538.639;98.984.611;1.538639, 98.984611;IDN;Indonesia;Sumatera Utara;Tapanuli Tengah;1-Fully Verified;
PO1000010812;SUMBER TANI AGUNG;SUMBER TANI AGUNG;KARYA AGUNG SAWITA - UJUNG BATU;Not RSPO Certified;;13/01/2026;1.312.778;100.167.778;1.312778, 100.167778;IDN;Indonesia;Riau;Rokan Hulu;3-Low Confidence;
PO1000010813;SUNGAI SUGUT;SUNGAI SUGUT;SUNGAI SUGUT;Not RSPO Certified;;13/01/2026;585.378;1.173.223;5.85378, 117.3223;MYS;Malaysia;Sabah;Beluran;1-Fully Verified;
PO1000010814;UNIACEITES;UNIACEITES;UNIACEITES;Not RSPO Certified;;13/01/2026;16.536.293;-8.986.288;16.536293, -89.86288;GTM;Guatemala;Petén;Dolores;1-Fully Verified;
PO1000010815;WILMAR GROUP;AGRONUSA INVESTAMA;AGRONUSA INVESTAMA 3 - SAMBAS;RSPO Certified;RSPO Certified, MB;13/01/2026;142.149;10.953.715;1.42149, 109.53715;IDN;Indonesia;Kalimantan Barat;Sambas;1-Fully Verified;
PO1000010817;WTK GROUP;WTK GROUP;SUAJAYA MAHIR CROP;Not RSPO Certified;;13/01/2026;2.848.833;112.705.861;2.848833, 112.705861;MYS;Malaysia;Sarawak;Mukah;1-Fully Verified;
PO1000010882;AGRO ARTHA SURYA;AGRO ARTHA SURYA;AGRO ARTHA SURYA;Not RSPO Certified;;13/01/2026;0.749611;122.430.861;0.749611, 122.430861;IDN;Indonesia;Gorontalo;Boalemo;1-Fully Verified;
PO1000010883;SAWIT JAMBI LESTARI (PRG);RANTAU GEDANG;RANTAU GEDANG;Not RSPO Certified;;13/01/2026;-1.532.222;102.906.111;-1.532222, 102.906111;IDN;Indonesia;Jambi;Batang Hari;1-Fully Verified;
PO1000010884;OTACO CO;OTACO;OTACO;Not RSPO Certified;;13/01/2026;7.724.815;99.324.366;7.724815, 99.324366;THA;Thailand;Trang;Sikao;1-Fully Verified;
PO1000010886;OIL SUM ;EXTRACTORA LOMA FRESCA;EXTRACTORA LOMA FRESCA;Not RSPO Certified;;13/01/2026;7.528.413;-73.936.587;7.528413, -73.936587;COL;Colombia;Bolívar;Simití;1-Fully Verified;
PO1000010944;KPN;KPN;GRAHA AGRO NUSANTRA;Not RSPO Certified;;13/01/2026;-0.083509;109.702.795;-0.083509, 109.702795;IDN;Indonesia;Kalimantan Barat;Kubu Raya;1-Fully Verified;
PO1000010945;PERMATA NUSA SEJATI;PERMATA NUSA SEJATI;PT PERMATA NUSA SEJATI;Not RSPO Certified;;13/01/2026;-0.297753;111.639.998;-0.297753, 111.639998;IDN;Indonesia;Kalimantan Barat;Melawi;1-Fully Verified;SAMBOJA INTI PERKASA
PO1000010946;TBS OIL MILL SDN BHD;TBS OIL MILL SDN BHD;TBS OIL MILL;Not RSPO Certified;;13/01/2026;2.007.215;111.352.186;2.007215, 111.352186;MYS;Malaysia;Sarawak;Saratok;1-Fully Verified;
PO1000010947;IGAN OIL MILL SDN BHD;IGAN OIL MILL SDN BHD;TA ANN PELITA IGAN;Not RSPO Certified;;13/01/2026;2.783.242;111.737.797;2.783242, 111.737797;MYS;Malaysia;Sarawak;Matu;1-Fully Verified;
PO1000010948;PTPN VII;PERKEBUNAN NUSANTARA VII;PPKR TEBENAN;Not RSPO Certified;;13/01/2026;-2.869.715;104.191.838;-2.869715, 104.191838;IDN;Indonesia;Sumatera Selatan;Banyu Asin;1-Fully Verified;PERKEBUNAN NUSANTARA VII (BETUNG BARAT)
PO1000010949;UNIVANICH PALM OIL CO. LTD;UNIVANICH PALM OIL PUBLIC COMPANY LTD;KHLONGTOM DIVISION;Not RSPO Certified;;13/01/2026;7.987.779;99.209.092;7.987779, 99.209092;THA;Thailand;Krabi;Khlong Thom;1-Fully Verified;
PO1000010950;CI TOP;CI TOP S.A;PALMEIRAS COLOMBIA S.A.;Not RSPO Certified;;13/01/2026;14.589;-786.869;1.4589, -78.6869;COL;Colombia;Nariño;Tumaco;1-Fully Verified;
PO1000010951;UNIVANICH PALM OIL PCL;UNIVANICH PALM OIL PUBLIC COMPANY LTD;CVP;Not RSPO Certified;;13/01/2026;9.237;983.964;9.237, 98.3964;THA;Thailand;Phangnga;Khura Buri;1-Fully Verified;
PO1000010952;KENRAM PALM OIL INDUSTRIES;KENRAM PALM OIL INDUSTRIES;KENRAM PALM OIL INDUSTRIES;Not RSPO Certified;;13/01/2026;667.798;12.460.326;6.67798, 124.60326;PHL;Philippines;Sultan Kudarat;Isulan;1-Fully Verified;
PO1000011157;UNKNOWN;KRISHNA ENTERPRISES;KRISHNA ENTERPRISES;Not RSPO Certified;;13/01/2026;895.073;7.699.746;8.95073, 76.99746;IND;India;Kerala;Kollam;1-Fully verified;
PO1000011158;UNKNOWN;CITALARAS CIPTA INDONESIA;ANAK ANGKAT;Not RSPO Certified;;13/01/2026;-2.063.677;101.005.994;-2.063677, 101.005994;IDN;Indonesia;Sumatera Barat;Pesisir Selatan;1-Fully verified;
PO1000011159;UNKNOWN;AGRO SINERGI NUSANTARA;BATEE PUTEH;Not RSPO Certified;;13/01/2026;4.453.558;95.927.323;4.453558, 95.927323;IDN;Indonesia;Aceh;Aceh Jaya;1-Fully verified;
PO1000011160;PTPN III;PERKEBUNAN NUSANTARA II;ARSO;Not RSPO Certified;;13/01/2026;-2.784.752;140.722.898;-2.784752, 140.722898;IDN;Indonesia;Papua;Keerom;1-Fully verified;
PO1000011161;UNKNOWN;BUANA TUNAS SEJAHTERA;SUNGAI TAWANG;Not RSPO Certified;;13/01/2026;0.78499;11.177.888;0.78499, 111.77888;IDN;Indonesia;Kalimantan Barat;Kapuas Hulu;1-Fully verified;
PO1000011163;UNKNOWN;PALM THONG THAI CO;PALM THONG THAI CO;Not RSPO Certified;;13/01/2026;122.671.104;998.405.216;12.2671104, 99.8405216;THA;Thailand;Prachuap Khiri Khan;K. Sam Roi Yot;1-Fully verified;
PO1000011164;UNKNOWN;PHATTRA PALM OIL;PHATTRA PALM OIL;Not RSPO Certified;;13/01/2026;82.183.275;990.529.751;8.2183275, 99.0529751;THA;Thailand;Krabi;Khao Phanom;1-Fully verified;
PO1000011165;UNKNOWN;BIDCO UGANDA;BWENDERO PALM OIL MILL;Not RSPO Certified;;13/01/2026;-0.446111;32.219.722;-0.446111, 32.219722;UGA;Uganda;Kalangala;Bujumba;1-Fully verified;
PO1000011166;UNKNOWN;WAHANA KARYA SEJAHTERA MANDIRI;WAHANA KARYA SEJAHTERA MANDIRI;Not RSPO Certified;;13/01/2026;-2.111.927;119.339.396;-2.111927, 119.339396;IDN;Indonesia;Sulawesi Barat;Mamuju;1-Fully verified;
PO1000011167;UNKNOWN;ALAM JAYA PERSADA;ALAM JAYA PERSADA;Not RSPO Certified;;13/01/2026;-0.931346389;1.171.502.303;-0.931346389, 117.1502303;IDN;Indonesia;Kalimantan Timur;Kutai Kartanegara;1-Fully verified;
PO1000011168;UNKNOWN;SUMBER TANI AGUNG;KARYA AGUNG SAWIT (UJUNG BATU);Not RSPO Certified;;13/01/2026;1.318.478;100.010.726;1.318478, 100.010726;IDN;Indonesia;Sumatera Utara;Padang Lawas;1-Fully verified;
PO1000011169;UNKNOWN;TZEN PLANTATION;LIGURIA OIL MILL;Not RSPO Certified;;13/01/2026;-4.956.151;151.957.441;-4.956151, 151.957441;PNG;Papua New Guinea;East New Britain;Pomio;1-Fully verified;
PO1000011170;UNKNOWN;PALMAS DE CANDELARIA;PALMAS DE CANDELARIA;Not RSPO Certified;;13/01/2026;18.321.833;-91.364.833;18.321833, -91.364833;MEX;Mexico;Campeche;Carmen;1-Fully verified;
PO1000011171;UNKNOWN;TELANGANA STATE OIL FEDERATION;APPARAOPETA OIL PALM FACTORY;Not RSPO Certified;;13/01/2026;17.252.656;81.096.193;17.252656, 81.096193;IND;India;Telangana;Khammam;1-Fully verified;
PO1000011172;UNKNOWN;EQUATORIAL PALM OIL;PALM BAY;RSPO Certified;RSPO Certified, IP;13/01/2026;583.197;-97.634;5.83197, -9.7634;LBR;Liberia;GrandBassa;District # 4;2-High Confidence;
PO1000011173;UNKNOWN;TH PLANTATION BHD;KILANG SAWIT BIJAT;Not RSPO Certified;;13/01/2026;1.330.232;111.451.023;1.330232, 111.451023;MYS;Malaysia;Sarawak;Sri Aman;2-High Confidence;
PO1000011174;UNKNOWN;DHANISTA SURYA NUSANTARA;KENAYA;Not RSPO Certified;;13/01/2026;-0.956973;1.104.042;-0.956973, 110.4042;IDN;Indonesia;Kalimantan Barat;Ketapang;2-High Confidence;
PO1000011175;UNKNOWN;AEN PALM OIL PROCESSING;AEN PALM OIL PROCESSING;Not RSPO Certified;;13/01/2026;6.545.986;80.228.546;6.545986, 80.228546;LKA;Sri Lanka;Kalutara;Palindanuwara;2-High Confidence;
PO1000011179;UNKNOWN;SUMBER TANI AGUNG;MADINA AGRO LESTARI (SIKAPAS);Not RSPO Certified;;13/01/2026;12.171.944;98.895.722;1.2171944, 98.895722;IDN;Indonesia;Sumatera Utara;Mandailing Natal;2-High Confidence;
PO1000011180;UNKNOWN;TIAN TUJUHPULUH UTAMA;BALAI JAYA;Not RSPO Certified;;13/01/2026;1.684;10.053.362;1.684, 100.53362;IDN;Indonesia;Riau;Rokan Hilir;2-High Confidence;
PO1000011181;UNKNOWN;TECK GUAN GROUP;TALIWAS;Not RSPO Certified;;13/01/2026;5.070.072;118.256.194;5.070072, 118.256194;MYS;Malaysia;Sabah;Lahad Datu;2-High Confidence;
PO1000011182;UNKNOWN;MUSTIKA AGUNG SAWIT GEMILANG;MUSTIKA AGUNG SAWIT GEMILANG;Not RSPO Certified;;13/01/2026;-0.525278;101.993.389;-0.525278, 101.993389;IDN;Indonesia;Riau;Indragiri Hulu;2-High Confidence;
PO1000011183;UNKNOWN;PROSPER GROUP;MERCHONG PALM OIL MILL;Not RSPO Certified;;13/01/2026;280.355;103.306.237;2.80355, 103.306237;MYS;Malaysia;Pahang;Rompin;2-High Confidence;
PO1000011184;UNKNOWN;PERMATA HIJAU GROUP;PELITA AGUNG AGRINDUSTRI;Not RSPO Certified;;13/01/2026;1.427.505.556;10.118.765;1.427505556, 101.18765;IDN;Indonesia;Riau;Bengkalis;2-High Confidence;
PO1000011186;UNKNOWN;PROSYMPAC AGRO LESTARI;PROSYMPAC AGRO LESTARI;Not RSPO Certified;;13/01/2026;-198.912;10.402.697;-1.98912, 104.02697;IDN;Indonesia;Sumatera Selatan;Musi Banyuasin;3-Low Confidence;
PO1000011188;UNKNOWN;DHANISTA SURYA NUSANTARA;PERDANA;Not RSPO Certified;;13/01/2026;-2.200.481;110.814.133;-2.200481, 110.814133;IDN;Indonesia;Kalimantan Barat;Ketapang;3-Low Confidence;
PO1000011190;UNKNOWN;BIDCO UGANDA;BETA PALM OIL MILL;Not RSPO Certified;;13/01/2026;-0.31683;32.151.898;-0.31683, 32.151898;UGA;Uganda;Kalangala;Bujumba;3-Low Confidence;
PO1000011191;UNKNOWN;MANOBANDACORP;MANOBANDACORP;Not RSPO Certified;;13/01/2026;-1.072.687;-79.607.734;-1.072687, -79.607734;ECU;Ecuador;Los Rios;Quevedo;3-Low Confidence;
PO1000011192;BELEM BIOENERGIA BRASIL S.A.;BELEM BIOENERGIA BRASIL S.A.;TAILÂNDIA;RSPO Certified;RSPO Certified, MB;13/01/2026;-2.798.097;-48.936.475;-2.798097, -48.936475;BRA;Brazil;Pará;Tailândia;3-Low Confidence;
PO1000011193;UNKNOWN;GADING SAWIT KENCANA;GADING SAWIT KENCANA;Not RSPO Certified;;13/01/2026;-2.510.682;11.255.489;-2.510682, 112.55489;IDN;Indonesia;Kalimantan Tengah;Kotawaringin Timur;3-Low Confidence;
PO1000011194;UNKNOWN;GENG GROUP;KENCANA AGRO PERSADA;Not RSPO Certified;;13/01/2026;0.605639;101.241.306;0.605639, 101.241306;IDN;Indonesia;Riau;Kampar;3-Low Confidence;
PO1000011195;UNKNOWN;UNITED MALACCA;LIFERE AGRO KAPUAS;Not RSPO Certified;;13/01/2026;-2.740.389;114.456.711;-2.740389, 114.456711;IDN;Indonesia;Kalimantan Tengah;Kapuas;3-Low Confidence;ARWANA
PO1000011196;UNKNOWN;TRIPUTRA AGRO PERSADA;SUKSES KARYA MANDIRI;Not RSPO Certified;;13/01/2026;-2.189.397;111.342.031;-2.189397, 111.342031;IDN;Indonesia;Kalimantan Tengah;Sukamara;3-Low Confidence;
PO1000011197;UNKNOWN;AGRIPRIMA CIPTA PERSADA;AGRIPRIMA CIPTA PERSADA;Not RSPO Certified;;13/01/2026;-7.450.096;140.500.032;-7.450096, 140.500032;IDN;Indonesia;Papua;Merauke;3-Low Confidence;
PO1000011198;UNKNOWN;BUMI KHATULISTIWA MANDIRI;BUMI KHATULISTIWA MANDIRI;Not RSPO Certified;;13/01/2026;-3.274.438;105.813.696;-3.274438, 105.813696;IDN;Indonesia;Sumatera Selatan;Ogan Komering Ilir;3-Low Confidence;
PO1000011199;UNKNOWN;PALMCI;BOUBO;Not RSPO Certified;;13/01/2026;5.644;-5.32;5.644, -5.32;CIV;Côte d'Ivoire;Gôh-Djiboua;Lôh-Djiboua;2-High Confidence;
PO1000011200;UNKNOWN;UNKNOWN;COMPAÑIA PALMICULTORA DEL LLANO S.A. - PALMALLANO S.A.;Not RSPO Certified;;13/01/2026;4.346.079;-73.004.524;4.346079, -73.004524;COL;Colombia;Meta;Cabuyaro;1-Fully verified;
PO1000011201;UNKNOWN;UNKNOWN;PALMERAS LA MARGARITA DIAZ MARTINEZ & CIA LTDA.;Not RSPO Certified;;13/01/2026;3.904.905;-73.538.584;3.904905, -73.538584;COL;Colombia;Meta;Acacías;2-High Confidence;
PO1000011214;UNKNOWN;UNKNOWN;SARAWAK OIL PALMS BHD - BALINGIAN;Not RSPO Certified;;13/01/2026;298.105;1.124.788;2.98105, 112.4788;MYS;Malaysia;Sarawak;Mukah;1-Fully verified;
PO1000011215;UNKNOWN;SAWITA LEIDONG JAYA;SAWITA LEIDONG JAYA;Not RSPO Certified;;13/01/2026;0.541227;101.394.954;0.541227, 101.394954;IDN;Indonesia;Riau;Pekanbaru;3-Low Confidence;
PO1000011263;UNKNOWN;BERSAMA OESAHA SARAGIH SEJAHTERA;BERSAMA OESAHA SARAGIH SEJAHTERA;Not RSPO Certified;;13/01/2026;3.209.654;98.884.564;3.209654, 98.884564;IDN;Indonesia;Sumatera Utara;Serdang Bedagai;2-High Confidence;
PO1000011300;FANGIONO AGRO PLANTATION;PT BULUNGAN HIJAU PERKASA;PT BULUNGAN HIJAU PERKASA;Not RSPO Certified;;13/01/2026;3.928.996;116.816.399;3.928996, 116.816399;IDN;Indonesia;Kalimantan Timur;Nunukan;2-High Confidence;
PO1000011301;WINGS CORP;PT INTI SELARAS PERKASA;PT INTI SELARAS PERKASA;Not RSPO Certified;;13/01/2026;2.738.595;117.208.687;2.738595, 117.208687;IDN;Indonesia;Kalimantan Timur;Bulungan;2-High Confidence;
PO1000011303;SOCFIN S.A.;SOCAPALM (SOCIÉTÉ CAMEROUNAISE DE PALMERAIES);MBAMBOU;RSPO Certified;RSPO Certified, IP, MB;13/01/2026;3.732.936;9.862.567;3.732936, 9.862567;CMR;Cameroon;Littoral;Sanaga Maritime;2-High Confidence;
PO1000011304;SOCFIN S.A.;SOCAPALM (SOCIÉTÉ CAMEROUNAISE DE PALMERAIES);EDEA ;RSPO Certified;RSPO Certified, MB;13/01/2026;35.698.028;10.110.225;3.5698028, 10.110225;CMR;Cameroon;Littoral;Sanaga Maritime;2-High Confidence;
PO1000011305;TRIPUTRA;PT NATURA PASIFIC NUSANTARA;NATURA PASIFIC NUSANTARA;Not RSPO Certified;;13/01/2026;224.749;116.985;2.24749, 116.985;IDN;Indonesia;Kalimantan Timur;Berau;2-High Confidence;
PO1000011306;DHARMA AGUNG WIJAYA;PT HANUSENTRA AGRO LESTARI;PT HANUSENTRA AGRO LESTARI;Not RSPO Certified;;13/01/2026;1.177.671;117.902.178;1.177671, 117.902178;IDN;Indonesia;Kalimantan Timur;Kutai Timur;2-High Confidence;
PO1000011307;FANGIONO AGRO PLANTATION;PT BORNEO BHAKTI SEJAHTERA;PT BORNEO BHAKTI SEJAHTERA;Not RSPO Certified;;13/01/2026;0.495463;115.366.593;0.495463, 115.366593;IDN;Indonesia;Kalimantan Timur;Kutai Barat;2-High Confidence;
PO1000011309;TDM BERHAD;PT RAFI KAMAJAYA ABADI;PT RAFI KAMAJAYA ABADI;Not RSPO Certified;;13/01/2026;-0.241377;111.620.783;-0.241377, 111.620783038;IDN;Indonesia;Kalimantan Barat;Melawi;2-High Confidence;
PO1000011310;SIME DARBY;PT PADANG PALMA PERMAI;TAMIANG POM;Not RSPO Certified;;13/01/2026;430.555;980.267;4.30555, 98.0267;IDN;Indonesia;Aceh;Aceh Tamiang;2-High Confidence;
PO1000011311;ASTRA AGRO LESTARI;PT SAWIT JAYA ABADI;SAWIT JAYA ABADI;Not RSPO Certified;;13/01/2026;-19.595;120.83;-1.9595, 120.83;IDN;Indonesia;Sulawesi Tengah;Poso;1-Fully Verified;
PO1000011312;ASTRA AGRO LESTARI;PT TRIBUANA MAS;TRIBUANA MAS;Not RSPO Certified;;13/01/2026;-2.728;114.843;-2.728, 114.843;IDN;Indonesia;Kalimantan Selatan;Tapin;2-High Confidence;
PO1000011313;SOCFIN S.A.;BRABANTA S.A.;BRABANTA ;RSPO Certified;RSPO Certified, MB;13/01/2026;-4.376.641;20.289.561;-4.376641, 20.289561;COD;Democratic Republic of the Congo;Maï-Ndombe;Oshwe;2-High Confidence;
PO1000011314;SOCFIN S.A.;SOCAPALM (SOCIÉTÉ CAMEROUNAISE DE PALMERAIES);DIBOMBARI ;RSPO Certified;RSPO Certified, MB;13/01/2026;4.221.521;9.607.448;4.221521, 9.607448;CMR;Cameroon;Littoral;Moungo;2-High Confidence;
PO1000011315;SOCFIN S.A.;SOCAPALM (SOCIÉTÉ CAMEROUNAISE DE PALMERAIES);ESEKA ;Not RSPO Certified;;13/01/2026;3.640.702;10.711.426;3.640702, 10.711426;CMR;Cameroon;Centre;Nyong et Kéllé;2-High Confidence;
PO1000011316;SOCFIN S.A.;SOCAPALM (SOCIÉTÉ CAMEROUNAISE DE PALMERAIES);MBONGO ;RSPO Certified;RSPO Certified, IP, MB;13/01/2026;3.865.892;9.856.122;3.865892, 9.856122;CMR;Cameroon;Littoral;Sanaga Maritime;2-High Confidence;
PO1000011317;SOCFIN S.A.;SOCAPALM (SOCIÉTÉ CAMEROUNAISE DE PALMERAIES);KIENKE ;RSPO Certified;RSPO Certified, MB;13/01/2026;2.856.912;997.636;2.856912, 9.97636;CMR;Cameroon;Sud;Océan;2-High Confidence;
PO1000011318;TUNAS BARU LAMPUNG;PT BUMI PERKASA GEMILANG;PKS 10;RSPO Certified;RSPO Certified, MB;13/01/2026;-0.3452;109.693;-0.3452, 109.693;IDN;Indonesia;Kalimantan Barat;Kubu Raya;2-High Confidence;
PO1000011319;PTPN IV;PT SINERGI PERKEBUNAN NUSANTARA;SINERGI PERKEBUNAN NUSANTARA;RSPO Certified;RSPO Certified, IP, MB;13/01/2026;-1.988.699;121.012.261;-1.988699, 121.012261;IDN;Indonesia;Sulawesi Tengah;Morowali;2-High Confidence;
PO1000011381;SOCFIN S.A.;PLANTATION SOCFINAF GHANA (PSG);PSG;RSPO Certified;RSPO Certified, IP;13/01/2026;5.156.406;-1.712.786;5.156406, -1.712786;GHA;Ghana;Western;Mpohor Wassa East;2-High Confidence;
PO1000011396;SOCFIN S.A.;AGRIPALMA;AGRIPALMA;RSPO Certified;RSPO Certified, IP;13/01/2026;0.1075;6.603.056;0.1075, 6.603056;STP;Sao Tome and Principe;Sao Tome;Caué;2-High Confidence;
PO1000011406;UNKNOWN;GOODHOPE ASIA HOLDINGS LTD;NABIRE MATOA;RSPO Certified;RSPO Certified, IP;13/01/2026;-3.461.533;135.256.064;-3.461533, 135.256064;IDN;Indonesia;Papua;Nabire;1-Fully verified;
PO1000011477;UNKNOWN;TANDAN SAWITA PAPUA;TULIP;Not RSPO Certified;;13/01/2026;-286.758;14.088.036;-2.86758, 140.88036;IDN;Indonesia;Papua;Desa Arso Kota;2-High Confidence;
PO1000011478;UNKNOWN;SINDORA SERAYA;SINDORA SERAYA;Not RSPO Certified;;13/01/2026;189.136;10.095.264;1.89136, 100.95264;IDN;Indonesia;Riau;Rokan Hilir;2-High Confidence;
PO1000011503;UNKNOWN;GOLDTREE (S.L.) LTD;GOLDTREE (S.L.) LTD;RSPO Certified;RSPO Certified, IP, MB;13/01/2026;7.973.176;-10.860.909;7.973176, -10.860909;SL;Sierra Leone;Kailahun;Daru;1-Fully Verified;
PO1000011551;BELEM BIOENERGIA BRASIL S.A.;BELEM BIOENERGIA BRASIL S.A.;TOMÉ-AÇU;Not RSPO Certified;;13/01/2026;-2.892;-48.274;-2.892, -48.274;BRA;Brazil;Pará;Tomé-Açu;2-High Confidence;
PO1000011552;UNKNOWN;LANGKAT MAKMUR JAYA SAWITA;LANGKAT MAKMUR JAYA SAWITA;Not RSPO Certified;;13/01/2026;38.779;98.340.547;3.8779, 98.340547;IDN;Indonesia;Sumatera Utara;Langkat;1-Fully verified;
PO1000011553;UNKNOWN;DUPONT & LEOSK ENTERPRISES SDN BHD;GASING SAWIT ABADI;Not RSPO Certified;;13/01/2026;-2.555.194;104.767.111;-2.555194, 104.767111;IDN;Indonesia;Sumatera Selatan;Banyu Asin;1-Fully verified;
PO1000011554;UNKNOWN;GAMA PLANTATION / KPN CORPORATION;CITRA MAHKOTA;Not RSPO Certified;;13/01/2026;-0.35815;112.129.314;-0.35815, 112.129314;IDN;Indonesia;Kalimantan Barat;Melawi;1-Fully verified;
PO1000011556;UNKNOWN;MERLUNG INTI LESTARI;MERLUNG INTI LESTARI;Not RSPO Certified;;13/01/2026;-1.328.637;103.273.717;-1.328637, 103.273717;IDN;Indonesia;Jambi;Muaro Jambi;1-Fully verified;
PO1000011557;UNKNOWN;SURYA SAWIT SEJAHTERA;SURYA SAWIT SEJAHTERA;Not RSPO Certified;;13/01/2026;-259.769;12.056.726;-2.59769, 120.56726;IDN;Indonesia;Sulawesi Selatan;Luwu Utara;1-Fully verified;
PO1000011558;UNKNOWN;KASMAR MATANO PERSADA;KASMAR MATANO PERSADA;Not RSPO Certified;;13/01/2026;-2.541.361;120.303.444;-2.541361, 120.303444;IDN;Indonesia;Sulawesi Selatan;Luwu Utara;1-Fully verified;
PO1000011591;UNKNOWN;KALIMANTAN AGRO NUSANTARA;KALINUSA RANTAU PULUNG;Not RSPO Certified;;13/01/2026;0.676288;117.227.312;0.676288, 117.227312;IDN;Indonesia;Kalimantan Timur;Kabupaten Kutai Timur;1-Fully verified;
PO1000011790;KUALA LUMPUR KEPONG (KLK);KL-KEPONG (SABAH) SDN BHD;MILL 1;Not RSPO Certified;;13/01/2026;44.558.944;118.222.306;4.4558944, 118.222306;MYS;Malaysia;Sabah;Tawau;1-Fully Verified;
PO1000011910;UNKNOWN;MAHATO INTI SAWIT;MAHATO INTI SAWIT;Not RSPO Certified;;13/01/2026;1.373.651;100.299.131;1.373651, 100.299131;IDN;Indonesia;Riau;Rokan Hulu;1-Fully verified;
PO1000011911;UNKNOWN;SAWIT JAYA MANDIRI LESTARI;SAWIT JAYA MANDIRI LESTARI;Not RSPO Certified;;13/01/2026;-0.442814;102.256.371;-0.442814, 102.256371;IDN;Indonesia;Riau;Indragiri Hulu;1-Fully verified;
PO1000011912;UNKNOWN;SAWIT RUPAT SEJAHTERA;SAWIT RUPAT SEJAHTERA;Not RSPO Certified;;13/01/2026;1.934.701;101.733.319;1.934701, 101.733319;IDN;Indonesia;Riau;Bengkalis;1-Fully verified;
PO1000011913;UNKNOWN;GILFORD;GUNUNG RIJUAN SEJAHTERA;Not RSPO Certified;;13/01/2026;0.3602778;109.365.606;0.3602778, 109.365606;IDN;Indonesia;Kalimantan barat;Landak;1-Fully verified;
PO1000011914;UNKNOWN;AGUMIL PHILIPPINES;MAMUSI;Not RSPO Certified;;13/01/2026;-5.730.559;151.378.485;-5.730559, 151.378485;PNG;Papua New Guinea;East new britain;Bairiman;1-Fully verified;
PO1000011915;UNKNOWN;AGUMIL PHILIPPINES;MANAT;Not RSPO Certified;;13/01/2026;8.092.237;126.084.621;8.092237, 126.084621;PHL;Philippines;Agusan del Sur;Basa;1-Fully verified;
PO1000011916;UNKNOWN;NEW BRITAIN PALM OIL LTD (OLD);NARANGIT;Not RSPO Certified;;13/01/2026;-43.625;151.951.944;-4.3625, 151.951944;PNG;Papua New Guinea;East new britain;Vunapaladig;1-Fully verified;
PO1000011917;UNKNOWN;HAP SENG CONSOLIDATED BHD;MITRA KARYA SENTOSA;Not RSPO Certified;;13/01/2026;0.764622;110.668.431;0.764622, 110.668431;IDN;Indonesia;Kalimantan barat;Sanggau;1-Fully verified;
PO1000011918;UNKNOWN;ASTANA ENDAH;ASTANA ENDAH;Not RSPO Certified;;13/01/2026;4.190.043;1.008.137;4.190043, 100.8137;MYS;Malaysia;Perak;Sitiawan;1-Fully verified;
PO1000011991;UNKNOWN;AGRO SEJAHTERA;AGRO SEJAHTERA;Not RSPO Certified;;13/01/2026;-0.51619;10.201.667;-0.51619, 102.01667;IDN;Indonesia;Riau;Indragiri Hulu ;2-High Confidence;
PO1000011992;UNKNOWN;SELARAS MITRA SARIMBA;GIRI PURNO;Not RSPO Certified;;13/01/2026;-140.647;10.226.553;-1.40647, 102.26553;IDN;Indonesia;Jambi;Tebo;2-High Confidence;
PO1000011993;UNKNOWN;KELANTAN SAKTI;KELANTAN SAKTI;Not RSPO Certified;;13/01/2026;-3.506.183;104.940.456;-3.506183, 104.940456;IDN;Indonesia;Sumatera Selatan;Pedamaran;2-High Confidence;
PO1000011994;UNKNOWN;COOPERATIVA DE UNION DE PALMICULTORES DE LA COSTA DE CHIAPAS;COOPERATIVA DE UNION DE PALMICULTORES DE LA COSTA DE CHIAPAS;Not RSPO Certified;;13/01/2026;1.531.529;-92.820.196;15.31529, -92.820196;MEX;Mexico;Chiapas;Acapetahua;2-High Confidence;
PO1000012067;UNKNOWN;UNIVANICH PALM OIL PUBLIC COMPANY LTD;UNIVANICH PALM OIL PUBLIC COMPANY LIMITED;Not RSPO Certified;;13/01/2026;7.324.312;100.149.774;7.324312, 100.149774;THA;Thailand;Phattalung;Pa Bon;2-High Confidence;
PO1000012105;UNKNOWN;MANUTI PALM SAMO;SAMO;Not RSPO Certified;;13/01/2026;522.833;-347.944;5.22833, -3.47944;CIV;Côte d'Ivoire;Bonoua;Aboisso;2-High Confidence;
PO1000012291;UNKNOWN;THAI TALLOW AND OIL CO, LTD;THAI TALLOW AND OIL ;Not RSPO Certified;;13/01/2026;8.085.606;100.141.525;8.085606, 100.141525;THA;Thailand;Nakhon Si Thammarat;Chian Yai;1-Fully verified;
PO1000012424;UNKNOWN;WIJAYA BOMEO TIGANNA;WIJAYA BORNEO TIGANNA BATANG KULUR;Not RSPO Certified;;13/01/2026;-2.842.761;11.605.136;-2.842761, 116.05136;IDN;Indonesia;Kalimantan Selatan;Kota Baru;2-High Confidence;
PO1000012448;UNKNOWN;MUSIM MAS HOLDINGS PTE LTD;PT. LESTARI ABADI PERKASA;RSPO Certified;RSPO Certified, MB;13/01/2026;-17.241;1.106.734;-1.7241, 110.6734;IDN;Indonesia;Kalimantan Barat;Ketapang;2-High Confidence;
PO1000012465;UNKNOWN;BUMI MAJU SAWIT;PT BUMI MAJU SAWIT;Not RSPO Certified;;13/01/2026;-2.456.478;120.947.557;-2.456478, 120.947557;IDN;Indonesia;Sulawesi Selatan;Luwu Timur;2-High Confidence;
PO1000012525;UNKNOWN;CHUMPHON S.P. PALM OIL CO., LTD;CHUMPHON S.P. PALM OIL CO., LTD. MILL;Not RSPO Certified;;13/01/2026;9.743.334;99.081.109;9.743334, 99.081109;THA;Thailand;Chumphon;Lamae;2-High Confidence;
PO1000012526;UNKNOWN;UNKNOWN;PALM THAI PATTANA MILL;Not RSPO Certified;;13/01/2026;6.927.461;99.937.097;6.927461, 99.937097;THA;Thailand;Satun;Khuan Kalong;2-High Confidence;
PO1000012582;WILMAR GROUP;WILMAR INTERNATIONAL LTD;CALARO;RSPO Certified;RSPO Certified, IP, MB;13/01/2026;5.291.084;8.298.471;5.291084, 8.298471;NGA;Nigeria;Akamkpa;Mbarakom;2-High Confidence;
PO1000012622;UNKNOWN;PALMARIS RAYA;PALMARIS RAYA;Not RSPO Certified;;13/01/2026;0.44475;992.605;0.44475, 99.2605;IDN;Indonesia;Sumatera Utara;Sinunukan;2-High Confidence;
PO1000012623;UNKNOWN;PATRAMA PALM ABADI;PATRAMA PALM ABADI;Not RSPO Certified;;13/01/2026;-276.413;10.325.555;-2.76413, 103.25555;IDN;Indonesia;Sumatera Selatan;Musi Rawas;2-High Confidence;
PO1000012638;UNKNOWN;PSI PALM OIL;KWAEBIBIREM;Not RSPO Certified;;13/01/2026;6.219.806;-0.843534;6.219806, -0.843534;GHA;Ghana;Eastern;Kwaebibirem;2-High Confidence;
PO1000012639;UNKNOWN;VOLTA RED LTD;VOLTA RED LTD;Not RSPO Certified;;13/01/2026;7.717.778;0.535;7.717778, 0.535;GHA;Ghana;Kadjebi District;Ahamasu;2-High Confidence;
PO1000012640;UNKNOWN;GHANAIAN;ASSIN OIL MILLS;Not RSPO Certified;;13/01/2026;5.847.044;-1.329.448;5.847044, -1.329448;GHA;Ghana;Assin North;Obuahun;2-High Confidence;
PO1000012842;UNKNOWN;IJM PLANTATIONS BHD;PRIMA;Not RSPO Certified;;13/01/2026;267.217;1.177.458;2.67217, 117.7458;IDN;Indonesia;Kalimantan Timur;Bulungan;2-High Confidence;
PO1000012843;UNKNOWN;PT SETIA AGRINDO MANDIRI;SETIA AGRINDO MANDIRI MILL;Not RSPO Certified;;13/01/2026;-0.433602;10.296.604;-0.433602, 102.96604;IDN;Indonesia;Riau;Indragiri Hilir;2-High Confidence;
PO1000012844;UNKNOWN;SAWIT INTI RAYA ;SAWIT INTI RAYA ;Not RSPO Certified;;13/01/2026;-0.45576;10.216.895;-0.45576, 102.16895;IDN;Indonesia;Riau;Indragiri Hulu;2-High Confidence;
PO1000012845;UNKNOWN;SANLING SAWIT SEJATERA ;SANLING SAWIT SEJATERA ;Not RSPO Certified;;13/01/2026;-0.37911;10.216.367;-0.37911, 102.16367;IDN;Indonesia;Riau;Indragiri Hulu;2-High Confidence;
PO1000012846;UNKNOWN;PT CITRA AGRO KENCANA;CITRA AGRO KENCANA MILL;Not RSPO Certified;;13/01/2026;-0.472249;11.559.339;-0.472249, 115.59339;IDN;Indonesia;Kalimantan Timur;Kutai Barat;2-High Confidence;
PO1000012847;UNKNOWN;MP EVANS;RAHAYU;Not RSPO Certified;;13/01/2026;-0.20197;1.167.724;-0.20197, 116.7724;IDN;Indonesia;Kalimantan Timur;Kutai Kartanegara;2-High Confidence;
PO1000012848;UNKNOWN;ARSI GROUP;ARSI GRIYA PLANTATIONS;Not RSPO Certified;;13/01/2026;-28.577;1.049.406;-2.8577, 104.9406;IDN;Indonesia;Sumatera Selatan;Banyu Asin;2-High Confidence;
PO1000012849;UNKNOWN;PALMA BUMI LESTARI ;PALMA BUMI LESTARI ;RSPO Certified;RSPO Certified, MB;13/01/2026;0.4769;1.100.628;0.4769, 110.0628;IDN;Indonesia;Kalimantan Barat;Landak;2-High Confidence;
PO1000012850;UNKNOWN;GRAHA PERMATA HIJAU,GRAHA PE;GIGA ROKAN RIAU;Not RSPO Certified;;13/01/2026;0.3967;100.841;0.3967, 100.841;IDN;Indonesia;Riau;Rokan Hulu;2-High Confidence;
PO1000012851;UNKNOWN;BUKIT JEJER SUKSES ;BUKIT JEJER SUKSES ;Not RSPO Certified;;13/01/2026;-22.923;12.179.167;-2.2923, 121.79167;IDN;Indonesia;Sulawesi Tengah;Morowali;2-High Confidence;
PO1000012852;UNKNOWN;YUNI BERSAUDARA SEJAHTERA;YUNI BERSAUDARA SEJAHTERA;Not RSPO Certified;;13/01/2026;-0.02652;10.118.978;-0.02652, 101.18978;IDN;Indonesia;Riau;Kampar;2-High Confidence;
PO1000013228;UNKNOWN;OLAM PALM GABON SA;DOLA CPO;RSPO Certified;RSPO Certified, IP;13/01/2026;-2.166.444;111.778;-2.166444, 11.177800;GAB;Gabon;Nanga;Dola;2-High Confidence;
PO1000013408;UNKNOWN;GOLDEN AGRI RESOURCES;BANGUNG NUSA MANDIRI KENARI;Not RSPO Certified;;13/01/2026;-216.516;11.092.084;-2.16516, 110.92084;IDN;Indonesia;Kalimantan Barat;Ketapang;2-High Confidence;
PO1000013486;UNKNOWN;UNKNOWN;KASIH AGRO MANDIRI;Not RSPO Certified;;13/01/2026;-284.378;10.433.381;-2.84378, 104.33381;IDN;Indonesia;Sumatera Selatan;Banyu Asin;1-Fully Verified;
PO1000013495;UNKNOWN;MUARA SAWIT LESTARI;MUARA SAWIT LESTARI;Not RSPO Certified;;13/01/2026;-227.866;1.011.636;-2.27866, 101.1636;IDN;Indonesia;Sumatera Barat;Pesisir selatan;1-Fully Verified;
PO1000013497;UNKNOWN;GENTING PLANTATIONS BERHAD;AGRO ABADI CEMERLANG ;Not RSPO Certified;;13/01/2026;-0.33938;1.101.898;-0.33938, 110.1898;IDN;Indonesia;Kalimantan Barat;Sanggau;2-High Confidence;
PO1000013498;UNKNOWN;GOODHOPE ASIA HOLDINGS LTD;BATU MAS SEJAHTERA;Not RSPO Certified;;13/01/2026;-101.377;1.105.299;-1.01377, 110.5299;IDN;Indonesia;Kalimantan Barat;Ketapang;1-Fully Verified;
PO1000013499;UNKNOWN;UNKNOWN;KAYAN PLANTATION;Not RSPO Certified;;13/01/2026;2.684.077;1.176.066;2.684077, 117.6066;IDN;Indonesia;Kalimantan Timur;Bulungan;2-High Confidence;
PO1000013512;UNKNOWN;UNKNOWN;MENTHOBI MAKMUR LESTARI;Not RSPO Certified;;13/01/2026;-2.249.081;111.430.563;-2.249081, 111.430563;IDN;Indonesia;Kalimantan Tengah;Lamandau;1-Fully Verified;
PO1000013517;UNKNOWN;BIYU IYAS MALELA;BIYU IYAS MALELA;Not RSPO Certified;;13/01/2026;3.281.111;99.289.388;3.281111, 99.289388;IDN;Indonesia;Sumatera Utara;Batu Bara;3-Low Confidence;
PO1000013712;SOCFIN S.A.;OKOMU OIL PALM COMPANY PLC;OOPC-EXTENSION 2;RSPO Certified;RSPO Certified, MB;13/01/2026;6.673.656;5.809.642;6.673656, 5.809642;NGA;Nigeria;Edo;Uhunmwonde;3-Low Confidence;
PO1000013772;UNKNOWN;ACEITES CA;ACEITES CA;Not RSPO Certified;;13/01/2026;9.001.762;-71.982.796;9.001762, -71.982796;VEN;Venezuela;Zulia;La Cordillera;2-High Confidence;
PO1000013774;UNKNOWN;PALMAR EL QUITEBE;PALMAR EL QUITEBE;Not RSPO Certified;;13/01/2026;5.543.793;-71.980.164;5.543793, -71.980164;COL;Colombia;Casanare;Nunchía;2-High Confidence;
PO1000013776;UNKNOWN;INVERSIONES EL PALMERAL;INVERSIONES EL PALMERAL;Not RSPO Certified;;13/01/2026;9.010.133;-71.890.434;9.010133, -71.890434;VEN;Venezuela;Zulia;Santa Bárbara de Zulia;2-High Confidence;
PO1000013777;UNKNOWN;PERKEBUNAN SUMATERA UTARA (SIMPANG GAMBIR);PERKEBUNAN SUMATERA UTARA;Not RSPO Certified;;13/01/2026;0.59583;99.300.003;0.59583, 99.300003;IDN;Indonesia;Sumatera Utara;Mandailing Natal;1-Fully Verified;
PO1000013778;UNKNOWN;BALAM BERLIAN SAWIT;BALAM BERLIAN SAWIT;Not RSPO Certified;;13/01/2026;167.759;10.080.812;1.67759, 100.80812;IDN;Indonesia;Riau;Rokan Hilir;2-High Confidence;
PO1000013779;UNKNOWN;PERAWANG AGRO SEJAHTERA;PERAWANG AGRO SEJAHTERA;Not RSPO Certified;;13/01/2026;0.597472;101.621.361;0.597472, 101.621361;IDN;Indonesia;Riau;Siak;2-High Confidence;
PO1000013780;UNKNOWN;SUKSES MAJU ABADI;SUKSES MAJU ABADI;Not RSPO Certified;;13/01/2026;-1.633.277;101.694.778;-1.633277, 101.694778;IDN;Indonesia;Jambi;Bungo;3-Low Confidence;
PO1000013829;UNKNOWN;HARAPAN RIMBA RAYA;SUNGAI KEDANG;Not RSPO Certified;;13/01/2026;-0.658524;115.496.528;-0.658524, 115.496528;IDN;Indonesia;Kalimantan Barat;Kutai Barat;1-Fully Verified;
PO1000013836;UNKNOWN;FAJAR AGRO SAWIT;FAJAR AGRO SAWIT;Not RSPO Certified;;13/01/2026;3.499.857;98.306.264;3.499857, 98.306264;IDN;Indonesia;Sumatera Utara;Langkat;1-Fully Verified;
PO1000013837;KUALA LUMPUR KEPONG (KLK);KUALA LUMPUR KEPONG BHD;PT KARYA MAKMUR ABADI;RSPO Certified;RSPO Certified, MB;13/01/2026;-195.718;11.149.822;-1.95718, 111.49822;IDN;Indonesia;Kalimantan Tengah;Lamandau;2-High Confidence;
PO1000013838;UNKNOWN;MUTIARA HIJAU LESTARI;MUTIARA HIJAU LESTARI;Not RSPO Certified;;13/01/2026;-2.582.024;106.244.685;-2.582024, 106.244685;IDN;Indonesia;Bangka Tengah;Guntung;2-High Confidence;
PO1000013868;UNKNOWN;KUALA LUMPUR KEPONG BHD;PUTRA BONGAN JAYA;RSPO Certified;RSPO Certified, MB;13/01/2026;-0.66961;116.331.786;-0.66961, 116.331786;IDN;Indonesia;Kalimantan Timur;Kutai Barat;1-Fully Verified;
PO1000013886;UNKNOWN;DUA SEMERU PUTRA MANDIRI;DUA SAMARU PUTRA MANDIRI;Not RSPO Certified;;13/01/2026;-2.287.484;102.676.254;-2.287484, 102.676254;IDN;Indonesia;Jambi;Bernai;2-High Confidence;
PO1000013887;UNKNOWN;PUTERA BANGKA TANI;PUTERA BANGKA TANI;Not RSPO Certified;;13/01/2026;-2.355.277;10.620.916;-2.355277, 106.20916;IDN;Indonesia;Bangka Tengah;Belilik;2-High Confidence;
PO1000013888;UNKNOWN;KURNIA PALMA AGUNG LESTARI;KURNIA PALMA AGUNG LESTARI;Not RSPO Certified;;13/01/2026;-17.904.053;1.022.593.307;-1.7904053, 102.2593307;IDN;Indonesia;Jambi;Koto Rayo;2-High Confidence;
PO1000013889;UNKNOWN;PANCA MITRA KATINGAN;PANCA MITRA KATINGAN;Not RSPO Certified;;13/01/2026;-1.698.316;113.139.131;-1.698316, 113.139131;IDN;Indonesia;Kalimantan Tengah;Kabupaten Katingan;2-High Confidence;
PO1000013890;UNKNOWN;PALM MAS ASRI;DINAMIKA PRIMA ARTHA;Not RSPO Certified;;13/01/2026;0.665611;117.391.778;0.665611, 117.391778;IDN;Indonesia;Kalimantan Timur;Kutai Timur;2-High Confidence;
PO1000013891;UNKNOWN;TIANJIN JULONG;WAHANA PLANTATION & PRODUCTS;Not RSPO Certified;;13/01/2026;0.01184;11.155.973;0.01184, 111.55973;IDN;Indonesia;Kalimantan Barat;Sintang;2-High Confidence;
PO1000013892;UNKNOWN;OLEONORTE;OLEAGINOSAS DEL NORTE DE SANTANDER;Not RSPO Certified;;13/01/2026;8.201.426;-72.551.283;8.201426, -72.551283;COL;Colombia;Norte de Santander;El Zulia;2-High Confidence;
PO1000014117;UNKNOWN;PALMERAS DEL LLANO S.A.;PALMERAS DEL LLANO;RSPO Certified;RSPO Certified, IP, MB;13/01/2026;3.960.983;-73.627.764;3.960983, -73.627764;COL;Colombia;Meta;Acacías;2-High Confidence;
PO1000014159;UNKNOWN;KALIMANTAN SAWIT KUSUMA;MITRA SAUDARA LESTARI;Not RSPO Certified;;13/01/2026;-258.027;1.110.225;-2.58027, 111.0225;IDN;Indonesia;Kalimantan Barat;Ketapang;2-High Confidence;
PO1000014162;UNKNOWN;PARMA DARMA GLOBAL SAWIT;PARMA DARMA GLOBAL SAWIT;Not RSPO Certified;;13/01/2026;-254.139;1.204.119;-2.54139, 120.4119;IDN;Indonesia;Sulawesi Selatan;Luwu Utara;2-High Confidence;
PO1000014163;UNKNOWN;BERKAT CIPTA ABADI;BERKAT CIPTA ABADI;Not RSPO Certified;;13/01/2026;-6.856.505;140.513.542;-6.856505, 140.513542;IDN;Indonesia;Papua;Boven Digoel;2-High Confidence;
PO1000014164;UNKNOWN;PT GAWI BAHANDEP SAWIT MEKAR;GAWI BAHANDEP SAWIT MEKAR 2;Not RSPO Certified;;13/01/2026;-2.885.046;112.407.604;-2.885046, 112.407604;IDN;Indonesia;Kalimantan Tengah;Seruyan;2-High Confidence;
PO1000014165;UNKNOWN;PT PERKEBUNAN NUSANTARA XIII;PKS PUMAKAN;Not RSPO Certified;;13/01/2026;-268.677;116.203.424;-2.68677, 116.203424;IDN;Indonesia;Kalimantan Selatan;Kota Baru;2-High Confidence;
PO1000014166 ;UNKNOWN;BEWANI OIL PALM PLANTATIONS LTD;VANIMO GREEN MILL;Not RSPO Certified;;13/01/2026;-2.919.074;141.433.058;-2.919074, 141.433058;PNG;Papua New Guinea;Sanduan;Imbio;2-High Confidence;
PO1000014167;UNKNOWN;GRUPO OCHO SUR;OCHO SUR;Not RSPO Certified;;13/01/2026;-8.183.895;-74.925.502;-8.183895, -74.925502;PER;Peru;Uyacali;Nueva Requena;2-High Confidence;
PO1000014168;UNKNOWN;PT GELORA MANDIRI MEMBANGUN;PT GELORA MANDIRI MEMBANGUN;Not RSPO Certified;;13/01/2026;-0.786732;1.282.779;-0.786732, 128.2779;IDN;Indonesia;Maluku Utara;Halmahera Selatan;2-High Confidence;
PO1000014169;UNKNOWN;PT ICHIKO AGRO LESTARI;PT ICHIKO AGRO LESTARI;Not RSPO Certified;;13/01/2026;-0.503098;109.485.767;-0.503098, 109.485767;IDN;Indonesia;Kalimantan Barat;Kubu Raya;2-High Confidence;
PO1000014170;UNKNOWN;PT BUMI MAS AGRO (MP EVANS);PT BUMI MAS AGRO ;Not RSPO Certified;;13/01/2026;0.884468;118.402.621;0.884468, 118.402621;IDN;Indonesia;Kalimantan Timur;Kutai Timur;2-High Confidence;
PO1000014171;UNKNOWN;MULIA INTI PERKASA ;PT MULIA INTI PERKASA;Not RSPO Certified;;13/01/2026;2.293.189;116.908.686;2.293189, 116.908686;IDN;Indonesia;Kalimantan Timur;Berau;2-High Confidence;
PO1000014172;UNKNOWN;EXTRACTORA EL ESTERO;EXTRACTORA EL ESTERO;Not RSPO Certified;;13/01/2026;4.608.584;-72.272.122;4.608584, -72.272122;COL;Colombia;Casanare;Maní;2-High Confidence;
PO1000014173;UNKNOWN;PT. SATYA AGUNG;PKS PT. SATYA AGUNG;Not RSPO Certified;;13/01/2026;501.249;97.105.192;5.01249, 97.105192;IDN;Indonesia;Aceh;Kabupaten Aceh Utara;2-High Confidence;
PO1000014174;UNKNOWN;PT SAWIT MANDIRI LESTARI;PKS TAPIN BINI MILL;Not RSPO Certified;;13/01/2026;-1.912.948;111.211.934;-1.912948, 111.211934;IDN;Indonesia;Kalimantan Tengah;Lamandau;2-High Confidence;
PO1000014175;UNKNOWN;YUZANA COMPANY LTD ;YUZANA;Not RSPO Certified;;13/01/2026;10.410.228;98.618.752;10.410228, 98.618752;MMR;Myanmar;Khamaukgyi;Aw Gyi;2-High Confidence;
PO1000014176;UNKNOWN;NUSARAYA AGRO SAWIT;NUSARAYA AGRO SAWIT;Not RSPO Certified;;13/01/2026;1.305.592;116.907.127;1.305592, 116.907127;IDN;Indonesia;Kalimantan Timur;Kutai Timur;2-High Confidence;
PO1000014222;UNKNOWN;AIR KAMPAR;AIR KAMPAR;Not RSPO Certified;;13/01/2026;0.424139;101.183.861;0.424139, 101.183861;IDN;Indonesia;Riau;Kampar;2-High Confidence;
PO1000014223;UNKNOWN;UNKNOWN;TEGUH WIRA PRATAMA;Not RSPO Certified;;13/01/2026;-2.587.235;120.931.808;-2.587235, 120.931808;IDN;Indonesia;Sulawesi Selatan;Luwu Timur;2-High Confidence;
PO1000014224;UNKNOWN;UNKNOWN;BUMI ANUGERAH SAWIT;Not RSPO Certified;;13/01/2026;-3.368.159;101.900.176;-3.368159, 101.900176;IDN;Indonesia;Bengkulu;Bengkulu Utara;2-High Confidence;
PO1000014225;UNKNOWN;UNKNOWN;HANAU PANEN RAYA SEJAHTERA;Not RSPO Certified;;13/01/2026;-236.391;112.144.843;-2.36391, 112.144843;IDN;Indonesia;Kalimantan Tengah;Seruyan;2-High Confidence;
PO1000014226;UNKNOWN;UNKNOWN;MITRA AGRO SEMBADA;Not RSPO Certified;;13/01/2026;-2.038.089;105.897.365;-2.038089, 105.897365;IDN;Indonesia;Bangka Belitung;Bangka;2-High Confidence;
PO1000014227;UNKNOWN;UNKNOWN;PAYUNG MITRAJAYA MANDIRI;Not RSPO Certified;;13/01/2026;-191.937;10.570.951;-1.91937, 105.70951;IDN;Indonesia;Bangka Belitung;Bangka;2-High Confidence;
PO1000014228;UNKNOWN;UNKNOWN;INDEPAL;Not RSPO Certified;;13/01/2026;-8.676.107;-74.984.811;-8.676107, -74.984811;PER;Peru;Uyacali;Neshuya;2-High Confidence;
PO1000014229;UNKNOWN;TRIPUTRA AGRO;ANUGERAH AGUNG PRIMA ABADI;Not RSPO Certified;;13/01/2026;153.974;11.718.926;1.53974, 117.18926;IDN;Indonesia;Kalimantan Timur;Berau;2-High Confidence;
PO1000014230;UNKNOWN;UNKNOWN;MON JAMBEE;Not RSPO Certified;;13/01/2026;393.105;9.666.125;3.93105, 96.66125;IDN;Indonesia;Aceh;Nagan Raya;2-High Confidence;
PO1000014231;UNKNOWN;PT SUMBER HASIL PRIMA;SINTANG MILL;Not RSPO Certified;;13/01/2026;-0.297767;112.437.275;-0.297767, 112.437275;IDN;Indonesia;Kalimantan Barat;Sintang;2-High Confidence;
PO1000014232;UNKNOWN;UNKNOWN;SALAPIAN INDO SAWIT;Not RSPO Certified;;13/01/2026;345.949;9.831.296;3.45949, 98.31296;IDN;Indonesia;Sumatera Utara;Langkat;2-High Confidence;
PO1000014233;UNKNOWN;UNKNOWN;BANGKA AGRO MANDIRI;Not RSPO Certified;;13/01/2026;-2.346.399;106.105.574;-2.346399, 106.105574;IDN;Indonesia;Bangka Tengah;Puput;2-High Confidence;
PO1000014234;UNKNOWN;UNKNOWN;BUMI TATA LESTARI;Not RSPO Certified;;13/01/2026;0.792333;110.708.694;0.792333, 110.708694;IDN;Indonesia;Kalimantan Barat;Sanggau;2-High Confidence;
PO1000014235;UNKNOWN;UNKNOWN;KARYASUKSES UTAMAPRIMA (SERET AYON);Not RSPO Certified;;13/01/2026;1.038.055;10.930.805;1.038055, 109.30805;IDN;Indonesia;Kalimantan Barat;Bengkayang;2-High Confidence;
PO1000014236;UNKNOWN;UNKNOWN;NUNUKAN BARA SUKSES;Not RSPO Certified;;13/01/2026;3.999.341;116.818.786;3.999341, 116.818786;IDN;Indonesia;Kalimantan Timur;Nunukan;2-High Confidence;
PO1000014237;UNKNOWN;UNKNOWN;FENYEN AGRO LESTARI;Not RSPO Certified;;13/01/2026;-1.808.549;105.976.557;3.999341, 116.818787;IDN;Indonesia;Bangka Belitung;Bangka;2-High Confidence;
PO1000014289;UNKNOWN;UNKNOWN;BUGAK PALMA SEJAHTERA;Not RSPO Certified;;13/01/2026;4.893.758;97.565.706;4.893758, 97.565706;IDN;Indonesia;Aceh;Aceh Timur;1-Fully verified;
PO1000014290;UNKNOWN;UNKNOWN;SEURAMOE AGRO PERSADA;Not RSPO Certified;;13/01/2026;49.406;974.088;4.9406, 97.4088;IDN;Indonesia;Aceh;Kabupaten Aceh Utara;1-Fully verified;
PO1000014292;UNKNOWN;UNKNOWN;MUSTIKA AGUNG SENTOSA;Not RSPO Certified;;13/01/2026;-0.50002;1.103.581;-0.50002, 110.3581;IDN;Indonesia;Kalimantan Barat;Ketapang;1-Fully verified;
PO1000014293;UNKNOWN;UNKNOWN;PT. INTI INDOSAWIT SUBUR;Not RSPO Certified;;13/01/2026;0.026159;102.120.757;0.026159, 102.120757;IDN;Indonesia;Riau;Pelalawan;2-High Confidence;
PO1000014294;UNKNOWN;UNKNOWN;INTI MITRA SAWIT LESTARI;Not RSPO Certified;;13/01/2026;4.056;981.282;4.056, 98.1282;IDN;Indonesia;Sumatera Utara;Langkat;2-High Confidence;
PO1000014589;UNKNOWN;UNKNOWN;CAHAYA AGRO SAWITA SEJAHTERA;Not RSPO Certified;;13/01/2026;405.198;98.133.998;4.05198, 98.133998;IDN;Indonesia;Sumatera Utara;Langkat;2-High Confidence;
PO1000014590;UNKNOWN;UNKNOWN;ANDERSON UNEDO;Not RSPO Certified;;13/01/2026;0.664591;101.082.305;0.664591, 101.082305;IDN;Indonesia;Riau;Kampar;1-Fully verified;
PO1000014591;UNKNOWN;UNKNOWN;GELUMBANG AGRO SENTOSA;Not RSPO Certified;;13/01/2026;-322.848;104.467.158;-3.22848, 104.467158;IDN;Indonesia;Sumatera Selatan;Muara Enim;1-Fully verified;
PO1000014618;UNKNOWN;PT. DHARMA SATYA NUSANTARA ;PT DHARMA INTISAWTI NUGRAHA (PKS11);RSPO Certified;RSPO Certified, IP;13/01/2026;1.255.724;116.882.224;1.255724, 116.882224;IDN;Indonesia;Kalimantan Timur;Kutai Timur;2-High Confidence;
PO1000014620;UNKNOWN;UNKNOWN;MITRA UTAMA BINTANG;Not RSPO Certified;;13/01/2026;1.290.265;109.386.012;1.290265, 109.386012;IDN;Indonesia;Kalimantan Barat;Sambas;1-Fully verified;
PO1000014622;UNKNOWN;UNKNOWN;PERSADA KARYA SAWIT;Not RSPO Certified;;13/01/2026;-0.320122;116.683.201;-0.320122, 116.683201;IDN;Indonesia;Kalimantan Timur;Kutai Kartanegara;1-Fully verified;
PO1000014623;UNKNOWN;UNKNOWN;KARYA SAMO MAS;Not RSPO Certified;;13/01/2026;0.79277;10.047.295;0.79277, 100.47295;IDN;Indonesia;Riau;Kabupaten Rokan Hulu;2-High Confidence;
PO1000014624;UNKNOWN;UNKNOWN;SIANIPAR INTEGRITAS AGRINDO;Not RSPO Certified;;13/01/2026;15.385;10.043.408;1.5385, 100.43408;IDN;Indonesia;Riau;Kabupaten Rokan Hilir;2-High Confidence;
PO1000014625;UNKNOWN;UNKNOWN;RIAU ANUGERAH SENTOSA;Not RSPO Certified;;13/01/2026;1.082.892;100.817.614;1.082892, 100.817614;IDN;Indonesia;Riau;Rokan Hulu;2-High Confidence;
PO1000014634;UNKNOWN;MANO PALM OIL INDUSTRIES;MANO PALM OIL MILL;;;;;;;;;;;;
;Not RSPO Certified;;13/01/2026;673.957;-10.992.223;673.957;" -10.992223""";LBR;Liberia;Grand Cape Mount;Garwula;1-Fully Verified;;;
PO1000014636;UNKNOWN;ALAM GROUP;PT ANUGERAH LANGKAT MAKMUR 2;Not RSPO Certified;;13/01/2026;1.007.015;99.018.304;1.007015, 99.018304;IDN;Indonesia;Sumatera Utara;Mandailing Natal;1-Fully Verified;
PO1000014637;UNKNOWN;MITRA JAYA GROUP;SUMBER SAWIT MITRAJAYA;Not RSPO Certified;;13/01/2026;-0.206745;115.985.178;-0.206745, 115.985178;IDN;Indonesia;Kalimantan Timur;Sebelang;1-Fully Verified;
PO1000014638;UNKNOWN;GOLDEN VEROLEUM INC (GVL);GOLDEN SIFCA PALM;Not RSPO Certified;;13/01/2026;453.707;-7.725.104;4.53707, -7.725104;LBR;Liberia;Sodokeh;Plebo;1-Fully Verified;
PO1000014639;UNKNOWN;UNION SAMPOERNA TRIPUTRA PERSADA (USTP);HARAPAN HIBRIDA KALBAR;Not RSPO Certified;;13/01/2026;-2.527.481;111.112.432;-2.527481, 111.112432;IDN;Indonesia;Kalimantan Barat;Sukamara;1-Fully Verified;
PO1000014640;UNKNOWN;DHARMA SATYA NUSANTARA (DSN);PILAR WANAPERSADA;Not RSPO Certified;;13/01/2026;-2.012.894;111.374.547;-2.012894, 111.374547;IDN;Indonesia;Kalimantan Tengah;Lamandau;1-Fully Verified;
PO1000014641;UNKNOWN;KORINDO;DONGIN PRABHAWA;Not RSPO Certified;;13/01/2026;-7.387.025;139.732.488;-7.387025, 139.732488;IDN;Indonesia;Papua;Mappi;1-Fully Verified;
PO1000014803;AGROPALMA;AGROPALMA;AGROPAR;Not RSPO Certified;;13/01/2026;-25.264.194;-487.966.833;-2.5264194, -48.7966833;BRA;Brazil;Pará;Tailândia;1-Fully Verified;
PO1000014950;UNKNOWN;BETAMI;BETAMI;Not RSPO Certified;;13/01/2026;4.285.444;980.985;4.285444, 98.0985;IDN;Indonesia;Aceh;Kabupaten Aceh Tamiang;2-High Confidence;
PO1000014951;UNKNOWN;HATONDUHAN DEARMA SAWITA;HATONDUHAN DEARMA SAWITA;Not RSPO Certified;;13/01/2026;28.065;99.193.944;2.8065, 99.193944;IDN;Indonesia;Sumatera Utara;Simalungun;3-Low Confidence;
PO1000014952;UNKNOWN;SINTONG ABADI;SIRATA RATA ALAS TONGA;Not RSPO Certified;;13/01/2026;226.666;99.624.233;2.26666, 99.624233;IDN;Indonesia;Sumatera Utara;Labuhanbatu Utara;2-High Confidence;
PO1000014953;UNKNOWN;KARYA PANEN TERUS;KARYA PANEN TERUS;Not RSPO Certified;;13/01/2026;-0.01252;10.236.114;-0.01252, 102.36114;IDN;Indonesia;Riau;Pelalawan;2-High Confidence;
PO1000014954;UNKNOWN;MITRA PATI MAS;ASIA ARTHA PERKASA;Not RSPO Certified;;13/01/2026;-485.765;10.542.181;-4.85765, 105.42181;IDN;Indonesia;Lampung;Lampung Tengah;1-Fully Verified;
PO1000014955;UNKNOWN;ACEH TRUMON ANUGERAH KITA;ACEH TRUMON ANUGERAH KITA;Not RSPO Certified;;13/01/2026;2.859.444;97.789.167;2.859444, 97.789167;IDN;Indonesia;Aceh;Kabupaten Aceh ;2-High Confidence;
PO1000014956;UNKNOWN;PALMA SUMBER LESTARI;PALMA SUMBER LESTARI;Not RSPO Certified;;13/01/2026;-1.584.263;11.935.971;-1.584263, 119.35971;IDN;Indonesia;Sulawesi Barat;Pasangkayu;1-Fully Verified;
PO1000014957;UNKNOWN;BRAU AGRO ASIA;BRAU AGRO ASIA;Not RSPO Certified;;13/01/2026;212.018;11.709.121;2.12018, 117.09121;IDN;Indonesia;Kalimantan Timur;Berau Regency;2-High Confidence;
PO1000014958;UNKNOWN;SAWIT NUSANTARA INDONESIA;SAWIT NUSANTARA INDONESIA;Not RSPO Certified;;13/01/2026;-3.463.481;103.051.864;-3.463481, 103.051864;IDN;Indonesia;Sumatera Selatan;Empat Lawang;2-High Confidence;
PO1000014959;UNKNOWN;SUKSES INTI PALMA;SUKSES INTI PALMA;Not RSPO Certified;;13/01/2026;-1.889.034;103.513.995;-1.889034, 103.513995;IDN;Indonesia;Jambi;Muaro Jambi;2-High Confidence;
PO1000015133;UNKNOWN;PROLADE;PROLADE COMERCIALIZADORA S.A. DE CV;RSPO Certified;RSPO Certified, IP;13/01/2026;17.759.897;-93.651.533;17.759897, -93.651533;MEX;Mexico;Tabasco;Huimanguillo;2-High Confidence;
PO1000015291;UNKNOWN;GENK AGRO MAS;KENCANA AGRO SEJAHTERA;Not RSPO Certified;;13/01/2026;137.624;10.032.692;1.37624, 100.32692;IDN;Indonesia;Riau;Rokan Hulu;2-High Confidence;
PO1000015292;UNKNOWN;PUSAKAMEGAH BUMINUSANTARA (PRB)PUSAKAMEGAH;BARU (PRB);Not RSPO Certified;;13/01/2026;0.40851;101.767.007;0.40851, 101.767007;IDN;Indonesia;Riau;Pelalawan;2-High Confidence;
PO1000015293;UNKNOWN;SINAR JAYA AGRO INVESTAMA;UTAMA AGRINDO MAS;Not RSPO Certified;;13/01/2026;-3.972.694;122.275.583;-3.972694, 122.275583;IDN;Indonesia;Konawe Selatan;Pondidaha;2-High Confidence;
PO1000015294;UNKNOWN;TANI PRIMA MAKMUR;TANI PRIMA MAKMUR;Not RSPO Certified;;13/01/2026;-3.764.794;122.070.314;-3.764794, 122.070314;IDN;Indonesia;Konawe Selatan;Anggaberi;2-High Confidence;
PO1000015295;UNKNOWN;AGRINDO SAWIT PERKASA;AGRINDO SAWIT PERKASA;Not RSPO Certified;;13/01/2026;181.029;100.151.174;1.810290465, 100.1511744;IDN;Indonesia;Sumatera Utara;Labuhanbatu Selatan;2-High Confidence;
PO1000015296;UNKNOWN;PT. MENARA SENTRA REJEKI (MSR);PT. MENARA SENTRA REJEKI (MSR);Not RSPO Certified;;13/01/2026;-2.001.976;103.683.464;-2.001976124, 103.683464;IDN;Indonesia;Sumatera Selatan;Musi Banyuasin;2-High Confidence;
PO1000015297;UNKNOWN;PT BANYUASIN SAWIT LESTARI;BANYUASIN SAWIT LESTARI;Not RSPO Certified;;13/01/2026;-2.596.944;104.366.611;-2.596944, 104.366611;IDN;Indonesia;Sumatera Selatan;Banyuasin;2-High Confidence;
PO1000015298;UNKNOWN;BUMI TAMIANG SENTOSA;BUMI TAMIANG SENTOSA;Not RSPO Certified;;13/01/2026;41.529;979.729;4.1529, 97.9729;IDN;Indonesia;Aceh;Kabupaten Aceh;2-High Confidence;
PO1000015299;UNKNOWN;MENTARI SAWIT MAKMUR;MENTARI SAWIT MAKMUR;Not RSPO Certified;;13/01/2026;-26.143;1.063.352;-2.6143, 106.3352;IDN;Indonesia;Bangka Belitung;Ranggas;2-High Confidence;
PO1000015300;UNKNOWN;BATU GUNUNG MULIA PUTRA AGRO;BATU GUNUNG MULIA PUTRA AGRO;Not RSPO Certified;;13/01/2026;-39.028;1.148.419;-3.9028, 114.8419;IDN;Indonesia;Kalimantan Selatan;Tanah Laut;2-High Confidence;
PO1000015586;UNKNOWN;PALM MAS ASRI              ;MERBAU JAYA INDAH RAYA;Not RSPO Certified;;13/01/2026;-43.362;12.244.004;-4.3362, 122.44004;IDN;Indonesia;Sulawesi Tenggara;Konawe Selatan;2-High Confidence;
PO1000015587;UNKNOWN;KAMPAR ALAM MAS INTI;KAMPAR ALAM MAS INTI;Not RSPO Certified;;13/01/2026;0.566175;1.011.696;0.566175, 101.1696;IDN;Indonesia;Riau;Kampar;2-High Confidence;
PO1000015735;UNKNOWN;SUKSOMBOON VEGETABLE OIL COMPANY LTD;SUKSOMBOON PALM OIL COMPANY LIMITED (BRANCH 7);Not RSPO Certified;;13/01/2026;9.090.392;98.446.545;9.090392, 98.446545;THA;Thailand;Phangnga;Khura Buri;2-High Confidence;
PO1000015778;UNKNOWN;GOLDEN VEROLEUM LIBERIA (GVL);TARJUOWON;Not RSPO Certified;;13/01/2026;5.435.035;-9.006.121;5.435035, -9.006121;LBR;Liberia ;Sinoe;Kulu Saw Boe;1-Fully Verified;
PO1000015788;UNKNOWN;SRIJAROEN PALM OIL CO.,LTD;SRIJAROEN PALM OIL CO.,LTD. 2;Not RSPO Certified;;13/01/2026;1.019.119;9.909.765;10.19119, 99.09765;THA;Thailand;Chumphon;Sawi;1-Fully Verified;
PO1000015839;PT. SAWIT SUMBERMAS SARANA;PT. MENTENG KENCANA MAS;KANAMIT;RSPO Certified;RSPO Certified, IP, MB;13/01/2026;-2.949.444;114.182.011;-2.949444, 114.182011;IDN;Indonesia;Kalimantan Tengah;Kabupaten Pulang Pisau;2-High Confidence;
PO1000015868;UNKNOWN;GUNUNG ANDALAN SUKSES;GUNUNG ANDALAN SUKSES;Not RSPO Certified;;13/01/2026;-4.591.072;121.503.171;-4.591072, 121.503171;IDN;Indonesia;Bombana;Poleang Barat;2-High Confidence;
PO1000015869;UNKNOWN;INDAH SUBUR SAWIT;INDAH SUBUR SAWIT;Not RSPO Certified;;13/01/2026;0.528333;109.368.422;0.528333, 109.368422;IDN;Indonesia;Kalimantan Barat;Landak;2-High Confidence;
PO1000015870;UNKNOWN;PULO PADANG SAWIT PERMAI;PULO PADANG SAWIT PERMAI;Not RSPO Certified;;13/01/2026;2.134.261;99.857.178;2.134261, 99.857178;IDN;Indonesia;Sumatera Utara;Labuhanbatu;2-High Confidence;
PO1000015871;UNKNOWN;SAWIT MAKMUR PERKASA;SAWIT MAKMUR PERKASA;Not RSPO Certified;;13/01/2026;-0.711806;101.325.111;-0.711806, 101.325111;IDN;Indonesia;Sumatera Barat;Sijunjung;2-High Confidence;
PO1000015872;UNKNOWN;TARI AGRO NABATI;TARI AGRO NABATI;Not RSPO Certified;;13/01/2026;2.396.944;9.969.528;2.396944, 99.69528;IDN;Indonesia;Sumatera Utara;Labuhanbatu Utara;2-High Confidence;
PO1000015873;UNKNOWN;INDUCARIBE;INDUCARIBE S.A.;Not RSPO Certified;;13/01/2026;12.373.939;-84.170.087;12.373939, -84.170087;NIC;Nicaragua;Atlántico Sur;Fruta de Pan;2-High Confidence;
PO1000015874;UNKNOWN;SRI ULINA ERSADA KARINA;SRI ULINA ERSADA KARINA;Not RSPO Certified;;13/01/2026;13.229;101.069.111;1.3229, 101.069111;IDN;Indonesia;Riau;Bengkalis;3-Low Confidence;
PO1000015875;UNKNOWN;ERASAKTI WIRAFORESTAMA;ERASAKTI WIRAFORESTAMA 4;Not RSPO Certified;;13/01/2026;-1.529.192;103.639.357;-1.529192, 103.639357;IDN;Indonesia;Jambi;Muaro Jambi;2-High Confidence;
PO1000015876;UNKNOWN;SAWIT SUMATERA PERKASA CV;SAWIT SUMATERA PERKASA CV;Not RSPO Certified;;13/01/2026;25.909.806;99.678.522;2.5909806, 99.678522;IDN;Indonesia;Sumatera Utara;Asahan;2-High Confidence;
PO1000015878;UNKNOWN;SURYA INTI PALMOIL;SURYA INTI PALMOIL;Not RSPO Certified;;13/01/2026;-24.655.556;112.036.111;-2.4655556, 112.036111;IDN;Indonesia;Kalimantan Tengah;Kotawaringin Barat;2-High Confidence;
PO1000016183;UNKNOWN;KELANTAN SAKTI 2;KELANTAN SAKTI 2;Not RSPO Certified;;13/01/2026;-4.017.384;10.507.649;-4.017384, 105.07649;IDN;Indonesia;Sumatera Selatan;Ogan Komering Ilir;2-High Confidence;
PO1000016184;UNKNOWN;SUMATERA PALMA ANDALAN;SUMATERA PALMA ANDALAN;Not RSPO Certified;;13/01/2026;-2.900.181;103.305.962;-2.900181, 103.305962;IDN;Indonesia;Sumatera Selatan;Musi Rawas;2-High Confidence;
PO1000016373;AGRI SINAR KENCANA;AGRI SINAR KENCANA;AGRI SINAR KENCANA;Not RSPO Certified;;13/01/2026;3.660.137;98.578.013;3.660137, 98.578013;IDN;Indonesia;Sumatera Utara;Sunggal;2-High Confidence;
PO1000016374;UNGGUL WIDYA TEKNOLOGI LESTARI;WIDYA CORPORATION;AGRIBARAS;Not RSPO Certified;;13/01/2026;-1.521.444;119.433.356;-1.521444, 119.433356;IDN;Indonesia;Sulawesi Barat;Pasangkayu;2-High Confidence;
PO1000016375;BORNEO CITRA PERSADA JAYA;BORNEO CITRA PERSADA JAYA;BORNEO CITRA PERSADA JAYA;Not RSPO Certified;;13/01/2026;-0.891669;115.796.362;-0.891669, 115.796362;IDN;Indonesia;Kalimantan Timur;Bentian Besar;2-High Confidence;
PO1000016376;CITRA SAWIT INDAH LESTARI;CITRA SAWIT INDAH LESTARI;CITRA SAWIT INDAH LESTARI;Not RSPO Certified;;13/01/2026;285.573;9.990.856;2.85573, 99.90856;IDN;Indonesia;Sumatera Utara;Sei Kepayang;2-High Confidence;
PO1000016377;EVAN LESTARI;EVAN LESTARI;KENANGA MILL;Not RSPO Certified;;13/01/2026;-3.215.919;103.055.115;-3.215919, 103.055115;IDN;Indonesia;Sumatera Selatan;Musi Rawas;2-High Confidence;
PO1000016378;MAKIN MAJU;MAKIN MAJU;MAKIN MAJU;Not RSPO Certified;;13/01/2026;3.806.364;98.369.415;3.806364, 98.369415;IDN;Indonesia;Sumatera Utara;Padang Tualang;2-High Confidence;
PO1000016379;PALMA LESTARI JAYA;PALMA LESTARI JAYA;PALMA LESTARI JAYA;Not RSPO Certified;;13/01/2026;1.087.639;121.350.083;1.087639, 121.350083;IDN;Indonesia;Sulawesi Tengah;Buol;2-High Confidence;
PO1000016380;PELANTARAN SAWIT PERKASA;PELANTARAN SAWIT PERKASA;PELANTARAN SAWIT PERKASA;Not RSPO Certified;;13/01/2026;-201.502;11.303.055;-2.01502, 113.03055;IDN;Indonesia;Kalimantan Tengah;Bukit Batu;2-High Confidence;
PO1000016381;PT. MAKMUR PALMA LESTARI (MPL);PT. MAKMUR PALMA LESTARI;PT. MAKMUR PALMA LESTARI (MPL);Not RSPO Certified;;13/01/2026;0.673552;100.857.095;0.673552, 100.857095;IDN;Indonesia;Kalimantan Timur;Kutai Kartanegara;2-High Confidence;
PO1000016382;SENTOSA AGRI PRIMA;SENTOSA AGRI PRIMA;SENTOSA AGRI PRIMA;Not RSPO Certified;;13/01/2026;-3.557.745;105.259.734;-3.557745, 105.259734;IDN;Indonesia;Sumatera Selatan;Kayu Labu;2-High Confidence;
PO1000016383;SRI AMAN RESOURCES SDN BHD;SRI AMAN RESOURCES SDN BHD;SRI AMAN PALM OIL MILL SDN BHD;Not RSPO Certified;;13/01/2026;116.036;11.160.347;1.16036, 111.60347;MYS;Malaysia;Sarawak;Engkilili;2-High Confidence;
PO1000016384;NSUKWA OIL PALM ESTATE LIMITED;IMC PLANTATIONS LIMITED;NSUKWA;Not RSPO Certified;;13/01/2026;6.015.917;6.411.891;6.015917, 6.411891;NGA;Nigeria;Delta;Nsukwa;2-High Confidence;
PO1000016385;INDUSTRIAS DEL TULUMAYO;PALMAS DEL ESPINO;EXTRACTORA TULUMAYO;Not RSPO Certified;;13/01/2026;-8.559.599;-74.888.072;-8.559599, -74.888072;PER;Peru;Ucayali;Campamento Neshuya;2-High Confidence;
PO1000016386;A.C. GARCIA PALM OIL MILL CORP.;A.C. GARCIA PALM OIL MILL CORP.;A.C. GARCIA PALM OIL MILL CORP.;Not RSPO Certified;;13/01/2026;666.327;124.643;6.66327, 124.643;PHL;Philippines;Sultan Kudarat;Baras;2-High Confidence;
PO1000016387;PPP GREEN COMPLEX CO.,LTD.;PPP GREEN COMPLEX CO.,LTD.;PPP GREEN COMPLEX MILL;Not RSPO Certified;;13/01/2026;11.049.595;99.375.906;11.049595, 99.375906;THA;Thailand;Prachuap Khiri Khan;Chang Raek;2-High Confidence;
PO1000016533;UNKNOWN;UNKNOWN;BINA AGRO TANI;Not RSPO Certified;;13/01/2026;-2.806.775;107.805.153;-2.806775, 107.805153;IDN;Indonesia;Bangka Belitung;Badau;2-High Confidence;
PO1000016534;UNKNOWN;UNKNOWN;JALIN VANEO;Not RSPO Certified;;13/01/2026;-0.992703;110.182.225;-0.992703, 110.182225;IDN;Indonesia;Kalimantan Barat;Kayong Utara;2-High Confidence;
PO1000016535;UNKNOWN;UNKNOWN;KEDAP SAYAAQ DUA;Not RSPO Certified;;13/01/2026;-0.25325;11.597.688;-0.25325, 115.97688;IDN;Indonesia;Kalimantan Timur;Sebelang;2-High Confidence;
PO1000016536;UNKNOWN;UNKNOWN;LOKA INDAH LESTARI;Not RSPO Certified;;13/01/2026;0.742599;1.212.861;0.742599, 121.2861;IDN;Indonesia;Gorontalo;Popayato Barat;2-High Confidence;
PO1000016537;UNKNOWN;UNKNOWN;MANDIRI PALMERA AGRINDO;Not RSPO Certified;;13/01/2026;-2.518.833;12.076.111;-2.518833, 120.76111;IDN;Indonesia;Sulawesi Selatan;Luwu Timur;2-High Confidence;
PO1000016538;UNKNOWN;UNKNOWN;PERMATA TIMUR LESTARI;Not RSPO Certified;;13/01/2026;-1.957.679;11.310.136;-1.957679, 113.10136;IDN;Indonesia;Kalimantan Tengah;Kotawaringin Timur;2-High Confidence;
PO1000016539;UNKNOWN;UNKNOWN;SAMIRA MAKMUR SEJAHTERA;Not RSPO Certified;;13/01/2026;37.681.719;96.732.178;3.7681719, 96.732178;IDN;Indonesia;Aceh; Aceh Barat Daya;2-High Confidence;
PO1000016540;UNKNOWN;UNKNOWN;UNITED TEAMTRADE SDN BHD;Not RSPO Certified;;13/01/2026;0.9380099;110.794.078;0.9380099, 110.794078;MYS;Malaysia;Sarawak;Serian;2-High Confidence;
PO1000016675;UNKNOWN;SOLATAM, S.A.;BENEFICIO ALTAGRACIA;Not RSPO Certified;;13/01/2026;15.710.278;-89.068.389;15.710278, -89.068389;GTM;Guatemala;Livingston;La Libertad;2-High Confidence;
PO1000016676;PT CISADANE SAWIT RAYA (CSR);PT. SAMUKTI KARYA LESTARI;PT. SAMUKTI KARYA LESTARI;Not RSPO Certified;;13/01/2026;1.372.091;98.928.142;1.372091, 98.928142;IDN;Indonesia;Sumatera Utara;Tapanuli Selatan;1-Fully Verified;
PO1000016677;UNKNOWN;ANUGERAH TANJUNG MEDAN;KAMPARINDO AGRO INDUSTRI II;Not RSPO Certified;;13/01/2026;-0.751893;101.729.167;-0.751893, 101.729167;IDN;Indonesia;Riau;Kuantan Singingi;2-High Confidence;
PO1000016678;UNKNOWN;SAWITTA JAYA LAU PAKAM;SAWITTA JAYA SEJAHTERA;Not RSPO Certified;;13/01/2026;2.794.611;99.217.111;2.794611, 99.217111;IDN;Indonesia;Sumatera Utara;Simalungun;2-High Confidence;
PO1000016822;UNKNOWN;MARBORGES AGROINDUSTRIA SA;MARTINS BORGES AGROINDÚSTRIA;Not RSPO Certified;;13/01/2026;-19.602;-47.022.789;-1.960200, -47.022789;BRA;Brazil;Pará;Garrafão do Norte;2-High Confidence;
PO1000016958;UNKNOWN;ENSEM SAWITA;ENSEM SAWITA (MUSI RAWAS);Not RSPO Certified;;13/01/2026;-287.277;10.329.668;-2.87277, 103.29668;IDN;Indonesia;Sumatera Selatan;Musi Rawas;2-High Confidence;
PO1000016959;UNKNOWN;GUNAS;BINTARA TANI NUSANTARA (SINTANG);Not RSPO Certified;;13/01/2026;-0.13552;11.194.668;-0.13552, 111.94668;IDN;Indonesia;Kalimantan Barat;Sintang;2-High Confidence;
PO1000016960;UNKNOWN;GUNAS;SUMATERA JAYA AGRO LESTARI (TAYAN);Not RSPO Certified;;13/01/2026;-0.086995;109.966.064;-0.086995, 109.966064;IDN;Indonesia;Kalimantan Barat;Sanggau;2-High Confidence;
PO1000016961;UNKNOWN;KURNIA PRIMA NASTARI;KARYA AGUNG MEGAH UTAMA;Not RSPO Certified;;13/01/2026;-0.257073;99.976.288;-0.257073, 99.976288;IDN;Indonesia;Sumatera Barat;Agam;2-High Confidence;
PO1000016962;UNKNOWN;MUTIARA AGRO SEJAHTERA;MUTIARA AGRO SEJAHTERA;Not RSPO Certified;;13/01/2026;-1.925.783;10.574.657;-1.925783, 105.74657;IDN;Indonesia;Bangka Belitung;Bangka;2-High Confidence;
PO1000016963;UNKNOWN;RIZTIA KARYA MANDIRI;RIZTIA KARYA MANDIRI;Not RSPO Certified;;13/01/2026;2.445.077;98.059.689;2.445077, 98.059689;IDN;Indonesia;Aceh ;Aceh Singkil;2-High Confidence;
PO1000016964;UNKNOWN;SAHABAT SAWIT ROKAN SEJAHTERA;SAHABAT SAWIT ROKAN SEJAHTERA;Not RSPO Certified;;13/01/2026;1.368.061;100.520.044;1.368061, 100.520044;IDN;Indonesia;Riau;Rokar Hilir;2-High Confidence;
PO1000016965;UNKNOWN;SAWITTA JAYA LAU PAKAM;CIPTA SAWITTA JAYA CEMERLANG;Not RSPO Certified;;13/01/2026;3.201.953;99.061.505;3.201953, 99.061505;IDN;Indonesia;Sumatera Utara;Serdang Bedagai;2-High Confidence;
PO1000016966;UNKNOWN;SIN TEK HUAT;AGRINDO PANCA TUNGGAL PERKASA;Not RSPO Certified;;13/01/2026; -2.367572; 102.791319; -2.367572,  102.791319;IDN;Indonesia;Jambi;Sarolangun;2-High Confidence;
PO1000016967;UNKNOWN;SRIWIJAYA HIJAU LESTARI;BUANA SRIWIJAYA SEJAHTERA;Not RSPO Certified;;13/01/2026;-2.537.381;103.032.985;-2.537381, 103.032985;IDN;Indonesia;Sumatera Selatan;Musi Rawas;2-High Confidence;
PO1000016968;UNKNOWN;LAMBANG AGRO PLANTATION;BINTANG PERMATA KHATULISTIWA;Not RSPO Certified;;13/01/2026;-0.38875;112.154.667;-0.38875, 112.154667;IDN;Indonesia;Kalimantan Barat;Melawi;2-High Confidence;
PO1000016969;UNKNOWN;KURNIA MERANGIN BERJAYA;KURNIA MERANGIN BERJAYA;Not RSPO Certified;;13/01/2026;-2.182.531;102.472.112;-2.182531, 102.472112;IDN;Indonesia;Jambi;Merangin;2-High Confidence;
PO1000016970;UNKNOWN;DALANTA MARSADA SUKSES;DALANTA MARSADA SUKSES;Not RSPO Certified;;13/01/2026;2.124.278;9.829.224;2.124278, 98.29224;IDN;Indonesia;Sumatera Utara;Tapanuli Tengah;2-High Confidence;
PO1000016971;UNKNOWN;REJEKI ABADI SAMBOSAR;REJEKI ABADI SAMBOSAR;Not RSPO Certified;;13/01/2026;3.133.699;98.971.027;3.133699, 98.971027;IDN;Indonesia;Sumatera Utara;Simalungun;2-High Confidence;
PO1000016972;UNKNOWN;SEMUNAI SAWIT PERKASA;SEMUNAI SAWIT PERKASA 2;Not RSPO Certified;;13/01/2026;1.061.111;101.277.778;1.061111, 101.277778;IDN;Indonesia;Riau;Bengkalis;2-High Confidence;
PO1000017030;UNKNOWN;PT. BIO INTI AGRINDO;PT. BIO INTI AGRINDO PKS 3 ;RSPO Certified;RSPO Certified, IP;13/01/2026;-7.047.296;140.883.627;-7.047296, 140.883627 ;IDN;Indonesia;Papua;Merauke;2-High Confidence;
PO1000017058;UNKNOWN;PT. MULTIMAS NABATI ASAHAN;KUALA TANJUNG;Not RSPO Certified;;13/01/2026;336.957;9.944.142;3.36957, 99.44142;IDN;Indonesia;Sumatera Utara;Batu Bara;2-High Confidence;
PO1000017059;UNKNOWN;UNKOWN;VILA NOVA AGROINDUSTRIAL;Not RSPO Certified;;13/01/2026;-2.853.721;-48.234.704;-2.853721, -48.234704;BRA;Brazil;Pará;Tomé-Açu;2-High Confidence;
PO1000017060;UNKNOWN;JULIPRIMA KENTJANA;JULIPRIMA KENTJANA;Not RSPO Certified;;13/01/2026;44.326;959.168;4.4326, 95.9168;IDN;Indonesia;Aceh;Aceh Jaya;2-High Confidence;
PO1000017061;UNKNOWN;PT PRIMA JAYA LESTARI UTAMA;PT PRIMA JAYA LESTARI UTAMA;Not RSPO Certified;;13/01/2026;2.312.078;99.742.071;2.312078, 99.742071;IDN;Indonesia;Sumatera Utara;Labuhanbatu Utara;2-High Confidence;
PO1000017062;UNKNOWN;AGRO BORNEO MAS;AGRO BORNEO MAS;Not RSPO Certified;;13/01/2026;-23.711;1.124.354;-2.3711, 112.4354;IDN;Indonesia;Kalimantan Tengah;Kotawaringin Timur;2-High Confidence;
PO1000017063;UNKNOWN;MITRA MURATARA SEJAHTERA;MITRA MURATARA SEJAHTERA;Not RSPO Certified;;13/01/2026;-29.213.889;1.027.702.778;-2.9213889, 102.7702778;IDN;Indonesia;Sumatera Selatan;Musi Rawas;2-High Confidence;
PO1000017064;UNKNOWN;KASPARI AGRO SENTOSA;KASPARI AGRO SENTOSA;Not RSPO Certified;;13/01/2026;-17.849;1.034.891;-1.7849, 103.4891;IDN;Indonesia;Jambi ;Muaro Jambi;2-High Confidence;
PO1000017065;UNKNOWN;SURYA LESTARI USAHA MANDIRI;SURYA LESTARI USAHA MANDIRI;Not RSPO Certified;;13/01/2026;-21.795;1.028.216;-2.1795, 102.8216;IDN;Indonesia;Jambi ;Sarolangun;2-High Confidence;
PO1000017066;UNKNOWN;AGRISENTRA LESTARI;AGRISENTRA LESTARI;Not RSPO Certified;;13/01/2026;0.0234;1.101.051;0.0234, 110.1051;IDN;Indonesia;Kalimantan Barat;Sanggau;2-High Confidence;
PO1000017067;UNKNOWN;BUMI AGRO PRIMA;BUMI AGRO PRIMA;Not RSPO Certified;;13/01/2026;-14.769;1.139.418;-1.4769, 113.9418;IDN;Indonesia;Kalimantan Tengah;Gunung;2-High Confidence;
PO1000017156;UNKNOWN;SAWIT MAS MAKMUR;SAWIT MAS MAKMUR;Not RSPO Certified;;13/01/2026;33.525;992.378;3.3525, 99.2378;IDN;Indonesia;Sumatera Utara;Serdang Bedagai;2-High Confidence;
PO1000017395;UNKNOWN;BANGKAL;BANGKAL;Not RSPO Certified;;13/01/2026;-2.534.361;112.481.083;-2.534361, 112.481083;IDN;Indonesia;Kalimantan Tengah;Kabupaten Kotawaringin Timur;2-High Confidence;
PO1000017396;UNKNOWN;KARYA ALAM PERDANA;KARYA ALAM PERDANA;Not RSPO Certified;;13/01/2026;-4.299.598;1.221.164;-4.299598, 122.1164;IDN;Indonesia;Sulawesi Tenggara;Benua;2-High Confidence;
PO1000017397;UNKNOWN;KUTAI SAWIT MANDIRI;KUTAI SAWIT MANDIRI;Not RSPO Certified;;13/01/2026;130.093;117.067.495;1.30093, 117.067495;IDN;Indonesia;Kalimantan Timur;Kabupaten Kutai;2-High Confidence;
PO1000017398;UNKNOWN;MADINRA INTI SAWIT;MADINRA INTI SAWIT;Not RSPO Certified;;13/01/2026;-4.284.861;121.616.639;-4.284861, 121.616639;IDN;Indonesia;Sulawesi Tenggara;Kabupaten Kolaka;2-High Confidence;
PO1000017399;UNKNOWN;FAP AGR;MARSAM CITRA ADIPERKASA;Not RSPO Certified;;13/01/2026;0.270902;115.345.284;0.270902, 115.345284;IDN;Indonesia;Kalimantan Timur;Mahakam Ulu;2-High Confidence;
PO1000017400;UNKNOWN;FIRST RESOURCES;SURYA DUMAI AGRINDO MILL;Not RSPO Certified;;13/01/2026;1.351.417;102.067.389;1.351417, 102.067389;IDN;Indonesia;Riau;Kabupaten Bengkalis;2-High Confidence;
PO1000017401;UNKNOWN;SEJAHTERA MANDIRI SAWITA;SEJAHTERA MANDIRI SAWITA;Not RSPO Certified;;13/01/2026;379.456;9.848.711;3.79456, 98.48711;IDN;Indonesia;Sumatera Utara;Kabupaten Langkat;2-High Confidence;
PO1000017402;UNKNOWN;SUMATERA KARYA AGRO;SUMATERA KARYA AGRO;Not RSPO Certified;;13/01/2026;0.765396;100.498.624;0.765396, 100.498624;IDN;Indonesia;Riau;Kabupaten Rokan Hulu;2-High Confidence;
PO1000017403;UNKNOWN;SUNGAI PAKU;SUNGAI PAKU;Not RSPO Certified;;13/01/2026;-0.165415;101.289.184;-0.165415, 101.289184;IDN;Indonesia;Riau;Kabupaten Kuantan Singingi;2-High Confidence;
PO1000017404;UNKNOWN;SURYA SAWIT MANDIRI;SURYA SAWIT MANDIRI;Not RSPO Certified;;13/01/2026;0.634;100.601;0.634, 100.601;IDN;Indonesia;Riau;Rokan Hulu;2-High Confidence;
PO1000017405;UNKNOWN;UCPOC MILLS;UCPOC MILLS;Not RSPO Certified;;13/01/2026;7.217.956;12.479.272;7.217956, 124.79272;PHL;Philippines;Cotabato;Carmen;2-High Confidence;
PO1000017406;UNKNOWN;HAMPARAN KEMILAU INDAH;HAMPARAN KEMILAU INDAH;Not RSPO Certified;;13/01/2026;0.596075;99.200.657;0.596075, 99.200657;IDN;Indonesia;Sumatera Utara;Kabupaten Mandailing Natal;2-High Confidence;
PO1000017407;UNKNOWN;PERMATA GROUP;PT PELITA AGUNG AGRINDUSTRI - PELINTUNG;Not RSPO Certified;;13/01/2026;0.632750431;1.005.997.718;0.632750431, 100.5997718;IDN;Indonesia;Riau;Rokan Hulu;2-High Confidence;
PO1000017408;MUSIM MAS;PT INTIBENUA PERKASATAMA - LUBUK GAUNG;AGRO PALINDO SAKTI;Not RSPO Certified;;13/01/2026;-2.711.058.889;1.043.430.056;-2.711058889, 104.3430056;IDN;Indonesia;Sumatera Selatan;Banyu Asin;2-High Confidence;
PO1000017409;UNKNOWN;PT SURYA DUMAI AGRINDO;PT SURYA DUMAI AGRINDO;Not RSPO Certified;;13/01/2026;1.175.031;102.059.922;1.175031, 102.059922;IDN;Indonesia;Riau;Bengkalis;2-High Confidence;
PO1000017674;UNKNOWN;SUKSOMBOON GROUP;SUKSOMBOON PALM OIL SAKON.,CO.LTD.;Not RSPO Certified;;13/01/2026;1.794.907;10.365.945;17.94907, 103.65945;THA;Thailand;Sakon Nakhon;Wanon Niwat;2-High Confidence;
PO1000017676;UNKNOWN;LUBOK ANTU PALM OIL MILL SDN BHD;LUBOK ANTU 2;Not RSPO Certified;;13/01/2026;1.166.396;111.762.743;1.166396, 111.762743;MYS;Malaysia;Sarawak;Sri Aman;2-High Confidence;
PO1000017677;UNKNOWN;JAMERAS;JAMERAS;Not RSPO Certified;;13/01/2026;-221.175;113.010.389;-2.21175, 113.010389;IDN;Indonesia;Kalimantan Tengah;Kotawaringin Timur;2-High Confidence;
PO1000017678;UNKNOWN;HILTON DUTA LESTARI       ;HILTON DUTA LESTARI       ;Not RSPO Certified;;13/01/2026;0.575884;109.332.467;0.575884, 109332467;IDN;Indonesia;Kalimantan Barat;Landak;2-High Confidence;
PO1000017679;UNKNOWN;KOPERASI PEMBANGUNAN PEKEBUN KECIL HILIR PERAK BHD              ;KOPERASI PEMBANGUNAN PEKEBUN KECIL HILIR PERAK BHD;Not RSPO Certified;;13/01/2026;3.921.833;100.910.778;3.921833, 100.910778;MYS;Malaysia;Perak;Hilir Perak;2-High Confidence;
PO1000017680;UNKNOWN;ANGLO-EASTERN PLANTATIONS PLC;HIJAU PRYAN PERDANA;Not RSPO Certified;;13/01/2026;2.462.286;100.271.139;2.462286, 100.271139;IDN;Indonesia;Sumatera Utara;Labuhanbatu;2-High Confidence;
PO1000017681;UNKNOWN;PALMPANLAN CO. LTD.;PALMPANLAN CO. LTD.;Not RSPO Certified;;13/01/2026;8.035.046;99.114.882;8.035046, 99.114882;THA;Thailand;Krabi;Khlong Thom;2-High Confidence;
PO1000017731;UNKNOWN;PERMATA LESTARI JAYA;PERMATA LESTARI JAYA;Not RSPO Certified;;13/01/2026;0.944194;111.216.611;0.944194, 111.216611;IDN;Indonesia;Kalimantan Barat;Sintang;2-High Confidence;
PO1000017750;SMOTHONG GROUP;SMOTHONG PALMOIL CO.;SARABURI BRANCH;Not RSPO Certified;;13/01/2026;14.294.067;100.871.622;14.294067, 100.871622;THA;Thailand;Changwat Saraburi;Nong Khae;1-Fully Verified;
PO1000017764;UNKNOWN;ACEITES Y GRASAS LA CRISTALINA ZOMAC S.A.S.;ACEITES Y GRASAS LA CRISTALINA ZOMAC S.A.S.;Not RSPO Certified;;13/01/2026;42.495.944;-716.336.955;4.2495944, -71.6336955;COL;Colombia;Meta;El Porvenir;2-High Confidence;
PO1000017925;UNKNOWN;ANUGERAH JAYAINDO SENTOSA;ANUGERAH JAYAINDO SENTOSA;Not RSPO Certified;;13/01/2026;3.662.026;98.499.862;3.662026, 98.499862;IDN;Indonesia;Sumatera Utara;Jati Utomo;1-Fully Verified;
PO1000017926;UNKNOWN;GUNAJAYA KETAPANG SENTOSA;MEMBULUH SEJAHTERA;Not RSPO Certified;;13/01/2026;-2.484.264;110.351.955;-2.484264, 110.351955;IDN;Indonesia;Kalimantan Barat;Ketapang;2-High Confidence;
PO1000017927;UNKNOWN;BERAU KARETINDO LESTARI;BERAU KARETINDO LESTARI;Not RSPO Certified;;13/01/2026;2.309.012;117.017.617;2.309012, 117.017617;IDN;Indonesia;Kalimantan Timur;Berau;2-High Confidence;
PO1000017929;UNKNOWN;BERAU SAWIT SEJAHTERA;BERAU SAWIT SEJAHTERA;Not RSPO Certified;;13/01/2026;1.362.167;11.707.875;1.362167, 117.07875;IDN;Indonesia;Kalimantan Timur;Berau;2-High Confidence;
PO1000017930;UNKNOWN;SAWIT PERMAI PRATAMA;SAWIT PERMAI PRATAMA;Not RSPO Certified;;13/01/2026;-1.676.028;1.219.116;-1.676028, 121.9116;IDN;Indonesia;Sulawesi Tengah;Momo;2-High Confidence;
PO1000017931;UNKNOWN;MITRA ANDALAN SAWIT;MITRA ANDALAN SAWIT;Not RSPO Certified;;13/01/2026;-2.202.972;119.215.194;-2.202972, 119.215194;IDN;Indonesia;Sulawesi Barat;Babana;2-High Confidence;
PO1000017932;UNKNOWN;ERAKARYA MUKTI JAYA;ERAKARYA MUKTI JAYA;Not RSPO Certified;;13/01/2026;1.847.465;100.963.538;1.847465, 100.963538;IDN;Indonesia;Riau;Rokan Hilir;2-High Confidence;
PO1000017934;UNKNOWN;AGRO MUARA RUPIT;AGRO MUARA RUPIT;Not RSPO Certified;;13/01/2026;-2.605.417;102.863.556;-2.605417, 102.863556;IDN;Indonesia;Sumatera Selatan;Musi Rawas;2-High Confidence;
PO1000017935;UNKNOWN;NAGA BULAN;NAGA BULAN;Not RSPO Certified;;13/01/2026;3.272.823;99.101.673;3.272823, 99.101673;IDN;Indonesia;Sumatera Utara;Serdang Bedagai;2-High Confidence;
PO1000017938;UNKNOWN;LESTARI GEMILANG INTISAWIT;BENGKIRAI JAYA;Not RSPO Certified;;13/01/2026;-1.553.352;110.604.342;-1.553352, 110.604342;IDN;Indonesia;Kalimantan Barat;Ketapang;2-High Confidence;
PO1000017964;UNKNOWN;PT. ANUGERAH PUTRA LANGKAT;PT. ANUGERAH PUTRA LANGKAT;Not RSPO Certified;;13/01/2026;3.721.329;98.199.003;3.721329, 98.199003;IDN;Indonesia;Sumatera Utara;Langkat;2-High Confidence;
PO1000017984;OLEAGINOSAS AMAZONICAS S.A (OLAMSA);OLEAGINOSAS AMAZONICAS S.A (OLAMSA);OLEAGINOSAS AMAZONICAS S.A (OLAMSA) MILL 1;Not RSPO Certified;;13/01/2026;-8.480.256;-7.484.354;-8.480256, -74.84354;PER;Peru;Pucallpa;Campoverde;2-High Confidence;
PO1000017985;CDC;CDC;CDC - MONDONI;Not RSPO Certified;;13/01/2026;41.869.556;9.420.125;4.1869556, 9.420125;CMR;Cameroon;Littoral;Bwapaki;2-High Confidence;
PO1000017986;SUPERVENTURE;BERKAT SAWIT SEJAHTERA;BERKAT ;Not RSPO Certified;;13/01/2026;-2.829.976;104.737.064;-2.829976, 104.737064;IDN;Indonesia;Sumatera Selatan;Banyuasin;2-High Confidence;
PO1000017988;Rantau Agronusa Sejahtera;Rantau Agronusa Sejahtera;Rantau Agronusa Sejahtera;Not RSPO Certified;;13/01/2026;0.45488007;1.011.784.041;0.45488007, 101.1784041;IDN;Indonesia;Riau;Kampar;2-High Confidence;
PO1000017989;SRI SRINIVASA;SRI SRINIVASA;SRI SRINIVASA OIL MILL;Not RSPO Certified;;13/01/2026;16.740.114;80.897.288;16.740114, 80.897288;IND;India;Andhra Pradesh;Morsapudi;2-High Confidence;
PO1000017990;THAWEESIN PALM OIL INDUSTRY CO., LTD;THAWEESIN PALM OIL INDUSTRY CO., LTD;THAWEESIN PALM OIL INDUSTRY CO., LTD;Not RSPO Certified;;13/01/2026;9.838.267;99.055.368;9.838267, 99.055368;THA;Thailand;Chumphon;Lang Suan;2-High Confidence;
PO1000017991;SIOL;WM AGROINDUSTRIA LTDA;WM AGROINDUSTRIA LTDA;Not RSPO Certified;;13/01/2026;-2.447.656;-48.919.357;-2.447656, -48.919357;BRA;Brazil;Pará;Moju;2-High Confidence;
PO1000017992;PZ WILMAR;EYOP INDUSTRIES LTD;EYOP INDUSTRIES LTD;Not RSPO Certified;;13/01/2026;511.551.667;8.569.869;5.11551667, 8.569869;NGA;Nigeria;Akamkpa;Mbarakom;3-Low Confidence;
PO1000017993;KAMPAR TUNGGAL AGRINDO;KAMPAR TUNGGAL AGRINDO;KAMPAR TUNGGAL AGRINDO;Not RSPO Certified;;13/01/2026;0.751669;101.189.394;0.751669, 101.189394;IDN;Indonesia;Kampar;Riau;2-High Confidence;
PO1000017994;JAROEN PALM OIL COMPANY LTD;JAROEN PALM OIL COMPANY LTD;JAROEN PALM OIL COMPANY LTD;Not RSPO Certified;;13/01/2026;10.506.099;98.977.787;10.506099, 98.977787;THA;Thailand;Chumphon;Muang Chumphon;2-High Confidence;
PO1000017995;Internusa Jaya Sajahtera;Internusa Jaya Sajahtera;Internusa Jaya Sajahtera;Not RSPO Certified;;13/01/2026;-728.015;14.077.717;-7.28015, 140.77717;IDN;Indonesia;Papua;Merauke;2-High Confidence;
PO1000017996;CITRA BORNEO UTAMA;CITRA BORNEO INDAH;SUNGAI KUNING;Not RSPO Certified;;13/01/2026;-23.084.936;111.499.368;-2.3084936, 111.499368;IDN;Indonesia;Kalimantan Tengah;Kotawaringin Barat;2-High Confidence;
PO1000017998;KILANG ISI SAWIT SIN HUAT HIN;KILANG ISI SAWIT SIN HUAT HIN;KILANG ISI SAWIT SIN HUAT HIN;Not RSPO Certified;;13/01/2026;31.636;1.013.242;3.1636, 101.3242;MYS;Malaysia;Selangor;Kuala Selangor;2-High Confidence;
PO1000017999;SUKSES INTI PALMA;SUKSES INTI PALMA 2;SUKSES INTI PALMA 2;Not RSPO Certified;;13/01/2026;-1.714.321;10.371.259;-1.714321, 103.71259;IDN;Indonesia;Jambi;Muaro Jambi;2-High Confidence;
PO1000018000;UNKNOWN;UJUNG TANJUNG SEJAHTERA;UJUNG TANJUNG SEJAHTERA;Not RSPO Certified;;13/01/2026;1.624;101.05;1.624, 101.05;IDN;Indonesia;Riau;Rokan Hilir;2-High Confidence;
PO1000018001;UNKNOWN;TAMA BUANA JAYA;TAMA BUANA JAYA;Not RSPO Certified;;13/01/2026;-2.839.995;106.466.355;-2.839995, 106.466355;IDN;Indonesia;Bangka Belitung;Jeriji;2-High Confidence;
PO1000018002;UNKNOWN;MON JAMBEE;MON JAMBEE 2;Not RSPO Certified;;13/01/2026;4.313.171;96.178.305;4.313171, 96.178305;IDN;Indonesia;Aceh;Aceh Barat;2-High Confidence;
PO1000018003;UNKNOWN;TARO RAKAYA TASYRA;TARO RAKAYA TASYRA;Not RSPO Certified;;13/01/2026;0.4208;1.016.848;0.4208, 101.6848;IDN;Indonesia;Riau;Pelalawan;2-High Confidence;
PO1000018004;UNKNOWN;BERLIAN NUSANTARA PERKASA;BERLIAN NUSANTARA PERKASA;Not RSPO Certified;;13/01/2026;-0.6910674;116.213.101;-0.6910674, 116.213101;IDN;Indonesia;Kalimantan Timur;Kutai Barat;2-High Confidence;
PO1000018005;UNKNOWN;SRIGUNUNG INTI AGRO PERSADA;SRIGUNUNG INTI AGRO PERSADA;Not RSPO Certified;;13/01/2026;-2.469.831;10.398.958;-2.469831, 103.98958;IDN;Indonesia;Sumatera Selatan;Musi Banyuasin;2-High Confidence;
PO1000018006;UNKNOWN;TENERA SERGAI PERKASA;TENERA SERGAI PERKASA;Not RSPO Certified;;13/01/2026;317.158;9.901.612;3.17158, 99.01612;IDN;Indonesia;Sumatera Utara;Serdang Bedagai;2-High Confidence;
PO1000018007;UNKNOWN;BANKA AGRO PLANTARI;BANKA AGRO PLANTARI;Not RSPO Certified;;13/01/2026;-2.723.663;106.209.233;-2.723663, 106.209233;IDN;Indonesia;Bangka Belitung;Nyelanding;2-High Confidence;
PO1000018008;UNKNOWN;PORMAN ANUGERAH SEJATI;PORMAN ANUGERAH SEJATI;Not RSPO Certified;;13/01/2026;-1.42;102.72;-1.42, 102.72;IDN;Indonesia;Jambi;Tebo;2-High Confidence;
PO1000018009;UNKNOWN;PESONA SAWIT ABADI;PESONA SAWIT ABADI;Not RSPO Certified;;13/01/2026;1.763.286;117.966.825;1.763286, 117.966825;IDN;Indonesia;Kalimantan Timur;Berau;2-High Confidence;
PO1000018141;UNKNOWN;JAS MULIA;JAS MULIA;Not RSPO Certified;;13/01/2026;-2.571.746;120.431.947;-2.571746, 120.431947;IDN;Indonesia;Sulawesi Selatan;Luwu Utara;2-High Confidence;
PO1000018142;UNKNOWN;RAJA MARGA;LAUKE;Not RSPO Certified;;13/01/2026;2.587.611;96.081.668;2.587611, 96.081668;IDN;Indonesia;Aceh;Lauke;2-High Confidence;
PO1000018143;UNKNOWN;BETAMI BERKAH PRATAMA;BETAMI BERKAH PRATAMA;Not RSPO Certified;;13/01/2026;43.874.102;961.928.106;4.3874102, 96.1928106;IDN;Indonesia;Aceh;Aceh Barat;2-High Confidence;
PO1000018144;UNKNOWN;AGRO PLANKAN LESTARI;AGRO PLANKAN LESTARI;Not RSPO Certified;;13/01/2026;0.052418;110.862.992;0.052418, 110.862992;IDN;Indonesia;Kalimantan Barat;Sanggau;2-High Confidence;
PO1000018145;UNKNOWN;PALMAKA AGRO SEJAHTERA;PALMAKA AGRO SEJAHTERA;Not RSPO Certified;;13/01/2026;1.246.363;11.805.157;1.246363, 118.05157;IDN;Indonesia;Kalimantan Timur;Berau;2-High Confidence;
PO1000018147;IAG;HIJAU PERTIWI INDAH PLANTATIONS;LUPAK DALAM FACTORY;Not RSPO Certified;;13/01/2026;-3.290.668;114.267.049;-3.290668, 114.267049;IDN;Indonesia;Kalimantan Tengah;Kabupaten Pulang Pisau;2-High Confidence;
PO1000018148;SHANGHAI XINJIU CHEMICAL;PT SEBAUNG SAWIT PLANTATION;PT SEBAUNG SAWIT PLANTATION;Not RSPO Certified;;13/01/2026;3.835.461;117.340.454;3.835461, 117.340454;IDN;Indonesia;Kalimantan Timur;Nunukan;2-High Confidence;
PO1000018149;UNKNOWN;UNKNOWN;PROTEINAS DEL ORIENTE S.A.;Not RSPO Certified;;13/01/2026;4.101.196;-73.630.242;4.101196, -73.630242;COL;Colombia;Meta;Villavicencio;2-High Confidence;
PO1000018150;UNKNOWN;YUZANA COMPANY LTD;YUZANA COMPANY LTD;Not RSPO Certified;;13/01/2026;1.141.071.214;9.887.045.853;11.41071214, 98.87045853;MMR;Myanmar;Khamaukgyi;Aw Gyi;2-High Confidence;
PO1000018151;UNKNOWN;TALUK KUANTAN PERKASA;KCP TALUK KUANTAN PERKASA;Not RSPO Certified;;13/01/2026;151.861;10.135.322;1.51861, 101.35322;IDN;Indonesia;Riau;Bengkalis;2-High Confidence;
PO1000018152;UNKNOWN;UNKNOWN;ELEIS OIL;Not RSPO Certified;;13/01/2026;4.999.998;-6.126.855;4.999998, -6.126855;CIV;Côte d'Ivoire;Bas-Sassandra;Misseh;2-High Confidence;
PO1000018153;UNKNOWN;A.S.T. PALM OIL CO., LTD.;A.S.T. PALM OIL CO., LTD.;Not RSPO Certified;;13/01/2026;1.101.222;9.939.399;11.01222, 99.39399;THA;Thailand;Prachuap Khiri Khan;Chang Raek;2-High Confidence;
PO1000018154;UNKNOWN;HUTROCI;HUTROCI - DIVO / SASSANDRA;Not RSPO Certified;;13/01/2026;5.829.466;-5.391.048;5.829466, -5.391048;CIV;Côte d'Ivoire;Gôh-Djiboua;Lôh-Djiboua;2-High Confidence;
PO1000018155;GOZCO PLANTATIONS;GOZCO PLANTATIONS;PT PALMDALE AGROASIA MAKMUR;Not RSPO Certified;;13/01/2026;-0.026338;109.768.698;-0.026338, 109.768698;IDN;Indonesia;Kalimantan Barat;Kubu Raya;2-High Confidence;
PO1000018156;CENTRALAMERICAN PALM (PALCASA);UNKNOWN;PALCASA MILL;Not RSPO Certified;;13/01/2026;110.674.908;-844.071.645;11.0674908, -84.4071645;NIC;Nicaragua;Río San Juan;El Castillo;2-High Confidence;
PO1000018157;PLANTATIONS ET HUILERIES DU CONGO (PHC) (FORMERLY FERONIA);UNKNOWN;YALIGIMBA MILL;Not RSPO Certified;;13/01/2026;114.735.192;236.133.292;1.14735192, 23.6133292;COD;Democratic Republic of the Congo;Lokutu;Yaya;2-High Confidence;
PO1000018158;PLANTATIONS ET HUILERIES DU CONGO (PHC) (FORMERLY FERONIA);UNKNOWN;LOKUTU MILL;Not RSPO Certified;;13/01/2026;228.060.082;229.011.621;2.28060082, 22.9011621;COD;Democratic Republic of the Congo;Mongala;Yaligimba;2-High Confidence;
PO1000018159;BLATTNER;COMPAGNIE DE COMMERCE ET PLANTATION (CCP);PLANT DE BIMBI;Not RSPO Certified;;13/01/2026;185.647.297;217.702.156;1.85647297, 21.7702156;COD;Democratic Republic of the Congo;Bimbi; Kahemba;2-High Confidence;
PO1000018160;PLANTATIONS ET HUILERIES DU CONGO (PHC) (FORMERLY FERONIA);UNKNOWN;BOTEKA;Not RSPO Certified;;13/01/2026;-0.39398487;190.934.869;-0.39398487, 19.0934869;COD;Democratic Republic of the Congo;Flandria;Kinshasa;2-High Confidence;
PO1000018162;LIMAWO HOLDINGS COMPANY;UNKNOWN;TURUBU MILL;Not RSPO Certified;;13/01/2026;0.69918088;121.480.013;0.69918088, 121.480013;IDN;Indonesia;Gorontalo;Kelapa Lima;2-High Confidence;
PO1000018163;BORNEO AGRI / SULAIDY;UNKNOWN;BORNEO CITRA PERSADA ABADI;Not RSPO Certified;;13/01/2026;-0.8806605;115.994.665;-0.8806605, 115.994665;IDN;Indonesia;Kalimantan Timur;Kutai Barat;2-High Confidence;
PO1000018164;GAGAH PUTERA SATRIA (GPS);UNKNOWN;PT KUMAI SENTOSA (PLASMA);Not RSPO Certified;;13/01/2026;-327.055.382;11.182.226;-3.27055382, 111.82226;IDN;Indonesia;Kalimantan Tengah;Kotawaringin Barat;2-High Confidence;
PO1000018165;UNKNOWN;SUNRISE CLARITY SDN BHD;SUNRISE CLARITY SDN BHD;Not RSPO Certified;;13/01/2026;5.892.778;117.959.272;5.892778, 117.959272;MYS; Malaysia; Sabah; Sandakan;2-High Confidence;
PO1000018166;INDOLMASA;UNKNOWN;INDUSTRIAS OLEAGINOSAS MONTE ALEGRE;Not RSPO Certified;;13/01/2026;-8.649;-74.976;-8.649, -74.976;PER;Peru;Campamento Neshuya;El Triunfo;2-High Confidence;
PO1000018167;UNKNOWN;PT MERBAU SAKTI TANI;MERBAU SAKTI TANI;Not RSPO Certified;;13/01/2026;-0.826292;111.450.175;-0.826292, 111.450175;IDN;Indonesia;Kalimantan Barat;Melawi;2-High Confidence;
PO1000018168;FGV;UNKNOWN;FGV TELANG 01;Not RSPO Certified;;13/01/2026;4.296.225;101.960.355;4.296225, 101.960355;MYS;Malaysia;Pahang;Lipis;2-High Confidence;
PO1000018169;GENTING;GENTING;KAPUAS MAJU JAYA/GEMILANG OIL MILL;Not RSPO Certified;;13/01/2026;-1.010.477;114.271.419;-1.010477, 114.271419;IDN;Indonesia;Kalimantan Tengah;Kapuas;2-High Confidence;
PO1000018170;CITRA BORNEO INDAH (CBI);UNKNOWN;PT BCPM (BORNEO CITRA PERSADA MANDIRI);Not RSPO Certified;;13/01/2026;-0.684057;115.788.367;-0.684057, 115.788367;IDN;Indonesia;Kalimantan Timur;Kutai Barat;2-High Confidence;
PO1000020000;UNKNOWN;PLUS SUNBEST PALM OIL MILL SDN BHD;MAJUMAS PALM OIL MILL;Not RSPO Certified;;13/01/2026;4.136.630;114.036.480;4.136630, 114.036480;MYS;Malaysia;Sarawak;Kuala Nyabor;1-Fully Verified;
PO1000020001;UNKNOWN;BENSULI ASAM SAWIT;BENSULI ASAM SAWIT;Not RSPO Certified;;13/01/2026;1.784.331;100.180.578;1.784331, 100.180578;IDN;Indonesia;Sumatera utara;Labuhanbatu Selatan;1-Fully Verified;
PO1000020002;UNKNOWN;TRI CAHAYA SAWIT;TRI CAHAYA SAWIT;Not RSPO Certified;;13/01/2026;3.094.710;99.306.452;3.094710, 99.306452;IDN;Indonesia;Sumatera utara;Simalungun Regency;1-Fully Verified;
PO1000020003;UNKNOWN;SURYA GEMILANG AGRO MANDIRI;SURYA GEMILANG AGRO MANDIRI;Not RSPO Certified;;13/01/2026;-1.261.853;103.781.534;-1.261853, 103.781534;IDN;Indonesia;Jambi;Tanjung Jabung T;2-High Confidence;
PO1000020004;UNKNOWN;ALAM SAWIT INDO;ALAM SAWIT INDO;Not RSPO Certified;;13/01/2026;4.784.308;97.804.727;4.784308, 97.804727;IDN;Indonesia;Aceh;Gampong Tampak;3-Low Confidence;
PO1000020005;UNKNOWN;GEMILANG BERSAMA UTAMA;GEMILANG BERSAMA UTAMA;Not RSPO Certified;;13/01/2026;-17.493.327;1.038.836.775;-1.7493327, 103.8836775;IDN;Indonesia;Muaro;Muaro Jambi;2-High Confidence;
PO1000020006;UNKNOWN;BANYUASIN INDUSTRI LESTARI;BANYUASIN INDUSTRI LESTARI;Not RSPO Certified;;13/01/2026;-2.756.251;104.773.156;-2.756251, 104.773156;IDN;Indonesia;Sumatera Selatan;Banyu Asin;2-High Confidence;
PO1000020007;UNKNOWN;KARYA INTI TANI;KARYA INTI TANI;Not RSPO Certified;;13/01/2026;-404.326;104.149.821;-4.04326, 104.149821;IDN;Indonesia;Sumatera Selatan;Ogan Komering Ulu;2-High Confidence;
PO1000020008;UNKNOWN;MANDIRI SAWIT BERSAMA;MANDIRI SAWIT BERSAMA 2;Not RSPO Certified;;13/01/2026;271.984;97.976.213;2.71984, 97.976213;IDN;Indonesia;Aceh;Namo Buaya;2-High Confidence;
PO1000020009;UNKNOWN;PESONA SAWIT MAKMUR;PESONA SAWIT MAKMUR;Not RSPO Certified;;13/01/2026;-4.530.511;104.474.816;-4.530511, 104.474816;IDN;Indonesia;Lampung;Karang Umpu;2-High Confidence;
PO1000020010;UNKNOWN;TENERA INTI SAWIT;TENERA INTI SAWIT;Not RSPO Certified;;13/01/2026;0.952692;100.998.521;0.952692, 100.998521;IDN;Indonesia;Riau;Sekijang;2-High Confidence;
PO1000020011;UNKNOWN;TUJUH SERANGKAI SAWIT PERDANA;TUJUH SERANGKAI SAWIT PERDANA;Not RSPO Certified;;13/01/2026;18.495;100.155.806;1.8495, 100.155806;IDN;Indonesia;Sumatera Utara;Asam Jawa;3-Low Confidence;
PO1000020012;UNKNOWN;JAYA BERSINAR SEJAHTERA;JAYA BERSINAR SEJAHTERA;Not RSPO Certified;;13/01/2026;0.116361;102.290.611;0.116361, 102.290611;IDN;Indonesia;Riau;Tanjung Air Hitam;2-High Confidence;
PO1000020013;UNKNOWN;BUNGO MAKMUR ABADI;BUNGO MAKMUR ABADI;Not RSPO Certified;;13/01/2026;-1.662.361;10.213.236;-1.662361, 102.13236;IDN;Indonesia;Bungo;Pelepat;2-High Confidence;
PO1000020014;UNKNOWN;TUMPUAN;TUMPUAN;Not RSPO Certified;;13/01/2026;128.974;10.105.527;1.28974, 101.05527;IDN;Indonesia;Riau;Petani;2-High Confidence;
PO1000020015;UNKNOWN;BINTANG SAWIT CEMERLANG;BINTANG SAWIT CEMERLANG;Not RSPO Certified;;13/01/2026;3.461.607;9.885.051;3.461607, 98.85051;IDN;Indonesia;Sumatera Utara;Batu Lokog;1-Fully Verified;
PO1000020016;UNKNOWN;TUNGGAL YUNUS ESTATE;PABRIK KAMPAR;Not RSPO Certified;;13/01/2026;0.40819;101.227.105;0.40819, 101.227105;IDN;Indonesia;Riau;Tambang;2-High Confidence;
PO1000020017;UNKNOWN;BUKIT KUANSING PERMAI;SEBRANG CENGAR;Not RSPO Certified;;13/01/2026;-0.725821;101.510.853;-0.725821, 101.510853;IDN;Indonesia;Riau;Seberang Cengar;3-Low Confidence;
PO1000020018;UNKNOWN;ANUGERAH SAWIT LANGGENG;ANUGERAH SAWIT LANGGENG;Not RSPO Certified;;13/01/2026;-3.696.961;104.280.571;-3.696961, 104.280571;IDN;Indonesia;Sumatera Selatan;Lubai;2-High Confidence;
PO1000020019;UNKNOWN;MUTIARA SAWIT SELUMA;MUTIARA SAWIT SELUMA;Not RSPO Certified;;13/01/2026;-4.245.441;102.764.472;-4.245441, 102.764472;IDN;Indonesia;Bengkulu;Seluma;2-High Confidence;
PO1000020020;UNKNOWN;SARANA SUBUR AGRINDOTAMA;SARANA SUBUR AGRINDOTAMA;Not RSPO Certified;;13/01/2026;-3.954.045;115.003.553;-3.954045, 115.003553;IDN;Indonesia;Kalimantan Selatan;Tenah Laut;2-High Confidence;
PO1000020021;UNKNOWN;SURYA OGAN NABATI;SURYA OGAN NABATI;Not RSPO Certified;;13/01/2026;-3.679.822;104.828.585;-3.679822, 104.828585;IDN;Indonesia;Sumatera Selatan;Ogan Komering Ilir;2-High Confidence;
PO1000020022;UNKNOWN;TRIOMAS FORESTRY DEVELOPMENT INDONESIA;TRIOMAS FORESTRY DEVELOPMENT INDONESIA;Not RSPO Certified;;13/01/2026;0.75645;1.024.131;0.75645, 102.4131;IDN;Indonesia;Riau;Siak;2-High Confidence;
PO1000020023;UNKNOWN;PERKASA SAWIT PERMAI ;PERKASA SAWIT PERMAI ;Not RSPO Certified;;13/01/2026;-1.066.031;11.504.491;-1.06603, 115.04491;IDN;Indonesia;Kalimantan Tengah;Hajak;2-High Confidence;
PO1000020024;UNKNOWN;BUMI SAWIT SEJAHTERA;BUMI SAWIT SEJAHTERA;Not RSPO Certified;;13/01/2026;-2.805.000;110.910;-2.805, 110.910;IDN;Indonesia;Kalimantan Barat;Danau Buntar;2-High Confidence;
PO1000020025;UNKNOWN;SUKSES SAWIT GASING;SUKSES SAWIT GASING;Not RSPO Certified;;13/01/2026;-2.839.225;104.774.827;-2.839225, 104.774827;IDN;Indonesia;Sumatera Selatan;Banyuasin;2-High Confidence;
PO1000020026;UNKNOWN;AGRO GADING SEJAHTERA;AGRO GADING SEJAHTERA;Not RSPO Certified;;13/01/2026;-4.547.801;104.146.516;-4.547801, 104.146516;IDN;Indonesia;Sumatera Selatan;Ogan Komering Ulu Timur;2-High Confidence;
PO1000020027;UNKNOWN;BENGKULU SAWIT LESTARI;BENGKULU SAWIT LESTARI 2;Not RSPO Certified;;13/01/2026;-4.129.533;102.641.887;-4.129533, 102.641887;IDN;Indonesia;Bengkulu;Seluma;2-High Confidence;
PO1000020028;UNKNOWN;MITRA SAWIT PERKASA;MITRA SAWIT PERKASA;Not RSPO Certified;;13/01/2026;1.880.778;10.013.075;1.880778, 100.13075;IDN;Indonesia;Sumatera Utara;Labuhanbatu Selatan;2-High Confidence;
PO1000020029;UNKNOWN;KURNIA PALMA BERJAYA;KURNIA PALMA BERJAYA;Not RSPO Certified;;13/01/2026;-15.189.996;10.265.057;-1.5189996, 102.65057;IDN;Indonesia;Jambi;Tebo;2-High Confidence;
PO1000020030;UNKNOWN;ARTHA NIAGA SIMPANG PETE;ARTHA NIAGA SIMPANG PETE;Not RSPO Certified;;13/01/2026;2.965.278;99.409.167;2.965278, 99.409167;IDN;Indonesia;Sumatera Utara;Simalungun;2-High Confidence;
PO1000020031;UNKNOWN;EXTRACTORA EL PAJUIL CENTRAL DEL CASANARE SAS ZOMAC;EXTRACTORA EL PAJUIL CENTRAL DEL CASANARE SAS ZOMAC;Not RSPO Certified;;13/01/2026;4.639.840;-72.013.990;4.63984, -72.01399;COL;Colombia;Casanare;Maní;2-High Confidence;
PO1000020032;UNKNOWN; ACEITES DE PALMA, S.A. DE C.V.;PLANTA ACAPETAHUA  ;Not RSPO Certified;;13/01/2026;15.209.500;-92.681.000;15.209500, -92.681000;MEX;Mexico;Chiapas;Río Arriba;1-Fully verified;
PO1000020033;UNKNOWN;PAMOL;PAMOL;Not RSPO Certified;;13/01/2026;471.089;899.242;4.71089, 8.99242;CMR;Cameroon;Ndian;Ekundo-Titi;3-Low Confidence;
PO1000020034;UNKNOWN;CDC;CDC PALM OIL;Not RSPO Certified;;13/01/2026;4.208.536;8.993.585;4.208536, 8.993585;CMR;Cameroon;Fako;Idenau;2-High Confidence;
PO1000020035;UNKNOWN;PAMOL;USINE D'EKONDO TITI (LOBE ESTATE);Not RSPO Certified;;13/01/2026;4.601.771;9.076.882;4.601771, 9.076882;CMR;Cameroon;Ndian;Ekundo-Titi;2-High Confidence;
PO1000020036;UNKNOWN;PAMOL;USINE DE MUNDEMBA (NDIAN ESTATE) / BULU OIL MILL;Not RSPO Certified;;13/01/2026;4.931.667;8.859.079;4.931667, 8.859079;CMR;Cameroon;Ndian;Ikasa;2-High Confidence;
PO1000020037;KONNEX INVESTMENTS LIMITED ;LIBERIA NATURAL PRODUCE INCORPORATED;LNPI;Not RSPO Certified;;13/01/2026;5.253.297;-91.680.171;5.253297, -9.1680171;LBR;Liberia;Butau;Tabogowia;2-High Confidence;
PO1000020038;UNKNOWN;AWAN ALAM ANUGRA;AWAN ALAM ANUGRA;Not RSPO Certified;;13/01/2026;40.337;982.358;4.03369, 98.23582;IDN;Indonesia;Sumatera Utara;Langkat;2-High Confidence;
PO1000020039;UNKNOWN;SEJAHTERA TANI DAMAI;SEJAHTERA TANI DAMAI;Not RSPO Certified;;13/01/2026;-355.056;11.481.571;-3.55056, 114.81571;IDN;Indonesia;Kalimantan Selatan;Tanah Laut;2-High Confidence;
PO1000020040;UNKNOWN;BAKTI EMAS SURYA TERANG;BAKTI EMAS SURYA TERANG;Not RSPO Certified;;13/01/2026;-225.174;1.128.257;-2.25174, 112.8257;IDN;Indonesia;Kotawaringin Timur;Kotawaringin Timur;2-High Confidence;
PO1000020041;UNKNOWN;BERKAH ALAM FAJAR MAS;BERKAH ALAM FAJAR MAS;Not RSPO Certified;;13/01/2026;-3.151;113.645;-3.151, 113.645;IDN;Indonesia;Kalimantan Tengah;Pulang Pisau;2-High Confidence;
PO1000020042;UNKNOWN;CITRA AGRO ABADI;CITRA AGRO ABADI;Not RSPO Certified;;13/01/2026;-1.773;113.856;-1.773, 113.856;IDN;Indonesia;Kalimantan Tengah;Pulang Pisau;2-High Confidence;
PO1000020043;UNKNOWN;WANA HIJAU SEMESTA;WANA HIJAU SEMESTA;Not RSPO Certified;;13/01/2026;1.515;109.598;1.515, 109.598;IDN;Indonesia;Kalimantan Barat;Sambas;2-High Confidence;
PO1000020044;UNKNOWN;PP LONDON SUMATERA INDONESIA;ISUY MAKMUR;Not RSPO Certified;;13/01/2026;-0.543132;116.044.963;-0.543132, 116.044963;IDN;Indonesia;Kalimantan Timur;Kutai Barat;2-High Confidence;
PO1000020045;UNKNOWN;SUKSES SAWIT SEJATI;MADINA DUA;Not RSPO Certified;;13/01/2026;0.930798;99.023.199;0.930798, 99.023199;IDN;Indonesia;Sumatera Utara;Mandailing Natal;2-High Confidence;
PO1000020046;UNKNOWN;JHONLIN AGRO RAYA;JHONLIN AGRO RAYA;Not RSPO Certified;;13/01/2026;-3.083;115.781;-3.083, 115.781;IDN;Indonesia;Kalimantan Selatan;Kota Baru;2-High Confidence;
PO1000020047;UNKNOWN;PERSADA SEJAHTERA AGRO MAKMUR;PERSADA SEJAHTERA AGRO MAKMUR;Not RSPO Certified;;13/01/2026;-1.381;113.06;-1.381, 113.06;IDN;Indonesia;Kalimantan Tengah;Katingan;2-High Confidence;
PO1000020048;UNKNOWN;ABDI BORNEO PLANTATIONS;ABDI BORNEO PLANTATIONS;Not RSPO Certified;;13/01/2026;2.776;117.555;2.776, 117.555;IDN;Indonesia;Kalimantan Timur;Bulungan;2-High Confidence;
PO1000020049;UNKNOWN;PALEM SEGAR LESTARI;PALEM SEGAR LESTARI;Not RSPO Certified;;13/01/2026;3.822;117.613;3.822, 117.613;IDN;Indonesia;Kalimantan Timur;Nunukan;2-High Confidence;
PO1000020050;UNKNOWN;TUNAS BARU LAMPUNG;SUKADANA 6;Not RSPO Certified;;13/01/2026;-5.104;105.558;-5.104, 105.558;IDN;Indonesia;Lampung; Lehan;2-High Confidence;
PO1000020051;UNKNOWN;CAHAYA GEMILANG SAWIT;CAHAYA GEMILANG SAWIT;Not RSPO Certified;;13/01/2026;0.015835;11.736.927;0.015835, 117.36927;IDN;Indonesia;Kalimantan Timur;Santan Ulu;2-High Confidence;
PO1000020052;UNKNOWN;DOTON PUTRA KANDIS;DOTON PUTRA KANDIS;Not RSPO Certified;;13/01/2026;101.172;10.127.482;1.01172, 101.27482;IDN;Indonesia;Riau;Siak;2-High Confidence;
PO1000020053;UNKNOWN;RAJA PALMA;RAJA PALMA;Not RSPO Certified;;13/01/2026;-2.221.361.111;1.045.266.667;-2.221361111, 104.5266667;IDN;Indonesia;Sumatera Selatan;Banyuasin;1-Fully verified;
PO1000020054;UNKNOWN;RAMBAH SAWIT MANDIRI;RAMBAH SAWIT MANDIRI;Not RSPO Certified;;13/01/2026;0.817120564;1.004.365.872;0.817120564, 100.4365872;IDN;Indonesia;Riau;Rokan Hulu;1-Fully verified;
PO1000020055;UNKNOWN;ANUGERAH MAKMUR JAYA;ANUGERAH MAKMUR JAYA;Not RSPO Certified;;13/01/2026;3.321.149;99.127.838;3.321149, 99.127838;IDN;Indonesia;Sumatera Utara;Tebing Tinggi;1-Fully verified;
PO1000020056;UNKNOWN;BAGAN MULTI SAWIT;BAGAN MULTI SAWIT;Not RSPO Certified;;13/01/2026;169.192;1.005.349;1.69192, 100.5349;IDN;Indonesia;Riau;Rokan Hilir;1-Fully verified;
PO1000020057;UNKNOWN;MEKAR JAYA SAWIT;MEKAR JAYA SAWIT;Not RSPO Certified;;13/01/2026;3.222.536;99.272.496;3.222536, 99.272496;IDN;Indonesia;Sumatera Utara;Simalungun;1-Fully verified;
PO1000020058;UNKNOWN;PETAPAHAN MAKMUR JAYA;PETAPAHAN MAKMUR JAYA;Not RSPO Certified;;13/01/2026;0.6742417;101.050.229;0.6742417, 101.050229;IDN;Indonesia;Riau;Kampar;2-High Confidence;
PO1000020059;UNKNOWN;KHURNIA SAWIT JAYA;KHURNIA SAWIT JAYA;Not RSPO Certified;;13/01/2026;17.179;10.021.879;1.7179, 100.21879;IDN;Indonesia;Sumatera Utara;Labuhanbatu Selatan;2-High Confidence;
PO1000020060;UNKNOWN;FLORA NUSA PERDANA;FLORA NUSA PERDANA;Not RSPO Certified;;13/01/2026;-1.496.089;113.664.464;-1.496089, 113.664464;IDN;Indonesia;Kalimantan Tengah;Gunung Mas;1-Fully verified;
PO1000020061;UNKNOWN;SINERGI INTI MAKMUR;SINERGI INTI MAKMUR;Not RSPO Certified;;13/01/2026;-0.436194;101.387.167;-0.436194, 101.387167;IDN;Indonesia;Riau;Kuantan Singingi;2-High Confidence;
PO1000020062;UNKNOWN;SUBUR BERKAH LESTARI;SUBUR BERKAH LESTARI;Not RSPO Certified;;13/01/2026;-0.43866;101.611.923;-0.43866, 101.611923;IDN;Indonesia;Riau;Kuantan Singingi;2-High Confidence;
PO1000020063;UNKNOWN;ANUGERAH MAKMUR SEJATI;ANUGERAH MAKMUR SEJATI;Not RSPO Certified;;13/01/2026;0.411137;1.119.026;0.411137, 111.9026;IDN;Indonesia;Kalimantan Barat;Kapuas Hulu;3-Low Confidence;
PO1000020064;UNKNOWN;NUSAINA AGRO HUAULU MANISE;NUSAINA AGRO HUAULU MANISE;Not RSPO Certified;;13/01/2026;-290.329;1.297.992;-2.90329, 129.7992;IDN;Indonesia;Maluku;Kobi;1-Fully verified;
PO1000020065;UNKNOWN;HENRISON INTI PERSADA 2;HENRISON INTI PERSADA 2;Not RSPO Certified;;13/01/2026;-1.971.347;116.228.798;-1.971347, 116.228798;IDN;Indonesia;Kalimantan Timur;Paser;3-Low Confidence;
PO1000020066;UNKNOWN;TORUS GANDA;PARSUB - BUKIT HARAPAN 1;Not RSPO Certified;;13/01/2026;1.472.795;1.001.272;1.472795, 100.1272;IDN;Indonesia;Sumatera Utara;Padang Lawas Utara;1-Fully verified;
PO1000020067;UNKNOWN;BERKAT BUMI SAWIT;BERKAT BUMI SAWIT;Not RSPO Certified;;13/01/2026;-3.344.009;102.114.802;-3.344009, 102.114802;IDN;Indonesia;Bengkulu;Bengkulu Utara;2-High Confidence;
PO1000020068;UNKNOWN;MAKMUR PRIMA LESTARI;MAKMUR PRIMA LESTARI;Not RSPO Certified;;13/01/2026;0.02276;11.101.669;0.02276, 111.01669;IDN;Indonesia;Kalimantan Barat;Sekadau;2-High Confidence;
PO1000020069;UNKNOWN;PALMA LESTARI PUTRA BORNEO;PALMA LESTARI PUTRA BORNEO;Not RSPO Certified;;13/01/2026;-1.868.278;110.650.972;-1.868278, 110.650972;IDN;Indonesia;Kalimantan Barat;Ketapang;2-High Confidence;
PO1000020070;UNKNOWN;PERMAI ALAM RAYA;PERMAI ALAM RAYA;Not RSPO Certified;;13/01/2026;0.828556;110.512.639;0.828556, 110.512639;IDN;Indonesia;Kalimantan Barat;Sanggau;2-High Confidence;
PO1000020071;UNKNOWN;SUMATERA PALMA ANDALAN 2;SUMATERA PALMA ANDALAN 2;Not RSPO Certified;;13/01/2026;-3.293.934;10.328.139;-3.293934, 103.28139;IDN;Indonesia;Sumatera Selatan;Musi Rawas;3-Low Confidence;
PO1000020072;UNKNOWN;NATURACEITES S.A.;SAN JERONIMO;Not RSPO Certified;;13/01/2026;15.868.000;-89.225.063;15.868000 , -89.225063;GTM;Guatemala;Izabal;Livingston ;1-Fully Verified;
PO1000020073;UNKNOWN;MARITA MAKMUR JAYA;MARITA MAKMUR JAYA;Not RSPO Certified;;13/01/2026;1.975.176;101.411.611;1.975176, 101.411611;IDN;Indonesia;Riau; Bengkalis;2-High Confidence;
PO1000020074;UNKNOWN;KODECO AGROJAYA MANDIRI;KODECO AGROJAYA MANDIRI;Not RSPO Certified;;13/01/2026;-3.508.972;115.915.739;-3.508972, 115.915739;IDN;Indonesia;Kalimantan Selatan;Tanah Bumbu;2-High Confidence;
PO1000020075;UNKNOWN;ANUGRAH ABADI MULTI USAHA;ANUGRAH ABADI MULTI USAHA;Not RSPO Certified;;13/01/2026;-1.979;115.979;-1.979, 115.979;IDN;Indonesia;Kalimantan Timur;Paser;2-High Confidence;
PO1000020076;UNKNOWN;RIMBA MATOA LESTARI;RIMBA MATOA LESTARI;Not RSPO Certified;;13/01/2026;-2.457.665;139.909.253;-2.457665, 139.909253;IDN;Indonesia;Jayapura;Garusa;2-High Confidence;
PO1000020077;UNKNOWN;BUMITAMA GUNAJAYA ABADI;TONAM RAYA;Not RSPO Certified;;13/01/2026;-2.428.770;11.129.818;-2.428770, 111.29818;IDN;Indonesia;Kalimantan Tengah;Kotawaringin Barat;2-High Confidence;
PO1000020078;UNKNOWN;SINERGI INTEGRITAS AGROINDUSTRI;SINERGI INTEGRITAS AGROINDUSTRI;Not RSPO Certified;;13/01/2026;1.678.564;10.044.260;1.678564, 100.44260;IDN;Indonesia;Riau;Rokan Hilir;2-High Confidence;
PO1000020079;UNKNOWN;CAHAYA LESTARI SAWITA;CAHAYA LESTARI SAWITA;Not RSPO Certified;;13/01/2026;-0.441722;102.452.139;-0.441722, 102.452139;IDN;Indonesia;Riau;Indragiri Hulu;2-High Confidence;
PO1000020080;UNKNOWN;MUBA GLOBAL LESTARI;PT MUBA GLOBAL LESTARI;Not RSPO Certified;;13/01/2026;-2.930.881;103.775.932;-2.930881, 103.775932;IDN;Indonesia;Sumatera Selatan;Musi Banyuasin;3-Low Confidence;
PO1000020081;UNKNOWN;SAHABAT SEJATI SETIA SELALU;SAHABAT SEJATI SETIA SELALU;Not RSPO Certified;;13/01/2026;2.830.463;99.466.724;2.830463, 99.466724;IDN;Indonesia;Sumatera Utara;Asahan;2-High Confidence;
PO1000020082;UNKNOWN;MAJUMAS PASIFIK SDN BHD;MAJUMAS PASIFIK PALM OIL MILL;Not RSPO Certified;;13/01/2026;6.179.411;117.330.750;6.179411, 117.330750;IDN;Indonesia;Sabah;Beluran;1-Fully Verified;
PO1000020083;UNKNOWN;YP PLANTATION HOLDINGS SDN BHD;YPPH PALM OIL MILL SDN BHD;Not RSPO Certified;;13/01/2026;3.282.647;103.370.579;3.282647, 103.370579;IDN;Indonesia;Pahang;Pekan;2-High Confidence;
PO1000020084;UNKNOWN;PT. GAWI MAKMUR KALIMANTAN;PT INDOPENTA SEJAHTERA ABADI;RSPO Certified;RSPO Certified, IP, MB;13/01/2026;-2.133.667;114.993.528;-2.133667, 114.993528;IDN;Indonesia;Kalimantan Tengah;Barito Timur;2-High Confidence;
