company,claim,specificity_score,sentiment_score,sentiment_method,deforestation,traceability,ndpe,peat,deadline,strength,specificity,esg_category,esg_category_score,climate_sentiment,climate_sentiment_score
apical,"The award recognises Apical’s leadership in
• Apical sources CPKO from kernel crushing plants to process
advancing a responsible, deforestation-free and Continuous monitoring and and produce palm kernel oil products.",0.5015770792961121,0.882156879408285,finbert,True,False,False,False,,hard,spec,Ecological_Impacts,0.6031,neutral,0.5207
apical,"Under Apical2030, the Group has Apical also supports the development of social
to support EUDR compliance, while reinforcing committed to supporting the protection and forestry initiatives, with 127 hectares approved
transparency, accountability, and responsible conservation of 150,000 hectares of forest and under the social forestry scheme by KPH Bengalon.",0.7435173392295837,0.8225289382971823,finbert,False,False,False,False,2030.0,soft,spec,Ecological_Impacts,0.9463,opportunity,0.9093
apical,The Group has peatland by 2030.,0.7999842762947083,0.5789424004033208,finbert,False,False,False,True,2030.0,soft,spec,Ecological_Impacts,0.9136,neutral,0.9322
apical,"Other key initiatives include alternative Aceh Singkil, Indonesia 12 17,758 ha of forest protected
traceability, accountability, and partnerships across livelihood programmes such as Trigona honeybee 2,000 trees planted at restoration area
the supply chain.",0.8018080592155457,0.7692007580772042,finbert,False,True,False,False,,soft,spec,Supply_Chain_Management,0.6726,opportunity,0.9449
apical,"Through
the partnership, certified sustainable palm oil
derivatives were developed into “Batik Sawit”,
supporting the preservation of traditional
craftsmanship while reducing environmental
Renewable Energy Efficiency Circular impact.",0.6801416277885437,0.7725976160727441,finbert,False,False,False,False,,soft,spec,Product_Design_And_Lifecycle_Management,0.7237,opportunity,0.9572
apical,"repurposing waste to minimise Laweyan, enabling the replacement of non-
renewable materials with sustainable palm-
our footprint.",0.6627070307731628,0.7292947978712618,finbert,False,False,False,False,,soft,spec,Waste_And_Hazardous_Materials_Management,0.9732,opportunity,0.8837
apical,"As part of our commitment of Environment, and Ministry of Forestry of the sustainable alternative to traditional petroleum-
Today, around 40 batik entrepreneurs are using
to resource efficiency and circularity, we explore Republic of Indonesia and the Environmental based paraffin wax used in batik production.",0.6040990948677063,0.6503666401840746,finbert,False,False,False,False,,soft,spec,Energy_Management,0.4413,opportunity,0.9198
apical,"the innovation, which has improved production
opportunities to minimise our environmental Agency of the Jakarta Province through the Recognised as one of the oldest and largest batik efficiency by reducing melting time and cutting
footprint, including the use of biomass for energy Electronic Environmental Reporting Information districts in Indonesia, Kampung Batik Laweyan LPG gas consumption by half.",0.7542082667350769,0.9380210372619332,finbert,False,False,False,False,,soft,spec,GHG_Emissions,0.5925,opportunity,0.9531
apical,"In 2025, we reduced Transforming waste into value-added products is central to Apical’s circular economy approach and
our waste generation by 18.10% compared to 2024.",0.919912040233612,0.9047524752095342,finbert,False,False,False,False,2025.0,soft,spec,Waste_And_Hazardous_Materials_Management,0.9753,opportunity,0.6024
apical,"Compared to the 2020 baseline of 588,384 tonnes, we Green Innovation pillar.",0.9424980878829956,0.916900061070919,finbert,False,False,False,False,,soft,spec,Product_Design_And_Lifecycle_Management,0.4814,neutral,0.6371
apical,"As part of its Green Innovation pillar, Apical is advancing solutions that convert
have reduced our waste generation by 78.1%.",0.8775721788406372,0.7901124516502023,finbert,False,False,False,False,,soft,spec,Waste_And_Hazardous_Materials_Management,0.968,opportunity,0.9548
apical,"Scheduled for commissioning in early 2027, the
128,670
biorefinery is projected to produce up to 500,000 tonnes of SAF and renewable diesel annually using waste-
based feedstock.",0.9550949931144714,0.6803034632466733,finbert,False,False,False,False,,soft,spec,Waste_And_Hazardous_Materials_Management,0.9305,opportunity,0.9469
apical,"By converting waste streams into renewable fuels, Apical contributes to
the advancement of circular resource management while supporting the decarbonisation of hard-to-abate
Please see Appendix 5A-5C, pages 107 - 108, for the breakdown of waste generated, diverted from disposal and directed to disposal.",0.5638463497161865,0.5412980979308486,finbert,False,False,False,False,,soft,spec,Waste_And_Hazardous_Materials_Management,0.9845,opportunity,0.7984
apical,"5 According to the International Air Transport Association (IATA), SAF can reduce lifecycle CO₂ emissions by up to 80%, depending on the
feedstock and production pathway.",0.6476375460624695,0.8599192136898637,finbert,False,False,False,False,,soft,spec,Air_Quality,0.9627,neutral,0.6545
apical,"Rather than increasing water reuse, these efforts aim
energy performance while maintaining operational derive 38% of total energy use from renewable and to optimise processes so that less water is required to achieve the same outcomes.",0.632253110408783,0.7957702134735882,finbert,False,False,False,False,,soft,spec,Water_And_Wastewater_Management,0.9706,opportunity,0.8764
apical,"Despite the increase in withdrawal, total water consumption decreased by 8.18%
Green Innovation Initiatives 2025 compared to 2024, while water use intensity improved by 10.2%, from 0.000588 ML/t to 0.000528 ML/t of oil
processed.",0.931097447872162,0.1518333926796913,finbert,False,False,False,False,2025.0,soft,spec,Water_And_Wastewater_Management,0.9735,opportunity,0.5026
apical,"A total of 56,065 MT
consumption (2023 - 2025) (%) of wood bark was utilised by our KRNR power plant
compared to 120,000 MT in 2024.",0.9665656685829164,0.6900067627429962,finbert,False,False,False,False,2025.0,soft,spec,Energy_Management,0.9719,neutral,0.5758
apical,"2023 2024 2025 To further improve our reliance on energy from the
grid, we are also exploring opportunities to increase
2023 2024 2025
For the 2025 reporting period, Apical’s total energy the use of various biomass feedstocks to replace
consumption was 21,181,507 GJ.",0.9609109163284302,0.8440465228632092,finbert,False,False,False,False,2025.0,soft,spec,Energy_Management,0.9808,opportunity,0.8747
apical,"In China, wastewater management is regulated (BOD) / mg/L (COD) / mg/L
to improve water use intensity by 30% (see Water Where feasible, treated wastewater is reused for by the Ministry of Ecology and Environment.",0.7021767497062683,0.8658038785215467,finbert,False,False,False,False,,soft,spec,Water_And_Wastewater_Management,0.9724,neutral,0.8836
apical,"These
National limit 150 500
• Reused treated wastewater from the controls and treatments support responsible water
wastewater treatment plants for non-potable management and pollution prevention.",0.5085153579711914,0.5555515387095511,finbert,False,False,False,False,,soft,spec,Water_And_Wastewater_Management,0.9714,neutral,0.821
apical,"We apply a Water circularity focuses on reducing reliance on freshwater by extending the use of water within our
• Utilises a reverse osmosis system to reduce
reference value of 200 mgO₂/L, in line with regional operations.",0.5468329191207886,0.8815479418262839,finbert,False,False,False,False,,soft,spec,Water_And_Wastewater_Management,0.9764,neutral,0.707
apical,"This includes exploring opportunities for water reuse, recycling, and closed-loop systems where
monthly water usage by 30%
regulatory guidance8.",0.6268866062164307,0.6523507316596806,finbert,False,False,False,False,,soft,spec,Water_And_Wastewater_Management,0.9763,opportunity,0.6587
apical,"Managing Effluents 6 Resolution of the Regional Office for Sustainable Development in Apical advances water circularity by treating and reusing wastewater to minimise freshwater withdrawal and
Huelva declaring the modification of the industrial facilities linked reduce effluent discharge by reusing treated water for cooling towers, fire hydrants and domestic cleaning.",0.5393128395080566,0.5870962990447879,finbert,False,False,False,False,,soft,spec,Water_And_Wastewater_Management,0.9754,opportunity,0.6903
apical,"We are committed to responsible wastewater to the Integrated Environmental Authorisation of the biodiesel All effluent discharge from our facilities across Indonesia, China and Spain is within the national allowable
“La Rábida”, located in the municipality of Palos de la Frontera
management by ensuring that all palm oil refinery limit as it is closely monitored and treated before discharging them into the environment.",0.5116592645645142,0.5585630815476179,finbert,False,False,False,False,,soft,spec,Water_And_Wastewater_Management,0.946,neutral,0.9311
apical,"effluent (PORE) from our refineries and 7 Regional Ministry of Agriculture, Livestock, Fisheries and
oleochemical facilities is thoroughly treated, tested Sustainable Development, Regional Office for Sustainable Since 2024, our SDOM refinery has utilised a reverse osmosis system within its waste water treatment plant
and externally verified.",0.5332709550857544,0.8512336490675807,finbert,False,False,False,False,,soft,spec,Waste_And_Hazardous_Materials_Management,0.659,neutral,0.9176
apical,"to recycle water for use in the cooling tower, saving approximately 30 m³ per day through increased water
8 Decree 109/2015 of 17 March, approving the Regulations on
designed to ensure that key quality parameters such reuse.",0.7157883048057556,0.7871934715658426,finbert,False,False,False,False,,soft,spec,Water_And_Wastewater_Management,0.9595,opportunity,0.5932
apical,"At AAJM, treated effluent is also recycled for cooling tower operations, with approximately 300 m³ per
Discharges into the Public Water Domain and the Public Maritime-
as biological oxygen demand (BOD) and chemical Terrestrial Domain of Andalusia.",0.5829919576644897,0.5269304583780468,finbert,False,False,False,False,,soft,spec,Water_And_Wastewater_Management,0.9364,neutral,0.5794
apical,"Our refinery in Padang utilises a rainwater harvesting system as an alternative water source,
oxygen demand (COD), consistently remain within reducing freshwater withdrawal and harvesting approximately 4,109 m3 of rainwater in 2025.",0.8676196932792664,0.9365158756263554,finbert,False,False,False,False,2025.0,soft,spec,Water_And_Wastewater_Management,0.9777,opportunity,0.7921
astraagro,"100% deforestation-free products
2.",0.7086426615715027,0.5374007830396295,finbert,True,False,False,False,,hard,spec,Product_Design_And_Lifecycle_Management,0.5541,neutral,0.4926
astraagro,"Inclusion
• Energy Management Commitment to support
Renewable energy by 93.4% in 2030.",0.8520708680152893,0.9252993799746037,finbert,False,False,False,False,2030.0,soft,spec,Energy_Management,0.9776,opportunity,0.5832
astraagro,"Management
Reduce water withdrawal intensity by
24% in 2030.",0.8495773077011108,0.3574144430458545,finbert,False,False,False,False,2030.0,soft,spec,Water_And_Wastewater_Management,0.976,neutral,0.9177
astraagro,"• Solid Waste Management
100% solid waste recycling.",0.641381561756134,0.5381382987834513,finbert,False,False,False,False,,soft,spec,Waste_And_Hazardous_Materials_Management,0.9845,neutral,0.6481
astraagro,"By the end of 2025, the Company has successfully
reduced emissions by 35.69% of the 30% target.",0.9419193863868712,0.9574477067217232,finbert,False,False,False,False,2025.0,soft,spec,GHG_Emissions,0.623,neutral,0.8788
astraagro,"Reduction of riparian fertilizer, mangrove rehabilitation,
and carbon sequestration from existing conservation area
7.",0.593576967716217,0.5795315778814256,finbert,False,False,False,False,,soft,spec,Ecological_Impacts,0.98,opportunity,0.4922
astraagro,"across Astra Agro’s 31 mills will be achieved by • 100% of FFB supply sources (from partner networks to
the end of 2021 and will be followed by mapping smallholders) are traceable.",0.7367017865180969,0.5937974452972412,finbert,False,True,False,False,,soft,spec,Supply_Chain_Management,0.9218,neutral,0.8741
astraagro,"Decarbonization initiatives included
melalui upaya dekarbonisasi yaitu pengembangan the development of additional methane capture
fasilitas methane capture, yang meningkatkan facilities to enhance energy efficiency and reduce
efisiensi energi dan mengurangi ketergantungan fossil fuel dependency, optimization of the Water
pada bahan bakar fosil.",0.648632824420929,0.6428788162302226,finbert,False,False,False,False,,soft,spec,Energy_Management,0.9672,opportunity,0.8982
astraagro,"Selain itu, optimalisasi Water Management System (WMS) to reduce diesel
Management System (WMS) berhasil menekan consumption, and the implementation of ASTEMIC
penggunaan solar, sementara penerapan pupuk (Astra Efficient Microbes) biofertilizer to reduce
hayati ASTEMIC (Astra Efficient Microbes) mampu inorganic fertilizer usage and improve soil health.",0.6298342943191528,0.8273138841614127,finbert,False,False,False,False,,soft,spec,Water_And_Wastewater_Management,0.9581,opportunity,0.9009
astraagro,"Methane gas generated from the
ditangkap dan dimanfaatkan kembali sebagai waste treatment process is captured and
energi, sehingga mengurangi ketergantungan reused as an energy source, reducing reliance
penggunaan pada bahan bakar fosil dan on fossil fuels and palm kernel shells usage.",0.7320842742919922,0.6653643934987485,finbert,False,False,False,False,,soft,spec,Waste_And_Hazardous_Materials_Management,0.9569,opportunity,0.7682
astraagro,"Langkah ini meningkatkan efisiensi This initiative enhances energy efficiency while
energi sekaligus menurunkan emisi GRK secara significantly lowering GHG emissions.",0.7933079600334167,0.915899840183556,finbert,False,False,False,False,,soft,spec,GHG_Emissions,0.9074,opportunity,0.9268
astraagro,"In addition, the Company is
mencegah kehilangan habitat satwa liar dan committed to preventing wildlife habitat loss and
melarang segala bentuk perburuan terhadap strictly prohibits all forms of hunting of wildlife.",0.5807703137397766,0.5060539171099663,finbert,False,False,False,False,,soft,spec,Ecological_Impacts,0.9754,neutral,0.8486
astraagro,"Selain itu, aplikasi continued to be utilized as organic matter sources
TKKS dan Palm Oil Mill Effluent (POME) terus to sustainably support soil fertility.",0.6018983721733093,0.8151607434265316,finbert,False,False,False,False,,soft,spec,Ecological_Impacts,0.6789,opportunity,0.8738
astraagro,"The Company seeks to optimize
penggunaan energi pada setiap tahapan proses energy use across all stages of the production
produksi, mulai dari transportasi bahan baku, process, from raw material transportation and
pengolahan, hingga operasional pendukung, processing to supporting operations, through the
melalui penerapan teknologi yang lebih efisien adoption of more efficient technologies and the
sekaligus pemanfaatan sumber energi rendah utilization of lower-carbon energy sources.",0.5256056785583496,0.6191935196984559,finbert,False,False,False,False,,soft,spec,Energy_Management,0.9782,opportunity,0.6875
astraagro,"Salah satu langkah nyata yang telah dijalankan One tangible initiative implemented is the use of
adalah pemanfaatan bioenergi berupa biodiesel B40 biodiesel across various operational activities.",0.7836454510688782,0.6231449418701231,finbert,False,False,False,False,,soft,spec,Energy_Management,0.9424,opportunity,0.8896
astraagro,"Sejak Since 2025, Astra Agro has been using B40 biodiesel
tahun 2025 ini, Astra Agro menggunakan biodiesel completely without the use of B35 and B30
B40 secara utuh tanpa penggunaan biodiesel B35 biodiesel.",0.8811801075935364,0.5221521845087409,finbert,False,False,False,False,2025.0,soft,spec,Energy_Management,0.8019,opportunity,0.7798
astraagro,"which support enhanced engine efficiency while
Selain itu, biodiesel memiliki karakteristik reducing the overall carbon footprint of operational
pembakaran yang lebih baik sehingga membantu activities.",0.633550763130188,0.9393010828644036,finbert,False,False,False,False,,soft,spec,Energy_Management,0.9572,opportunity,0.8364
astraagro,"To
reduce reliance on chemical fertilizers, We substitute part of their use
with composted Palm Oil Mill Effluent (POME).",0.6547586917877197,0.597950795199722,finbert,False,False,False,False,,soft,spec,Water_And_Wastewater_Management,0.2463,neutral,0.863
astraagro,"Baru Terbarukan (EBT)
Substitution of coal with palm
kernel shells as an energy source At our refineries units, We reduce coal consumption by substituting it
for refineries units with palm kernel shells as a source of renewable energy.",0.8024294376373291,0.5775073729455471,finbert,False,False,False,False,,soft,spec,Energy_Management,0.9723,opportunity,0.6136
astraagro,"Therefore, we are committed to developing methane
capture facilities at our palm oil mills to capture and utilize methane as
an alternative energy source.",0.7289177179336548,0.8720835365820676,finbert,False,False,False,False,,soft,spec,GHG_Emissions,0.8856,opportunity,0.6364
astraagro,"We also continue reforestation
efforts by planting forest species in designated conservation areas.",0.5325854420661926,0.7456086515448987,finbert,False,False,False,False,,soft,spec,Ecological_Impacts,0.9765,opportunity,0.6381
astraagro,"The replacement of pumps within the Water Management System (WMS)
forms part of the Company’s initiative to improve diesel fuel efficiency
and reduce emissions associated with pump operations.",0.5455337166786194,0.9373137052170932,finbert,False,False,False,False,,soft,spec,Water_And_Wastewater_Management,0.9712,neutral,0.7183
astraagro,"This implementation is expected
to reduce diesel consumption per operating hour, thereby generating
direct cost savings in fuel expenditure and contributing to the reduction
of GHG emissions from WMS operational activities.",0.7683444023132324,0.965253109112382,finbert,False,False,False,False,,soft,spec,GHG_Emissions,0.5577,opportunity,0.825
astraagro,"To enhance
yang digunakan dalam proses pengolahan di PKS water-use efficiency, the Company applies water
dan penyulingan bersumber dari air permukaan reuse practices, including the use of condensate
dan air laut.",0.6259217262268066,0.6004473506473005,finbert,False,False,False,False,,soft,spec,Water_And_Wastewater_Management,0.9404,neutral,0.5792
astraagro,"This commitment
Komitmen tersebut diwujudkan melalui program is implemented through the zero waste mills
zero waste mills, yang menargetkan pemanfaatan program, which targets the reuse of 100% of non-
kembali 100% limbah produksi padat yang hazardous solid production waste.",0.8791913986206055,0.544787329621613,finbert,False,False,False,False,,hard,spec,Waste_And_Hazardous_Materials_Management,0.9849,opportunity,0.6629
astraagro,"The use of environmentally friendly shopping
sebagai pengganti kantong plastik bags as substitutes for plastic bags
2.",0.7030327320098877,0.547031375579536,finbert,False,False,False,False,,soft,spec,Product_Design_And_Lifecycle_Management,0.8762,opportunity,0.5855
astraagro,"Sementara plastic consumption through behavioral
itu, kampanye SEMANGKUP difokuskan pada change, such as encouraging the use of
upaya pengurangan penggunaan plastik sekali environmentally friendly shopping bags.",0.5486788153648376,0.589244416449219,finbert,False,False,False,False,,soft,spec,Product_Design_And_Lifecycle_Management,0.8554,opportunity,0.6716
astraagro,"Reduction of inorganic fertilizers through ASTEMIC, EFB, and
effluent.",0.5290797352790833,0.5455687534995377,finbert,False,False,False,False,,soft,spec,Water_And_Wastewater_Management,0.5953,neutral,0.7784
astraagro,"hingga tahun 2030) Achieving a 30%
selaras dengan target decarbonization target by 1.",0.7952744364738464,0.9278124845586716,finbert,False,False,False,False,2030.0,soft,spec,Management_Of_Legal_And_Regulatory_Framework,0.2525,neutral,0.8965
bumitama,GHG emissions by 18% compared to our 2016 baseline.,0.8324941396713257,0.5506983995437622,finbert,False,False,False,False,,soft,spec,GHG_Emissions,0.9623,neutral,0.9397
bumitama,"However,
to achieve our 30% target by 2030 and lessen our climate footprint,
we are substantially ramping up investments in methane capture
and increasing the use of biocharcoal and organic fertilisers in the
Gunawan H.",0.8814981579780579,0.9439747221767902,finbert,False,False,False,False,2030.0,soft,spec,GHG_Emissions,0.7784,neutral,0.7442
bumitama,"Consistent with Bumitama’s
reforestation and forest-positive programme, BBCP excelled - ABOUT THE REVIEWER
planting over 68,000 trees while adding 180 hectares of reforested Andrew works as a Senior Manager with the Landscape Programme at
area.",0.6295257210731506,0.5768796489574015,finbert,False,False,False,False,,soft,spec,Ecological_Impacts,0.9655,opportunity,0.8671
bumitama,"1 methane capture facility is in
climate adaption 15 existing palm oil mills operation; 3 are in the pipeline
Reduce GHG emissions intensity by 30% 2030 On track.",0.920200526714325,0.8341513243503869,finbert,False,False,False,False,2030.0,soft,spec,GHG_Emissions,0.9662,neutral,0.9027
bumitama,"Rolled out biocharcoal programme,
reductions through composting and increased compositing facilities, improving solid
solid separation separation for wastewater treatment
Waste management Develop a solid waste reduction policy for our 2023 In progress.",0.8093441128730774,0.8880131142213941,finbert,False,False,False,False,,soft,spec,Waste_And_Hazardous_Materials_Management,0.9838,neutral,0.7347
bumitama,"12.2 Target revised to 2025
Pesticides and 85% of planted area to be rodenticide-free 2023 Achieved and exceeded in 2023 with 95% of
chemical usage (2018 baseline) operations rodenticide-free in 2023 and 96%
in 2024
12.4, 12.5 Develop a chemical fertiliser reduction 2024 Ongoing.",0.8491406440734863,0.6622550669126213,finbert,False,False,False,False,2025.0,soft,spec,Selling_Practices_And_Product_Labeling,0.3746,neutral,0.7952
bumitama,"However, plasma certified
area increased from 3.4% to 4.0% of total
plasma planted area since 2022
Community development Support 6 communities through social forestry 2025 Achieved and exceeded.",0.8752895593643188,0.9637705124914646,finbert,False,False,False,False,2025.0,soft,spec,Human_Rights_And_Community_Relations,0.9397,opportunity,0.7853
bumitama,"| Sustainability Report 2024 - 12 - TRIPLE ZERO TARGET
PROGRAMME
(STEPWISE TARGETS)
In 2020, we launched our ambitious Triple
Zero Target Programme – an initiative aimed
at achieving zero occurrences related
to fires, environmental incidents, and
workplace accidents by 2025.",0.5506480932235718,0.8211596752516925,finbert,False,False,False,False,2025.0,hard,spec,Employee_Health_And_Safety,0.7036,neutral,0.9042
bumitama,"As of December 2024, we have facilitated
Bumitama plays a substantial role in addressing industry-wide
certification for 2,483 hectares of plasma – an increase from
sustainability challenges.",0.7142990231513977,0.9651843551546336,finbert,False,False,False,False,,soft,spec,Product_Design_And_Lifecycle_Management,0.4334,opportunity,0.5969
bumitama,"In 2023, we continued
our customers.",0.7011592984199524,0.7495710318908095,finbert,False,False,False,False,,soft,spec,Business_Model_Resilience,0.2795,neutral,0.8222
bumitama,"This focus has led to strategic operational
investments to significantly reduce emissions from our mills,
particularly through methane capture and other initiatives.",0.5929726362228394,0.9408125556074084,finbert,False,False,False,False,,soft,spec,GHG_Emissions,0.9491,opportunity,0.6904
bumitama,"We
are also exploring new ways of decreasing chemical fertiliser
usage through application of compost and biocharcoal.",0.5785395503044128,0.6313838819041848,finbert,False,False,False,False,,soft,spec,Product_Design_And_Lifecycle_Management,0.2977,opportunity,0.6534
bumitama,"we have identified
a net gain of 920.5 Our overarching objective is to increase total forest cover
hectares in forest in our company-controlled conservation areas by 10% by
land cover since 2020 2025 compared to our 2020 baseline of 34% (or a total
– representing forest cover target of 44%).",0.947511911392212,0.9671870670281352,finbert,False,False,False,False,2025.0,soft,spec,Ecological_Impacts,0.966,opportunity,0.5062
bumitama,"This will be achieved through
active reforestation, planting, and fostering natural regrowth
a 5.3% increase
through company initiatives and community partnerships.",0.7701152563095093,0.939874473027885,finbert,False,False,False,False,,soft,spec,Ecological_Impacts,0.9605,opportunity,0.962
bumitama,"As a result, meeting our annual forest programmes, we run reforestation activities across our
loss target of below 0.1% has been very challenging.",0.7769634127616882,0.0950431730598211,finbert,False,False,False,False,,soft,spec,Ecological_Impacts,0.9222,neutral,0.7076
bumitama,"and 2024, land-clearing resulted in the loss of 604 hectares
of forest within our managed area (401 hectares in 2023 and Since 2021, and with the help of BBCP and social forestry
203 hectares in 2024), representing 1.07% and 0.56% of initiatives, we have reforested 468 hectares with over
our conservation areas, respectively.",0.9602803587913512,0.2286545969545841,finbert,False,False,False,False,,soft,spec,Ecological_Impacts,0.9731,opportunity,0.8327
bumitama,"- 27 - Environmental Protection and Land Use A landscape approach: the PPI Compact in Ketapang
We actively engage in multi-stakeholder initiatives such as the Sustainable Trade Initiative’s (Initiatief Duurzame Handel [IDH])
Production, Protection, Inclusion (PPI) Compact in the Ketapang region, which promotes sustainable production, forest
protection, and restoration across one million hectares.",0.5397070646286011,0.7528756665997207,finbert,False,False,False,False,,soft,spec,Ecological_Impacts,0.9635,opportunity,0.8895
bumitama,"In partnership with local government authorities, we support restoration
programmes covering up to 20,000 hectares of forest and peatland, enhance sustainable palm oil production, and improve
the livelihoods of smallholders.",0.7613872289657593,0.9083546996116638,finbert,False,False,False,True,,soft,spec,Ecological_Impacts,0.9332,opportunity,0.9721
bumitama,"With 180 hectares reforested and
68,060 trees planted since 2021 and 800 hectares reforested
under FlyForest programme in 2020, restoration efforts have
strengthened habitat connectivity, ensuring that the region’s
diverse ecosystem – including Bornean orangutans and other
endemic species – continues to thrive.",0.8228667974472046,0.9674661038443446,finbert,False,False,False,False,,soft,spec,Ecological_Impacts,0.9775,opportunity,0.9324
bumitama,"Since 2016, IDH and Bumitama have
collaborated in several programmes, including conservation
initiatives within Bumitama’s concessions, establishing the KEE
with the government, and setting up and implementing the PPI
Compact to achieve deforestation-free supply chains.",0.5814718008041382,0.8619304141029716,finbert,True,False,False,False,,hard,spec,Supply_Chain_Management,0.591,opportunity,0.673
bumitama,"| Sustainability Report 2024 - 32 - PEAT CONSERVATION Our team is pursuing carbon certification for our methane
capture and biocharcoal projects, which will quantify
[GRI 2-23, 2-24, 3-3, 13.4.1, 13.4.2]
emissions reductions and potentially generate verified
Bumitama remains committed to a policy of zero new carbon credits.",0.7473086714744568,0.8152892701327801,finbert,False,False,False,True,,hard,spec,GHG_Emissions,0.9286,neutral,0.6522
bumitama,"monitor our annual GHG emissions, ensuring a consistent
As of December 2024, our total peatland area stands at 9,171 application of the methodology across all operations,
hectares, of which 8,089 hectares are planted (4.3% of our regardless of certification status.",0.8883042335510254,0.5722469543106854,finbert,False,False,False,True,,soft,spec,GHG_Emissions,0.9669,neutral,0.9436
bumitama,"2
These reductions are primarily attributed to lower fertiliser
2020 2021 2022 2023 2024
application at plantations and increased consumption of
renewable energy from biomass.",0.8477320671081543,0.6453540958464146,finbert,False,False,False,False,,soft,spec,Energy_Management,0.9807,neutral,0.7953
bumitama,"Land clearing | 1,450,957
Bumitama remains committed to mitigating climate change
and aligning with Indonesia’s Net Zero 2060 ambitions.",0.6714867949485779,0.8831975995562971,finbert,False,False,False,False,,hard,spec,Physical_Impacts_Of_Climate_Change,0.9362,neutral,0.8527
bumitama,"Note: Based on RSPO PalmGHG output
With a target of a 30% emissions intensity reduction by
2030 (from our 2016 baseline), Bumitama continues to
refine and integrate climate mitigation measures into our
core operations.",0.6705881953239441,0.9141455260105432,finbert,False,False,False,False,2030.0,soft,spec,GHG_Emissions,0.6972,neutral,0.9617
bumitama,"Less than 1% comes from emissions
investing in methane capture facilities, which form a key part
from purchased electricity (Scope 2), given that our mills
of our climate mitigation strategy.",0.8604397773742676,0.6166449489537627,finbert,False,False,False,False,,soft,spec,GHG_Emissions,0.9049,neutral,0.9522
bumitama,"| Sustainability Report 2024 - 34 - We plan to install methane reduction systems at 15 mills by the This was primarily due to implementing energy-saving policies
end of 2029, using company’s own resources, contributing in residential areas, an increased use of renewable energy,
to our 2030 emissions reduction target.",0.9240991473197936,0.8749017198570073,finbert,False,False,False,False,2030.0,soft,spec,Energy_Management,0.9709,opportunity,0.6781
bumitama,"Our energy intensity, measured
reducing the Group’s total net emissions by approximately as energy consumption per metric tonne of CPO, increased
7%, while generating 3 megawatts (MW) of electricity for the slightly to 10.3 GJ/MT CPO in 2024 from 9.8 GJ/MT CPO in
national grid.",0.9594149589538574,0.9682413190603256,finbert,False,False,False,False,,soft,spec,Energy_Management,0.9725,neutral,0.7876
bumitama,"Bumitama’s aerobic composting facilities play a key role in
reducing methane emissions by preventing the anaerobic Total energy consumed by sourced 2021–2024 (TJ)
decomposition of organic matter.",0.6929951310157776,0.756079840939492,finbert,False,False,False,False,,soft,spec,GHG_Emissions,0.8408,neutral,0.6737
bumitama,"Bumitama currently
operates 14 composting sites, and in 2024, 38.7% of total
Renewable Non-renewable
POME was diverted to these facilities to produce compost
for land application.",0.9449778199195862,0.5234907930716872,finbert,False,False,False,False,,soft,spec,Energy_Management,0.5962,opportunity,0.6776
bumitama,"Indonesia’s FOLU Net Sink 2030
Tenaga Surya [PLTS]) to provide electricity to employee
aims to achieve an emissions level from the Forestry
residential areas in and around our estates.",0.8697249293327332,0.8473018598742783,finbert,False,False,False,False,2030.0,soft,spec,Energy_Management,0.6168,opportunity,0.6627
bumitama,"We started with a
and Other Land Use sector of minus 140 MT CO e
2 pilot 57-kilowatt hour (kWh) system at our Central Kalimantan
and a further reduction to 340 MT CO e by 2050.",0.965559720993042,0.6198344230651855,finbert,False,False,False,False,2050.0,soft,spec,Energy_Management,0.959,opportunity,0.5921
bumitama,"The PLTS initiative supports our commitment to
consumption, expand our use of renewable energy, and reducing emissions from non-renewable energy sources
enhance operational efficiencies.",0.5272501707077026,0.9457208067178726,finbert,False,False,False,False,,soft,spec,Energy_Management,0.98,opportunity,0.7734
bumitama,"In 2024, we sourced 96% of conditions for our employees by providing a more reliable
our energy from renewable sources, while the remaining 4% power supply in isolated areas.",0.8951418399810791,0.6582570131868124,finbert,False,False,False,False,,soft,spec,Energy_Management,0.9777,opportunity,0.8733
bumitama,"total energy consumption, from
13,927,696 GJ in 2022 to We are also actively exploring other renewable energy
11,701,032 GJ in 2024 sources, including a waste heat recovery system, which
utilises heat from our mill boilers to generate electricity.",0.9611404538154602,0.5837824863847345,finbert,False,False,False,False,,soft,spec,Energy_Management,0.9802,opportunity,0.8883
bumitama,"We continue to prioritise organic fertilisers to enhance soil
quality, improve nutrient absorption, and reduce reliance on
Inorganic fertiliser usage 2020–2024 (MT/ha)
chemical inputs.",0.5476999282836914,0.915222390089184,finbert,False,False,False,False,,soft,spec,Customer_Welfare,0.376,neutral,0.7409
bumitama,"However, in 2024, our inorganic fertiliser
use increased to 1.07 tonnes per planted hectare, 28.9%
more than in 2023.",0.9587287306785583,0.9660410275682808,finbert,False,False,False,False,,soft,spec,Energy_Management,0.443,neutral,0.7547
bumitama,"significantly reduce our use of rodenticide,
These include:
with rodenticide-free plantations expanding
from 11% of the total planted in 2017 to over 1 Developing and deploying in-house biopesticides to
96% in 2024.",0.9046423435211182,0.8998900880105793,finbert,False,False,False,False,,soft,spec,Selling_Practices_And_Product_Labeling,0.2768,opportunity,0.669
bumitama,"https://doi.org/10.22146/jpti.52582
- 41 - Environmental Protection and Land Use WASTE MANAGEMENT Solid waste produced and reused in 2023–2024 (MT)
[GRI 2-23, 2-24, 3-3, 306-1, 306-2, 306-3, 306-4, 306-5] Type 2023 2024
As part of our commitment to responsible waste management Total recycled/reused 2,230,633 1,945,935
practices, we strive to minimise waste generation and Palm fibre 649,561 613,871
promote the reuse and recycling of operational by-products Palm kernel shell (PKS) 334,421 328,410
and equipment components.",0.7909924387931824,0.5382151533849537,finbert,False,False,False,False,,soft,spec,Waste_And_Hazardous_Materials_Management,0.983,neutral,0.7345
bumitama,"Bumitama is developing
a strategy for improved general waste management, which
includes composting organic waste and reusing or recycling
plastic into building materials
Bumitama integrates a circular approach to waste management, ensuring that
all POME is repurposed to enhance soil fertility and reduce reliance on synthetic
fertilisers.",0.5389992594718933,0.7336825341917574,finbert,False,False,False,False,,soft,spec,Waste_And_Hazardous_Materials_Management,0.9846,opportunity,0.8472
bumitama,"A significant portion of untreated POME (38.7%) is directed to co-
composting facilities, where it is combined with EFB to produce nutrient-rich
organic compost.",0.7903881669044495,0.5351844537071884,finbert,False,False,False,False,,soft,spec,Customer_Welfare,0.2527,opportunity,0.7946
bumitama,"This process has the potential to substitute 50% of inorganic
fertilizers in our nurseries and 25% in mature planted areas, as evidenced by
various trials we have conducted, contributing to both soil health improvement
and emissions reduction.",0.7273420691490173,0.915508828125894,finbert,False,False,False,False,,soft,spec,Employee_Health_And_Safety,0.2153,opportunity,0.9367
bumitama,"With our 14 composting facilities across our estates,
we are exploring further innovations, including the partial composting of EFB for
application through furrow or flat-bed systems, thus reinforcing our commitment
to sustainable and regenerative agricultural practices.",0.790135383605957,0.8974424034822732,finbert,False,False,False,False,,soft,spec,Energy_Management,0.2239,opportunity,0.9413
bumitama,"Recognising the importance of nutrient recycling in achieving a near-circular
waste system, Bumitama is actively exploring the development of a closed-loop
facility to treat and repurpose all liquid waste into clean water.",0.5382035374641418,0.8248922182247043,finbert,False,False,False,False,,soft,spec,Waste_And_Hazardous_Materials_Management,0.9847,opportunity,0.9405
bumitama,"Research suggests that certain microbes, such
as Mycorrhizal fungi, can sequester up to 36% of carbon
emissions from fuel combustion.6
Recognising this as an opportunity to enhance our soil
programmes, Bumitama has invested in a microbiology
programme, launching a research partnership in 2017 with
a public university to explore beneficial fungi and bacteria.",0.7100870013237,0.8891148208640516,finbert,False,False,False,False,,soft,spec,Ecological_Impacts,0.7654,opportunity,0.95
bumitama,"We commissioned
our first biocharcoal facility at our Pundu Nabatindo mill,
which is capable of producing five tonnes of biocharcoal per
hour.",0.924759566783905,0.7173358695581555,finbert,False,False,False,False,,soft,spec,Energy_Management,0.6204,opportunity,0.8834
bumitama,"4 Is possibly a less emission-intensive soil enrichment
approach due to biocharcoal’s ability to store carbon
and limit its release into the atmosphere
5 Produced from the combustion of organic waste
sourced from the plantation, specifically EFB.",0.5440384149551392,0.6532075623981655,finbert,False,False,False,False,,soft,spec,Waste_And_Hazardous_Materials_Management,0.9794,opportunity,0.5246
bumitama,"As part of our long-term
Workers 29.6%
29.8% Triple Zero Target strategy, we have implemented a phased
approach to reduce all accident rates by 75% by 2025,
10.7%
Staff 10.8% benchmarked against our 2020 baseline.",0.9438210725784302,0.8428277187049389,finbert,False,False,False,False,2025.0,hard,spec,Employee_Health_And_Safety,0.8427,neutral,0.9115
bumitama,"Together, we have rehabilitated degraded areas, provided Improvements of
community support and capacity-building programmes, infrastructure such Product market
secured forested areas, and promoted the development as irrigation and access and
pumps system contract support
of ecotourism.",0.5151224732398987,0.8597783725708723,finbert,False,False,False,False,,soft,spec,Ecological_Impacts,0.7217,opportunity,0.9506
bumitama,We aim to achieve 100% traceability to plantation by the end of 2026.,0.8498300909996033,0.8967988123185933,finbert,False,True,False,False,,soft,spec,Data_Security,0.2164,neutral,0.7872
bumitama,"We monitor our suppliers’ adherence to our no-deforestation
To support smallholders in overcoming these challenges,
and peat development commitments through a satellite-
we provide targeted assistance to help them achieve
based monitoring system covering over 140,000 hectares.",0.5425875186920166,0.7493273771833628,finbert,True,False,False,True,,soft,spec,Ecological_Impacts,0.9124,opportunity,0.7936
bumitama,"agreement with the Rainforest Alliance for a five-year
To help address this, we actively engage with and support smallholder support programme in Ketapang.",0.6867586374282837,0.9139087996445596,finbert,False,False,False,False,,soft,spec,Human_Rights_And_Community_Relations,0.2471,opportunity,0.6102
bumitama,"As part of
these smallholders in enhancing their capacity to participate this initiative, Bumitama and the Rainforest Alliance will
in certification schemes.",0.5181201100349426,0.8823389981407672,finbert,False,False,False,False,,soft,spec,Management_Of_Legal_And_Regulatory_Framework,0.7214,opportunity,0.574
bumitama,"It permits the mixing of
RSPO-certified palm oil from a variety of sources.",0.5678620338439941,0.5390622299164534,finbert,False,False,False,False,,soft,spec,Customer_Welfare,0.3031,neutral,0.5331
firstresources,"As of December 2024, more than 800 equivalent (tCO e) being emitted into the atmosphere.",0.8810661435127258,0.5144538069143891,finbert,False,False,False,False,,soft,spec,GHG_Emissions,0.6919,neutral,0.8647
firstresources,"conservation, and we have reforested more than 166
hectares of previously degraded land to date.",0.8689990639686584,0.6652722237631679,finbert,False,False,False,False,,soft,spec,Ecological_Impacts,0.9753,neutral,0.4966
firstresources,"In 2023, we partnered with
the Natural Resources Conservation Centre of East In 2025, we will continue the scheme in collaboration
A conservation and environmental education forest Kalimantan (BKSDA), under the Directorate General of with BKSDA and launch an enrichment planting
[GRI 13.4.1] Conservation of Natural Resources and Ecosystems, programme on the periphery of the Lembonah HPKL.",0.8536938428878784,0.705312984297052,finbert,False,False,False,False,2025.0,soft,spec,Ecological_Impacts,0.9806,opportunity,0.9415
firstresources,"We aim to rehabilitate
20 hectares of conservation area and plant more than 120.3 35,963
5,500 trees, annually.",0.926590085029602,0.6818595323711634,finbert,False,False,False,False,,soft,spec,Ecological_Impacts,0.9758,opportunity,0.9458
firstresources,"At First Resources, To manage peatlands effectively, we have implemented
and per our 2015 Policy on Sustainable Palm Oil, we several strategies, including blocking canals and
are committed to no further planting on peat.",0.6012188196182251,0.7938697505742311,finbert,False,False,False,True,,soft,spec,Ecological_Impacts,0.7557,neutral,0.9242
firstresources,"GAPKI and the World Resources Institute (WRI) to enhance 2023, achieving our target to reduce fires each year.",0.5310346484184265,0.9448110526427628,finbert,False,False,False,False,,soft,spec,GHG_Emissions,0.3026,neutral,0.9166
firstresources,"We went a step further with a Purchased goods and services
37.93% Use of sold products
more comprehensive assessment to determine a clear
3.39%
distinction between FLAG and non-FLAG emissions.",0.7128923535346985,0.8213025517761707,finbert,False,False,False,False,,soft,spec,Product_Design_And_Lifecycle_Management,0.9419,neutral,0.9498
firstresources,"To achieve this, we are heavily investing in
Scope 1 FLAG emissions is our firm commitment to methane capture facilities to trap its release from
no deforestation and no planting on peat, ensuring that the POME treatment process.",0.7520287036895752,0.774123216047883,finbert,True,False,True,True,,hard,spec,GHG_Emissions,0.9432,neutral,0.8342
firstresources,"In addition, achieved in 2024 was the successful commissioning of
First Resources has mapped the carbon sequestration two new methane capture facilities, bringing our total to
potential of approximately 24,000 hectares of HCV ten.",0.9519774317741394,0.9271582248620688,finbert,False,False,False,False,,soft,spec,GHG_Emissions,0.937,opportunity,0.9573
firstresources,"Other factors that contributed to the reduction of our
METHANE CAPTURES AND EMISSIONS
Scope 1 non-FLAG emissions include the increased use of
AVOIDED (EST.) 2020–2024
renewable energy at our operations, particularly through
10
the utilisation of biogas fuel, biomass (namely palm oil
fibre and palm kernel shell), and the increasing use of palm breeding programme which aims to develop more
8 8 368,982 the biofuel blend of Methyl Ester (ME) in B35 biodiesel.",0.9147619605064392,0.8086878536269069,finbert,False,False,False,False,,soft,spec,Energy_Management,0.4672,opportunity,0.62
firstresources,"213,435 211,859
minimises methane generation during POME treatment
180,000
by efficiently disposing of solid organic matter that Our efforts also extend to our supply chain, where our
128,361
can also be reused as sustainable organic fertiliser.",0.8389995694160461,0.6243001387920231,finbert,False,False,False,False,,soft,spec,Customer_Welfare,0.256,opportunity,0.8846
firstresources,"This includes the use of biomass
(palm kernel shells and fibres), biogas, and biodiesel For this report, we have re-established our energy
In 2024, we used a total of 9,849,957 gigajoules (GJ) in our operations.",0.9472680687904358,0.5549451056867838,finbert,False,False,False,False,,soft,spec,Energy_Management,0.9675,neutral,0.6519
firstresources,"Additionally, 812,347 m3 of
water recycling initiatives, we have successfully met our steriliser condensate produced during the FFB sterilisation
water consumption intensity target of below 1.0 m3/MT process was recycled into our CPO dilution process.",0.9160392880439758,0.837868221104145,finbert,False,False,False,False,,soft,spec,Water_And_Wastewater_Management,0.9366,opportunity,0.6316
firstresources,"We recycle and reuse all non-hazardous
organic fertiliser
waste generated by our upstream processes.",0.5213513970375061,0.5238887355662882,finbert,False,False,False,False,,soft,spec,Waste_And_Hazardous_Materials_Management,0.9847,neutral,0.8746
firstresources,also developed a technique that has halved our use of riparian buffer zones is prohibited.,0.579063892364502,0.6842915657907724,finbert,False,False,False,False,,soft,spec,Ecological_Impacts,0.9768,neutral,0.7838
firstresources,"In 2024, we reused
Examples of our IPM approach include the use of barn glyphosate, extended application intervals and thereby 92% of POME and over 98% of EFB as organic fertilisers.",0.8034944534301758,0.6031892334576696,finbert,False,False,False,False,,soft,spec,Customer_Welfare,0.6715,neutral,0.584
firstresources,"To improve soil fertility, we
ORGANIC FERTILISER cultivate land cover crops, which help increase nitrogen
EFB (tonnes) 511,015 566,573 616,689 664,489 701,944 levels, reduce runoff, and suppress weed growth.",0.5864143371582031,0.7461684122681618,finbert,False,False,False,False,,soft,spec,Ecological_Impacts,0.9445,opportunity,0.9024
firstresources,"Additionally, we support integrated health
posts (posyandu), which provide health programmes
for mothers, infants, and children under the “Healthy
Together with First Resources” scheme, including
growth and development assessments, nutritional
education, maternal health check-ups, immunisations, more than IDR 3 billion was allocated to support road promote forest conservation and protection efforts in
and vaccinations.",0.7754631042480469,0.8131580748595297,finbert,False,False,False,False,,soft,spec,Access_And_Affordability,0.7869,opportunity,0.9626
firstresources,8 The supplier has made commitments to ensure that all volumes comply with the relevant no deforestation and no peat commitments and is planning or implement it for existing suppliers in 2025.,0.6107345819473267,0.6882414985448122,finbert,True,False,True,True,2025.0,hard,spec,Ecological_Impacts,0.4744,neutral,0.9375
gar,"Empowerment
• Partnered with ADM and Tzu Chi Indonesia on a two-year initiative to build healthier and more resilient communities in Lubuk Gaung.",0.7656950950622559,0.9486819012090564,finbert,False,False,False,False,,soft,spec,Business_Model_Resilience,0.6408,opportunity,0.9545
gar,"32 GOLDEN AGRI-RESOURCES LTD SUSTAINABILITY REPORT 2025
3
Sourcing
Responsibly
In This Chapter
Our Supply Chain
Transformation 34
Beyond Traceability: Unlocking Real Impact 36
Upholding NDPE Commitments 40
Ethical Sourcing Practices 46
Strengthening Smallholder Capabilities 48
Sourcing 33
Responsibly GOLDEN AGRI-RESOURCES LTD SUSTAINABILITY REPORT 2025
Our Supply Chain
Transformation
Since adopting the GAR Social and Environmental Traceability to Plantation
Policy (GSEP) in 2015, we have built one of the
industry’s most comprehensive responsible sourcing In 2025, we achieved 99.8% traceability to plantation.",0.5440251231193542,0.7490354334004223,finbert,False,True,True,False,2025.0,soft,spec,Supply_Chain_Management,0.9431,neutral,0.8529
gar,"TTP also enables us to 99.8%
TTP Indonesian
build deforestation-free supply in compliance with No
Palm Supply Traceability
Deforestation, No Peat, and No Exploitation (NDPE) at
Chain
the point of origin.",0.6416710019111633,0.7808979237452149,finbert,True,True,True,True,,hard,spec,Supply_Chain_Management,0.9226,neutral,0.5465
gar,"suppliers
Forest protection has been guided by our Forest Conservation Policy
ASSESSMENT:
since 2011, making us the first palm oil producer to implement a 509 (100%)
dedicated forest conservation policy.",0.6091361045837402,0.7562221381813288,finbert,False,False,False,False,,soft,spec,Ecological_Impacts,0.9705,neutral,0.9001
gar,"Since 2014, total Deforestation, Peat Management, Fire,
productivity gains across our operations have been achieved through GHG Emissions, Waste Management.",0.6206284761428833,0.8954897099174559,finbert,True,False,False,True,,soft,spec,GHG_Emissions,0.9629,neutral,0.6449
gar,We support Responsible Agri Commodity Sourcing Policy for non-palm sourcing by 2030.,0.590364396572113,0.6055513373576105,finbert,False,False,False,False,2030.0,soft,spec,Supply_Chain_Management,0.5286,neutral,0.9484
gar,Our ambition is to achieve 100% sourcing from low-risk suppliers by 2030.,0.842899739742279,0.8963757958263159,finbert,False,False,False,False,2030.0,soft,spec,Supply_Chain_Management,0.9311,neutral,0.9041
gar,"We also work
Collective for Impact target to support smallholders
with experienced partners, such as IDH, to promote the
in these ecosystems by 2035.",0.5198598504066467,0.9101222099270672,finbert,False,False,False,False,,soft,spec,Management_Of_Legal_And_Regulatory_Framework,0.6705,opportunity,0.8706
gar,"Our Impact
Through our Sawit Terampil Programme, we can verify
Our efforts contribute directly to our Collective for
land legality, improve farmers' incomes, reduce pressure
Impact commitment to train 100,000 smallholders
on forests, promote responsible farming practices, and
by 2035.",0.7029829025268555,0.8740666145458817,finbert,False,False,False,False,,soft,spec,Management_Of_Legal_And_Regulatory_Framework,0.7667,opportunity,0.9346
gar,"In 2025, 11,250 independent smallholders
contribute to more sustainable palm oil production.",0.912269413471222,0.8802314172498882,finbert,False,False,False,False,2025.0,soft,spec,Supply_Chain_Management,0.4691,opportunity,0.9589
gar,"Further investments in methane capture facilities, including 3
energy sources, including the use of in 2025.",0.7809820175170898,0.6452325896825641,finbert,False,False,False,False,2025.0,soft,spec,GHG_Emissions,0.6443,neutral,0.7776
gar,biogas generated from methane capture.,0.5129011273384094,0.5135731496848166,finbert,False,False,False,False,,soft,spec,GHG_Emissions,0.9339,neutral,0.5735
gar,"59 GOLDEN AGRI-RESOURCES LTD SUSTAINABILITY REPORT 2025
Climate Mitigation
We are committed to achieving net zero emissions by 2050, aligning our ambition with the Paris Agreement 1.5°C pathway and Indonesia’s national net zero target by 2060.",0.5470606088638306,0.8559124479070306,finbert,False,False,False,False,2025.0,hard,spec,GHG_Emissions,0.694,neutral,0.953
gar,"In 2025, we commissioned three new progress toward cleaner energy sourcing, led by the
our supply chain the most significant contributor.",0.8280383944511414,0.9118999489583076,finbert,False,False,False,False,2025.0,soft,spec,Supply_Chain_Management,0.9161,opportunity,0.5382
gar,"Removals Emissions Intensity
GAR continues to demonstrate a firm commitment to In 2025, our total upstream emissions intensity decreased by 6.1% to 2.60 tCO e per tonne of crude palm oil (CPO), down
2
climate action by implementing targeted carbon removal from 2.77 tCO e per tonne CPO in 2024.",0.9525983929634094,0.2998792976140976,finbert,False,False,False,False,2025.0,soft,spec,GHG_Emissions,0.8449,neutral,0.9404
gar,"Since 2023, we have reduced our reliance on coal (a fossil fuel)
decarbonisation strategy.",0.7248786091804504,0.730384411290288,finbert,False,False,False,False,,soft,spec,Energy_Management,0.8733,neutral,0.896
gar,"In 2025, total energy consumption rose modestly by 1.3%, to 43.3 while increasing the use of biomass as a cleaner alternative.",0.8950724005699158,0.9642547625117004,finbert,False,False,False,False,2025.0,soft,spec,Energy_Management,0.9805,opportunity,0.8747
gar,"In 2025, non-renewable energy
million gigajoules (GJ), broadly in line with increased production across both upstream and consumption increased by 1.7%, mainly attributed to production activities.",0.8893394470214844,0.9622497274540364,finbert,False,False,False,False,2025.0,soft,spec,Energy_Management,0.9792,opportunity,0.5212
gar,"Despite an increase in overall production volumes, energy intensity remain committed to transitioning to renewable energy sources in our downstream operations.",0.5608425736427307,0.926657845498994,finbert,False,False,False,False,,soft,spec,Energy_Management,0.9782,neutral,0.7258
gar,"We continue to invest
Group, 54.0% of total energy is sourced from renewable sources.",0.8903265595436096,0.5579347291495651,finbert,False,False,False,False,,soft,spec,Energy_Management,0.976,opportunity,0.6902
gar,"in renewable energy infrastructure, including methane capture facilities at palm oil mills and
Our upstream operations continue to lead, with 92.7% of energy derived from renewable biomass boilers powered by residues such as palm kernel shells, thereby reducing fossil fuel
sources, primarily biomass from operational by-products.",0.8816113471984863,0.9317991444841028,finbert,False,False,False,False,,soft,spec,Energy_Management,0.9765,opportunity,0.9041
gar,"63 GOLDEN AGRI-RESOURCES LTD SUSTAINABILITY REPORT 2025
Key Milestones Initiatives at our Tarjun and Methane capture facilities
Marunda refinery Invested in the introduction of three new methane capture
facilities, bringing the total to 11, converting high-impact
After transitioning the coal-fired plant at our Tarjun refinery to methane emissions into usable renewable energy.",0.9240145683288574,0.9231413188390434,finbert,False,False,False,False,2025.0,soft,spec,GHG_Emissions,0.8753,opportunity,0.8954
gar,"PKM-P
has since been introduced as an additional fuel source at the Low-carbon fuel production
facility, reinforcing our ongoing efforts to optimise biomass
Our biodiesel capacity stands at 1.05 million tonnes annually,
utilisation and phase out high-carbon fuels across
supporting Indonesia’s B35 and B40 blending mandates.",0.9429165720939636,0.9204578234348446,finbert,False,False,False,False,,soft,spec,Energy_Management,0.9736,opportunity,0.8854
gar,"Our efforts have been recognised through
began construction of a steam biomass boiler, further increasing the Subroto Award, highlighting our contribution to advancing
the share of renewable energy in our thermal energy supply.",0.9178930521011353,0.959267754573375,finbert,False,False,False,False,,soft,spec,Energy_Management,0.9789,opportunity,0.9413
gar,"In 2025, all
we have ceased new development in our main estates, downstream and 34 upstream mills and
shifting focus toward yield improvement and reinforcing one estate achieved PROPER blue rating,
our zero-deforestation commitment.",0.8808456659317017,0.8114336617290974,finbert,True,False,False,False,2025.0,hard,spec,Ecological_Impacts,0.9503,opportunity,0.7901
gar,"These efforts will build on our internal application (mg/l)
increased by 1.5%, from 7.3 million cubic metres in 2024 to water stress assessments using the World Resources
7.4 million cubic metres in 2025, largely driven by higher Institute desktop water assessment conducted to identify Sumatra 1,836 1,801 1,735
operational and maintenance requirements across water-stressed areas across our operations.",0.8506507277488708,0.9647981724701822,finbert,False,False,False,False,2025.0,soft,spec,Water_And_Wastewater_Management,0.9764,neutral,0.771
gar,"Peat Planted
Peat Non-Planted
Rewetting Revegetation Revitalisation
We are maintaining water levels to enhance carbon storage.",0.5699872374534607,0.8554594838060439,finbert,False,False,False,True,,soft,spec,Water_And_Wastewater_Management,0.9338,neutral,0.5574
gar,"Together, we rehabilitated 2,003
hectares of peatland to help reduce carbon emissions
and conserve critical peatland ecosystems.",0.7614807486534119,0.8759232461452484,finbert,False,False,False,True,,soft,spec,Ecological_Impacts,0.9791,opportunity,0.9342
gar,"Alongside
this, we have revegetated more than 3,100 hectares of
riparian zones within our operational areas in Indonesia.",0.8842453956604004,0.572439004201442,finbert,False,False,False,False,,soft,spec,Ecological_Impacts,0.9771,opportunity,0.9047
gar,"For upstream operations, we aim
to reduce plastic waste by 20% by 2030 and 50% by 2040.",0.9470506310462952,0.8116074963472784,finbert,False,False,False,False,2030.0,soft,spec,Waste_And_Hazardous_Materials_Management,0.9811,neutral,0.8991
gar,"In downstream operations, we are
targeting a 30% reduction in post-consumer packaging waste by 2030 and 50% by 2040.",0.9508327841758728,0.924214132130146,finbert,False,False,False,False,2030.0,soft,spec,Waste_And_Hazardous_Materials_Management,0.9723,neutral,0.9054
gar,"Initiatives such
as our Bank Sampah (Waste Bank) programme support employees and local communities
in sorting and recycling household waste, enabling upcycling and resale of materials.",0.611927330493927,0.825474810320884,finbert,False,False,False,False,,soft,spec,Waste_And_Hazardous_Materials_Management,0.9844,opportunity,0.9046
gar,"This
community-based model helps reduce landfill waste while also supporting additional
household income and improving recycling awareness.",0.6086584329605103,0.8811883213929832,finbert,False,False,False,False,,soft,spec,Waste_And_Hazardous_Materials_Management,0.9793,opportunity,0.9476
gar,"Our impact on waste
Target
By 2040, reduce plastic waste to landfills in upstream operations and post-consumer
packaging waste to landfills in downstream operations by 50%.",0.8401724100112915,0.6244960376061499,finbert,False,False,False,False,,soft,spec,Waste_And_Hazardous_Materials_Management,0.9845,neutral,0.8945
gar,"Action
11 million tonnes
waste recycled as fuel
or organic fertiliser
75 GOLDEN AGRI-RESOURCES LTD SUSTAINABILITY REPORT 2025
Waste Management
We have achieved 100% recovery and recycling rates for our CPO waste.",0.8657941818237305,0.9488303861580788,finbert,False,False,False,False,2025.0,soft,spec,Waste_And_Hazardous_Materials_Management,0.9837,neutral,0.7837
gar,"This enables us to have a
Our non-hazardous waste is managed through municipal landfills, and hazardous waste is fully circular upstream production system that not only reduces landfill waste but also allows
collected by authorised third parties.",0.5721076130867004,0.5678841033950448,finbert,False,False,False,False,,soft,spec,Waste_And_Hazardous_Materials_Management,0.9847,neutral,0.5565
gar,"Through this programme, we have empowered over 350 families and
repurposed over 9,000 kilograms of plastic, paper and metal into something of value, while transforming the
way communities view everyday waste.",0.821885883808136,0.7032522661611438,finbert,False,False,False,False,,soft,spec,Waste_And_Hazardous_Materials_Management,0.9823,opportunity,0.9453
gar,"Driving Impact
Through our sustainability framework, we aim to support 500 MSMEs under the Bright Future Initiative by 2030.",0.8524516820907593,0.8953067634720355,finbert,False,False,False,False,2030.0,soft,spec,Business_Model_Resilience,0.2915,opportunity,0.9133
gar,"Since 1999, all our products have been Halal certified.",0.7601385712623596,0.5454090107232332,finbert,False,False,False,False,,soft,spec,Product_Design_And_Lifecycle_Management,0.6347,neutral,0.7713
gar,"initiatives include recyclable mono-material
margarine tubs brown kraft paper for margarine
Sourcing and Traceability and shortening packaging.",0.5472033619880676,0.5567394075915217,finbert,False,True,False,False,,soft,spec,Product_Design_And_Lifecycle_Management,0.8996,neutral,0.7212
genting,"GENP continued to manage fuel consumption and on-site energy generation
within established operational parameters, including the use of biomass by-products
We remain firmly committed to our “Zero-burning Policy” for all land-clearing activities from milling activities.",0.5077391266822815,0.837364140432328,finbert,False,False,False,False,,hard,spec,Energy_Management,0.9802,neutral,0.9457
genting,"We extend these sustainability standards across our value chain by continuously
Recycled about Established roadmap Water consumption
engaging with vendors and suppliers on our Sustainability Policy and Environmental for phased installation reduction by
1,133,335
Policy, reinforcing responsible sourcing and environmental accountability throughout of Methane Capture
31%
our operations.",0.7364452481269836,0.766335082706064,finbert,False,False,False,False,,soft,spec,Supply_Chain_Management,0.5937,neutral,0.9405
genting,"Group is committed to advancing collective global efforts to combat climate change,
underpinned by its carbon neutrality targets for Malaysian operations by 2030 and Data from RSPO-certified oil mills and estates are also submitted to the RSPO PalmGHG
Indonesian operations by 2035.",0.6729637384414673,0.906638702377677,finbert,False,False,False,False,2030.0,soft,spec,Physical_Impacts_Of_Climate_Change,0.9405,neutral,0.9474
genting,"Commissioned in 2014, Genting Jambongan Oil Mill is Malaysia’s first zero-discharge
for Malaysian for Indonesian
palm oil mill, and since 2021, belt press technology installed in five oil mills has helped
operations operations
avoided 26,305 tCO₂e of GHG emissions during the reporting year.",0.9699777364730836,0.9393399190157652,finbert,False,False,False,False,,hard,spec,GHG_Emissions,0.9642,opportunity,0.7036
genting,"Moving forward, the Group will continue to explore opportunities to invest in facilities
that reduce GHG emissions, including the implementation of methane capture systems,
such as the construction of a biogas plant at Genting Ayer Item Oil Mill and where such
initiatives are effective and applicable across its operations.",0.7154951691627502,0.9030795500148088,finbert,False,False,False,False,,soft,spec,GHG_Emissions,0.9688,opportunity,0.9581
genting,"In 2025, the
Group expanded supplier oversight, monitoring 11%
16,153
of FFB suppliers covering 19,758 hectares, up from
Driving Conservation for a Greener Future
10% in 2024.",0.9084499478340148,0.9438963928259908,finbert,False,False,False,False,2025.0,soft,spec,Supply_Chain_Management,0.9288,opportunity,0.5731
genting,"13,125 As part of its ongoing conservation responsibility, the
Group manages approximately 16,153 hectares of
The Group approach to conservation aligned with SDG 15, which promotes the protection, hectares of other HCV areas and 13,125 hectares of other conservation
restoration and sustainable use of terrestrial ecosystems, forests and biodiversity.",0.7201238870620728,0.5520619414746761,finbert,False,False,False,False,,soft,spec,Ecological_Impacts,0.9809,opportunity,0.747
genting,"a reduction of increased by • biodiesel plants decreased by 2%
71% 13% • refinery increased by 14%
We also continue to refine water utilisation measurement and
baselines as operational scope and water-use parameters evolve.",0.7674104571342468,0.6387698240578175,finbert,False,False,False,False,,soft,spec,Water_And_Wastewater_Management,0.9759,neutral,0.938
genting,"and COD contents from external
oil mills and ashes
before they are parties due to the
produced are used
used as fertilisers efficacy of EFB as
In line with our sustainability goals, we implement as agricultural
and to irrigate our organic mulch
circular economy practices to reduce waste to landfill.",0.6314926147460938,0.6013399860821664,finbert,False,False,False,False,,soft,spec,Waste_And_Hazardous_Materials_Management,0.9794,neutral,0.8023
genting,"Biomass such as dried palm fronds and EFB is
Palm Fronds Organic Fertilisers
repurposed as mulching material in our plantations
Fronds are chipped or pruned and Our biomass and by-products are used
to maximise resource efficiency.",0.5975244045257568,0.5345805012620986,finbert,False,False,False,False,,soft,spec,Energy_Management,0.3473,opportunity,0.5202
genting,"By integrating
generated during the processing of FFB, accounts for a significant portion of water use biomass by-products into daily practices, we reduce overall waste generation and
at our milling facilities.",0.5082170963287354,0.5650218799710274,finbert,False,False,False,False,,soft,spec,Waste_And_Hazardous_Materials_Management,0.9506,neutral,0.7587
genting,"Common by-products such as
Commencing in 2025, Genting Ayer Item Oil Mill utilised methane capture technology EFB, PKS and fibre are repurposed as mulch, soil enhancers or as biofuel for in-house
to reduce greenhouse gas emissions and mitigate environmental impacts.",0.7646191120147705,0.5806566760875285,finbert,False,False,False,False,2025.0,soft,spec,GHG_Emissions,0.9637,opportunity,0.9328
genting,"During the year under review, the Group recycled approximately
the Group has established a roadmap to guide the phased installation of methane 1,133,335 metric tonnes of biomass.",0.9296977519989014,0.801185127813369,finbert,False,False,False,False,,soft,spec,Energy_Management,0.4099,neutral,0.9145
genting,"2,462,487 mt of FFB (99.74% from sustainable sources with environmental
and sustainability standards certifications)
GENP has maintained a strict no-deforestation commitment since 2009 and
strengthened its implementation in 2025 by monitoring 11% of FFB suppliers for
• All palm kernels are sold to external crushing plants, as GENP does not
compliance, covering 19,758 hectares compared to 10% in 2024.",0.9523677229881288,0.9617389254271984,finbert,True,False,False,False,2025.0,soft,spec,Ecological_Impacts,0.2886,neutral,0.5969
genting,We also provide fertilisers at Indah region.,0.6387054920196533,0.5245397840626538,finbert,False,False,False,False,,soft,spec,Access_And_Affordability,0.4737,neutral,0.6857
ioi,"emission intensity
of our operations by
achieving net zero by the year 2040.",0.7236405611038208,0.8571361298672855,finbert,False,False,False,False,,hard,spec,Air_Quality,0.9159,neutral,0.9386
ioi,"We continue to generate renewable energy using the methane 150,000
tonne/
captured from our palm oil mill effluent (“POME”) which is one of the largest
year paper pulp plant
contributors of GHG emissions in our plantation operations.",0.8848366737365723,0.5877161379903555,finbert,False,False,False,False,,soft,spec,GHG_Emissions,0.9665,neutral,0.7289
ioi,"So far, we have completed one round of
Our philosophy of valuing natural resources is extended third-party audits on our recruitment agents in Indonesia, net zero, we are conscious that we are not just
to our resource-based manufacturing division as well.",0.5686406493186951,0.7946441378444433,finbert,False,False,False,False,,hard,spec,Supply_Chain_Management,0.1686,neutral,0.9514
ioi,"Our various initiatives for reforestation and rehabilitation
at forest buffers and riparian zones having been making Mayvin Palm Oil Mill -
good progress over the years.",0.5901892185211182,0.9597558230161668,finbert,False,False,False,False,,soft,spec,Ecological_Impacts,0.9792,opportunity,0.7549
ioi,"Overall, it boosts workforce efficiency
across IOI plantations, helping to achieve the ideal
Enhanced biodiversity and pollinator
land-labour ratio with an average of 1:9 ha.",0.7291306853294373,0.9687329907901584,finbert,False,False,False,False,,soft,spec,Ecological_Impacts,0.9723,opportunity,0.8568
ioi,"The targeting of increased yield per hectare reduces IOI’s immediate need An example of successful mechanisation is the
implementation of the Mini Tractor Grabber (“MTG”) at our
for land expansion, which may have environmental impact such as increased GHG emission from land use Successfully certified 1,128 ha of
estates, which has achieved a targeted harvester ratio
change (“LUC”).",0.7801873087882996,0.8967940928414464,finbert,False,False,False,False,,soft,spec,GHG_Emissions,0.9665,opportunity,0.7411
ioi,"Furthermore, in alignment with the UN SDG 2 - Zero Hunger, IOI is committed to increasing our organically grown oil palm planting
ranging from 1:20 to 1:23 ha compared to conventional
yields as part of our efforts to contribute to a sustainable global food security.",0.8166199922561646,0.9371886975131928,finbert,False,False,False,False,,hard,spec,Customer_Welfare,0.6082,opportunity,0.7367
ioi,"Additionally, we are practicing regenerative agriculture, such as through the
a higher value-added product like palm committed to adopting six of the UN SDGs most relevant promotion of organic oil palm planting, producing high
wood implements the principle of circularity by to our business which are SDG 2 (Zero Hunger), SDG 8 yielding clonal palm, etc., with more information about their
deriving revenue from a biomass generally used (Decent Work and Economic Growth), SDG 12 (Responsible activities being disclosed within this report and our website.",0.6447606086730957,0.5901057510636747,finbert,False,False,False,False,,hard,spec,Customer_Welfare,0.2072,opportunity,0.9084
ioi,"The 7Rs of Circularity are also implemented in Malaysia and Germany, which produce high-quality,
throughout our value chain as part of our efforts to reduce sustainable palm products.",0.5621697902679443,0.5340725462883711,finbert,False,False,False,False,,soft,spec,Product_Design_And_Lifecycle_Management,0.9672,opportunity,0.8445
ioi,"In recent years, IOI has also
our environmental footprint and support our climate targets worked towards expanding the non-CPO segment with
Throughout the palm wood production process, to achieve net zero by 2040.",0.6677296161651611,0.9658683226443828,finbert,False,False,False,False,,hard,spec,Physical_Impacts_Of_Climate_Change,0.8662,neutral,0.8543
ioi,"using the patented Preconditioning Refiner
Chemical-Recycle Bleached Mechanised
Pulp (“PRC-RBMP”) technology by converting
biomass into sustainable value-added products.",0.5727279186248779,0.6269895201548934,finbert,False,False,False,False,,soft,spec,Product_Design_And_Lifecycle_Management,0.9056,opportunity,0.9039
ioi,"One of the ways to grow our oleochemical segment VISION MISSION IOI CORE VALuES
is by expanding the certified sustainable palm oil
products.",0.5699737071990967,0.9072279343381524,finbert,False,False,False,False,,soft,spec,Product_Design_And_Lifecycle_Management,0.9589,opportunity,0.9093
ioi,"For example, the PKS sold to some Established a new production plant at IOI corporation community and Getting the best value for what we spend
of our third-party buyers have been used as Acidchem in Prai, able to produce 350 MT/ Day
the environment,
activated carbon in filtration process.",0.839342474937439,0.5915747070685029,finbert,False,False,False,False,,soft,spec,Energy_Management,0.6006,opportunity,0.9505
ioi,"Year (Best in Green, Education Assessment
and Social Initiatives) under
the Conglomerate – Plantation
category at the Sustainability Our CDP score for Forest has increased from C to B and
Won Best Corporate Responsibility IOI has won the 2023 ASEAN Innovation CDP
and CSR Malaysia Awards scored C for both Water Security and Climate Change.",0.6198754906654358,0.9661145834252238,finbert,False,False,False,False,,soft,spec,Physical_Impacts_Of_Climate_Change,0.9293,opportunity,0.5724
ioi,"EUDR commitments are communicated to our
and Prosperity) plus Partnership, are driven by
- Indonesia: 1 Mill RSPO MB certified
suppliers through suppliers’ engagement such as the
our conviction to not only meet the needs of the
• 99% Malaysian and 73% Indonesian Estates RSPO Tools for Transformation (“T4T”) as we aim for a
present without compromising that of the next Certified
deforestation-free supply chain.",0.5616509914398193,0.7716950015164912,finbert,True,False,False,False,,hard,spec,Supply_Chain_Management,0.9463,opportunity,0.5848
ioi,"IOI GROuP SuSTAINABILITy POLICy (“IOISP”) KEy COMMITMENTS
• 100% of our Oleochemical operations are certified This year, IOI recorded one fine from the Department of
This year, IOI has revised its IOISP, formerly known as the SPOP, to incorporate new or enhanced sustainability ISO45001:2018 Environment (“DOE”) and one fine from Department of
requirements, our target to achieve Net Zero by 2040 as well as to now include our business operations beyond palm oil.",0.7691908478736877,0.912770404946059,finbert,False,False,False,False,,hard,spec,Business_Model_Resilience,0.5116,neutral,0.9391
ioi,"• Implement decarbonisation programme to progressively reduce GHG emissions in line with • IOI Oleochemical and PCEO completed ISO14064- introduced and implemented an additional Safe Operating
IOI’s Pathway to Net-Zero by 2040
1:2018 verification for FY2024 GHG emissions while Procedure to prevent reoccurrence of similar incidents
Environment • Protection of natural ecosystem and promote circularity IOI Edible Oils (“IEO”) completed verification for in the future.",0.6621749401092529,0.9044234286993742,finbert,False,False,False,False,,hard,spec,GHG_Emissions,0.9672,neutral,0.9301
ioi,"performance to achieve our net zero target (Scopes 1, 2, and 3) by 2040.",0.788668692111969,0.9421535711735488,finbert,False,False,False,False,,hard,spec,Business_Model_Resilience,0.3188,neutral,0.9457
ioi,"Page 48
• Digital grievance platform via IOI Mesra for plantation workers for transparent communication Page 71 Furthermore, IOI is also installing the boiler feed system to optimise power generation from
and efficient grievance handling the methane captured
• Social Service Provider contracted by IOI, completed the fourth cycle of assessment on Page 79 • Treated dried POME residues are recycled and used as organic fertilisers in our plantation.",0.6590530276298523,0.71789012523368,finbert,False,False,False,False,,soft,spec,Waste_And_Hazardous_Materials_Management,0.5634,neutral,0.5199
ioi,"Our next mid-term goal is to achieve
carbon neutrality by 2030 in Scopes 1
and 2.",0.6822023391723633,0.6146224737167358,finbert,False,False,False,False,2030.0,soft,spec,GHG_Emissions,0.5436,neutral,0.9271
ioi,"Ultimately, we hope to reach our
challenging and ambitious long-term
goal of Net Zero carbon intensity by 2040
in Scopes 1, 2 and 3.",0.5438151955604553,0.9274679385125636,finbert,False,False,False,False,,hard,spec,GHG_Emissions,0.3591,neutral,0.8901
ioi,"For our Scope 3, currently the highest contribution is attributed
net zero for carbon from our supply chain.",0.8193649649620056,0.5841021505184472,finbert,False,False,False,False,,hard,spec,Supply_Chain_Management,0.9351,neutral,0.9108
ioi,"For example, IOI has diversified its investments
achieving net zero by 2040.",0.7920027375221252,0.9533378151245416,finbert,False,False,False,False,,hard,spec,Systemic_Risk_Management,0.4007,neutral,0.7123
ioi,"Going beyond just commitment to NDPE, IOI has taken a bold step by
peatlands and planted areas
No Deforestation, No New Planting on applying nature-based solutions to plan for large-scale forest tree planting
Water Increasing Peninsular • Increase the amount of water recycled and • Developing a water stress resistant oil
Peat, as part of NDPe with careful consideration to the ecosystem in existing conservation
stress Malaysia reused in manufacturing operations palm variety through research
areas, which are primarily shrublands.",0.6322133541107178,0.7471330212429166,finbert,True,False,True,True,,hard,spec,Water_And_Wastewater_Management,0.4593,opportunity,0.9144
ioi,"Projects
sequestration • Crop sequestration removal carbon sinks, absorbing carbon dioxide initiated include Achieving Coexistence with Elephants, the Laran Tree
Planting Project, and more.",0.5788488984107971,0.6294771144166589,finbert,False,False,False,False,,soft,spec,GHG_Emissions,0.8697,opportunity,0.9032
ioi,"Smart energy systems
Innovation of Planting Materials Through Research were also installed at IOIEO, reducing As part of part of our Pathway to Net Zero and top 10 our material matters,
the energy required for renewable energy addressing supply chain management together with responsible sourcing
Our Pathway to Net Zero involves the use of innovative planting materials generation by 19-80 kW, which translates are vital in reducing IOI’s Scope 3 emissions.",0.8489382863044739,0.686655770521611,finbert,False,False,False,False,,hard,spec,Energy_Management,0.7838,opportunity,0.9219
ioi,"This biogas is burned directly 6.5 MW co-generation facility, which further
IOI's strategies for managing supply chain emissions are categorised
in the boiler as a renewable source to generate power and heat required reduces energy intensity by an estimated
for the operation.",0.7511110901832581,0.5713332607410848,finbert,False,False,False,False,,soft,spec,Energy_Management,0.7741,opportunity,0.7031
ioi,"Ultimately, supply chain mapping
Facilities at IOI Oleochemicals have installed solar panels, cogeneration our methane capture plant to generate
fosters a more strategic and focused approach to reducing
facilities, and solar thermal systems to reduce energy usage and their and trap biogas for electricity, thereby
Scope 3 emissions, contributing to a our broader decarbonisation
Scope 2 GHG emissions.",0.6437469720840454,0.8697287505492568,finbert,False,False,False,False,,soft,spec,GHG_Emissions,0.969,opportunity,0.9093
ioi,This is accomplished through both Feed-in-Tariff avoiding methane emissions from POME.,0.7344123721122742,0.5480194948613644,finbert,False,False,False,False,,soft,spec,GHG_Emissions,0.9406,neutral,0.6752
ioi,"Starting the journey to reduce
paper products while preventing emissions
operational Scope 1 and 2 emissions, steam and heat consumption
from decomposition.",0.5375156402587891,0.6161259962245822,finbert,False,False,False,False,,soft,spec,Product_Design_And_Lifecycle_Management,0.7306,neutral,0.9449
ioi,"In 2023, we took our commitment a step further by committing to the
Science-Based Target initiative (“SBTi”) for both the Forest, Land and
Agriculture (“SBTi-FLAG”) and Non-FLAG sectors, as well as SBTi
net zero target.",0.7052688598632812,0.817423028871417,finbert,False,False,False,False,,hard,spec,Management_Of_Legal_And_Regulatory_Framework,0.3391,neutral,0.9251
ioi,"IOI will continue our efforts to reduce
GHG emissions by further leveraging our nature-based and engineered
solutions.",0.5225440263748169,0.92839863197878,finbert,False,False,False,False,,soft,spec,GHG_Emissions,0.9668,opportunity,0.6474
ioi,"This includes enhancing rehabilitation and tree planting efforts
in our conservation areas and installing more methane capture facilities.",0.6195454597473145,0.9023997536860406,finbert,False,False,False,False,,soft,spec,Ecological_Impacts,0.9762,opportunity,0.7463
ioi,"These will play a crucial role in achieving carbon neutral by 2030 and
net zero by 2040.",0.6012154817581177,0.8451757519505918,finbert,False,False,False,False,2030.0,hard,spec,GHG_Emissions,0.323,neutral,0.6952
ioi,"This 2
bring our total crop sequestration to
1.7 million tCO e, which is sufficient to
2
completely neutralise our emissions
from land conversion.",0.9369333386421204,0.901507834903896,finbert,False,False,False,False,,soft,spec,GHG_Emissions,0.7088,opportunity,0.7761
ioi,"This year, the division continues to reduce
59.7%
11.0%
Mill Credits its emissions through automation, reducing power
236,051 consumption and improving efficiency.",0.8990095853805542,0.9614993594586848,finbert,False,False,False,False,,soft,spec,Energy_Management,0.6933,opportunity,0.6679
ioi,"The most prominent
renewable and alternative source of energy from fossil emissions contribution is from Land Conversion in our
Plantations.",0.6335709691047668,0.5432549887336791,finbert,False,False,False,False,,soft,spec,Energy_Management,0.9656,neutral,0.8607
ioi,"Nonetheless, we are still actively seeking Our Scope 3 emissions for IOI Oleochemical and IOI
Sequestration from our crops and forested conservation ways to reduce our emissions by increasing efficiency, Pan-Century Edible Oils have reduced significantly this
areas, together with mill credits are depicted in Chart 2.",0.5741563439369202,0.8457764592021704,finbert,False,False,False,False,,soft,spec,GHG_Emissions,0.6331,neutral,0.8544
ioi,"At our estates, in line with RSPO’s 1,128 hectares of organic oil palm was both RSPO and organic-certified.",0.8065900802612305,0.604591531213373,finbert,False,False,False,False,,soft,spec,Customer_Welfare,0.3064,neutral,0.506
ioi,"To counter this, IOI plans to cultivate project in the Pamol Kluang region IOI Research Center and IOI Palm Biotech currently leads our efforts to achieve
dedicated to producing organic palm
circularity and waste reduction through the land application
beneficial insects and releases them as part of the IPM our strategic priority of increasing yield through research.",0.6026238203048706,0.8678659179713577,finbert,False,False,False,False,,soft,spec,Waste_And_Hazardous_Materials_Management,0.9568,opportunity,0.9652
ioi,"We are the first organic certified
of POME and EFB, recycling OPT and more.",0.6906827092170715,0.5542487073689699,finbert,False,False,False,False,,soft,spec,Customer_Welfare,0.3094,opportunity,0.5028
ioi,"Referencing our target of using elite clonal palms in 50% of our replanting
against possible fertiliser leaching into our waterways, Ultimately, we hope to improve biodiversity indices by 25% In this project, our approach focuses materials, thus far, we have achieved a utilisation rate of 33% in Peninsular
our operations have also designated non-chemical buffer within three years with our ongoing annual ecosystem health on enriching soil biodiversity and Malaysia and 15% in Sabah.",0.9302762746810912,0.9551421161741018,finbert,False,False,False,False,,soft,spec,Ecological_Impacts,0.9804,opportunity,0.8389
ioi,"As of FY2024, we have planted 3,131 hectares of coconuts, thereby reducing their environmental
at our estates, in line with RSpo’s principle 568 hectares of bananas, 49 hectares of pineapples, and 87 impact and promoting a healthier
hectares of durians.",0.9341381192207336,0.948624050244689,finbert,False,False,False,False,,soft,spec,Customer_Welfare,0.2411,opportunity,0.9501
ioi,"Waste materials were converted into fertilisers for soil management or raw materials
for other industries, while wastewater was recycled and reused in production.",0.5469595193862915,0.4931450430303812,finbert,False,False,False,False,,soft,spec,Waste_And_Hazardous_Materials_Management,0.9706,neutral,0.4991
ioi,"• Using EFB for mulching in the plantations instead of • Worked with third-parties to reuse wastes as
being disposed as waste feedstocks for the cement industry and feedstocks
• Installing biogas facilities to process palm oil mill for biogas production
effluent and converting methane emissions into • Reused water from operations to feed into cooling
electricity towers that function as coolants to reduce the
• Adopting new process technology e.g.",0.8136512637138367,0.6022625071927905,finbert,False,False,False,False,,soft,spec,Waste_And_Hazardous_Materials_Management,0.9807,opportunity,0.9122
ioi,"chemical plant
pre-treatment to reduce chemical waste • Reusing empty fertiliser bags for waste collection
• Using a thermal oil system for heating instead of purposes
water heating systems in IOI Palm Wood • Distribution of used computer to Humana schools in
• Using solar thermal systems to heat water instead of Sabah
fossil fuel for heating
• Sludge dryer has been installed to reduce water
• Working with third party customers to use byproducts content in sludge by more than 60% thus reducing
for the generation of biogas, fertilisers and grease to sludge waste quantity
reduce bio-waste disposal • Employees are encouraged to bring their own food
• Convert unused OPT into eco-friendly, sustainable and drink container when purchasing food in the
and high-performance palm wood panels for furniture cafeteria
and building industries
• Repurpose used tires by transforming them into
creative and functional landscaping features, • Installing heat exchanger to recover heat from the
enhancing the aesthetic appeal and liveability of HRSG continuous blowdown to heat up reverse
workers' housing areas osmosis water
• Joint venture established between IOI Paper Pulp • Recover waste heat from thermal oil heater
Sdn Bhd.",0.8530547022819519,0.6714140414260328,finbert,False,False,False,False,,soft,spec,Waste_And_Hazardous_Materials_Management,0.9818,opportunity,0.9097
ioi,"And Nextgreen Global Berhad to develop economiser and generate chilled water for packing
zero-waste paper pulp plant with EFB as the raw plant through the use of a vapor absorption chiller
material • Rainwater harvesting at housing area for cleaning,
gardening, or non-potable use
• Recyclable items (e.g., paper and plastic) were sent
for recycling
• Collaboration with Tetra Pak to recycle used
beverage cartons in plantations
• Recycling of effluent wastewater through the reverse
osmosis process to recoup water for non-critical use
knihteR
riapeR
Empowering Sustainable Agriculture, Managing Natural Resources,
58 IOI CoRpoRaTIon BeRhaD • SUSTAINABILITY REPORT 2024 Safeguarding and Enhancing Biodiversity 59
WAStE MANAgEMENt aCTIvITy DRIven peRfoRManCe anD IMpaCT
ManageMenT appRoaCh plantation and Resource-based Manufacturing Division
IOI's waste management plan and strategies are guided In the plantation, the practice of 7Rs to manage our
by the IOI Environmental Management Guidelines.",0.6182484030723572,0.5888832611963153,finbert,False,False,False,False,,hard,spec,Waste_And_Hazardous_Materials_Management,0.8268,opportunity,0.9239
ioi,"The main non-hazardous waste generated in the
also part of IOI’s CCAi strategy to reduce GHG emissions plantation are largely biomass in nature, for example OPT,
from POME.",0.6830213069915771,0.5162205900996923,finbert,False,False,False,False,,soft,spec,Waste_And_Hazardous_Materials_Management,0.973,neutral,0.8811
ioi,"We monitor scheduled waste, solid
achieve our net zero target.",0.7061086297035217,0.6315430933609605,finbert,False,False,False,False,,hard,spec,Waste_And_Hazardous_Materials_Management,0.9836,neutral,0.96
ioi,"These wastes are stored biogas, fertilisers, and grease, thus minimising bio-waste
appropriately and disposed of through a licensed agent disposal.",0.5024785399436951,0.5041393497958779,finbert,False,False,False,False,,soft,spec,Waste_And_Hazardous_Materials_Management,0.9851,neutral,0.6779
ioi,"metrics
This circular approach to managing waste helps us reduce Collaboration with Tetra pak to Collect and Recycle
ManageMenT appRoaCh
emissions from the natural decomposition of OPT and used Beverage Cartons (“uBC”)
mitigate plant disease outbreaks by harvesting the OPT.",0.5297479033470154,0.8895967351272702,finbert,False,False,False,False,,soft,spec,Waste_And_Hazardous_Materials_Management,0.9836,opportunity,0.5732
ioi,"In terms of the governance of water-related matters, aCTIvITy DRIven peRfoRManCe anD IMpaCT
In addition, the utilisation of this repurposed OPT can IOI has partnered with Tetra Pak since October 2022
the Group’s water stewardship falls under the purview of
serve as an alternative wood source to that derived by to enhance the recycling and sorting of UBC across its our BSC and senior management team.",0.5764753818511963,0.7802096938248724,finbert,False,False,False,False,,soft,spec,Water_And_Wastewater_Management,0.9764,neutral,0.5342
ioi,"assessment, we identified manufacturing facilities in
also locks sequestered carbon into the products, aiding recycling.",0.5962737202644348,0.7726893969811499,finbert,False,False,False,False,,soft,spec,Product_Design_And_Lifecycle_Management,0.965,opportunity,0.5764
ioi,"commencing production in 2023, IOIPW has completed beverage carton recycling awareness programmes, performance and transparency.",0.6114846467971802,0.8905400414951146,finbert,False,False,False,False,,soft,spec,Business_Ethics,0.9306,neutral,0.8965
ioi,"In efforts to reduce our water withdrawal, we will
Conventionally, EFB was treated as a waste product to
continue our efforts to embark on water conservation
be mulched and applied in estates as organic fertiliser.",0.6848182082176208,0.5965719064697623,finbert,False,False,False,False,,soft,spec,Water_And_Wastewater_Management,0.6428,neutral,0.5741
ioi,"In Through this project, over 18,000 UBCs were collected with
pursuit of continual innovation, IOI Paper Pulp Sdn Bhd recycling proceeds distributed to participating employees initiatives as communicated in our IOI Group Water Policy.",0.9079287648200988,0.6130355098284781,finbert,False,False,False,False,,soft,spec,Water_And_Wastewater_Management,0.9639,opportunity,0.929
ioi,"To counter this, we practice
convert waste into valuable raw materials while avoiding a habit of recycling and culture of waste reduction among land irrigation of palm oil mill effluent and EFB mulching,
emissions generated from decomposition of EFB in the employees.",0.6582626104354858,0.5343781672418118,finbert,False,False,False,False,,soft,spec,Waste_And_Hazardous_Materials_Management,0.9833,neutral,0.6367
ioi,"Not only does this reduces soil erosion and water pollution
150,000 metric tonnes of paper pulp per annum.",0.8395200967788696,0.7236292199231684,finbert,False,False,False,False,,soft,spec,Ecological_Impacts,0.898,opportunity,0.7819
ioi,"Thus, the
joint venture is well-positioned to provide an alternative to The event also witnessed the prize-giving ceremony for the Tetrapak engagement with IOI's employees in water bodies, cover crops increase moisture retention,
conserving green water for crops to use.",0.5604087114334106,0.8864727509208024,finbert,False,False,False,False,,soft,spec,Water_And_Wastewater_Management,0.97,opportunity,0.9469
ioi,solutions to reduce our water footprint.,0.5179183483123779,0.6655887686647475,finbert,False,False,False,False,,soft,spec,Water_And_Wastewater_Management,0.9684,neutral,0.8218
ioi,"We make full use of POME residues and IOI has embarked on a project in collaboration with includes:
will remain of high importance as IOI moves towards biomass waste, such as EFB and frond heaps, to enhance our customer, Bunge Loders Croklaan, to carry out a
decarbonisation.",0.7321420311927795,0.921909782802686,finbert,False,False,False,False,,soft,spec,Waste_And_Hazardous_Materials_Management,0.9829,opportunity,0.9314
ioi,"This process includes cleaning the
are actively managing 3,849.75 ha of peat areas that and ISO14044, which specifies requirements and fostering strong partnerships with our suppliers, we aim to
containers using the triple rinse method and returning them
were previously planted with oil palm while monitoring guidelines for LCA and inventory analysis.",0.6344208121299744,0.5986191253177822,finbert,False,False,False,True,,soft,spec,Supply_Chain_Management,0.707,neutral,0.9171
ioi,"Biosphere project in the lower Kinabatangan areas, that was aimed to integrate
maintenance and enrichment planting along our riparian and forest buffer to
minimise edge effects while conserving native wildlife and vegetation.",0.5804705023765564,0.7457659686915576,finbert,False,False,False,False,,soft,spec,Ecological_Impacts,0.9796,opportunity,0.9042
ioi,"This collaboration is a vital step in our laran Tree planting
Bukit Leelau operations, we supported the initiative as part of a multistakeholder
procedures to reduce HECs.",0.6333650350570679,0.9040997987613082,finbert,False,False,False,False,,soft,spec,Ecological_Impacts,0.8542,opportunity,0.6939
ioi,"key supply chain partners, Nestlé, to reforest land.",0.5183316469192505,0.8308944208547473,finbert,False,False,False,False,,soft,spec,Supply_Chain_Management,0.9312,opportunity,0.6311
ioi,"These initiatives not only support biodiversity
The South Ketapang Landscape initiative was first launched in October 2018 supplementary food source for the large The project focuses on planting native tree enhancement and ecosystem improvement but also contribute to increased
to promote biodiversity conservation, strengthen fire, water and peat mammals, reducing their need to enter human species that are well-adapted to the local carbon sequestration, helping us to achieve our climate goals.",0.7306120991706848,0.8511865027248859,finbert,False,False,False,True,,soft,spec,Ecological_Impacts,0.9808,opportunity,0.9758
klk,"25% reduction in greenhouse gas emission 27% reduction 25% reduction
intensity by 2029/2030 (compared to 2018/19) achieved vs achieved vs
and net-zero emissions by 2050 (Scope 1 and FY2019 baseline FY2019 baseline
Environment
Scope 2)
4.",0.876018226146698,0.629445681348443,finbert,False,False,False,False,2030.0,hard,spec,GHG_Emissions,0.9589,neutral,0.9427
klk,"Overall, FY2025 reflects continued progress towards the FY2030 target of 0.21 mtCO eq/mt production volume
2
and the Group’s Net Zero 2050 ambition.",0.9139479994773864,0.9667613850906492,finbert,False,False,False,False,2025.0,hard,spec,Energy_Management,0.3427,neutral,0.9127
klk,"By leveraging
palm biomass, biogas and solar potential, the Group
• Biomass Optimisation: Upkeep of biomass
can reduce Scope 1 and 2 emissions, stabilise energy
boilers to maximise energy efficiency and replace
costs, and reduce cost through renewable-energy
fossil fuels, with Palm Fibre and PKS used for
generation.",0.640093982219696,0.8566589648835361,finbert,False,False,False,False,,soft,spec,Energy_Management,0.9737,opportunity,0.9566
klk,"• Midstream & Downstream: Refineries, KCPs and
oleochemical plants reduce Scope 2 emissions
• Decarbonisation Roadmap: Net-zero by 2050,
by integrating rooftop solar panels, while pursuing
supported by interim milestones (25% Scope 1
electrification in locations where renewable
& 2 intensity reduction by 2029/30).",0.8838353753089905,0.9459094251506032,finbert,False,False,False,False,2050.0,hard,spec,GHG_Emissions,0.7178,neutral,0.5517
klk,"The Group’s overall decarbonisation plan outlines how we intend to achieve our climate-related targets, including our
25% GHG emissions intensity reduction by 2029/30 (vs FY2019) and net zero by 2050.",0.7855264544487,0.93276681099087,finbert,False,False,False,False,2050.0,hard,spec,GHG_Emissions,0.966,neutral,0.9559
klk,"a network of trained, traceable, and certified
smallholders who contribute to deforestation-free FY2024 FY2025
supply chains.",0.5765383839607239,0.5373408263549209,finbert,True,True,False,False,2025.0,hard,spec,Supply_Chain_Management,0.9447,opportunity,0.7108
klk,"In Ipoh (MBI) to adopt seven public parks under
Sabah, KLK collaborates with the Humana Child the Taman Rekreasi MADANI programme for a
Aid Society and Etania Schools to provide early period of two years.",0.830808699131012,0.6974791968241334,finbert,False,False,False,False,,soft,spec,Access_And_Affordability,0.8492,opportunity,0.9297
klk,"In Indonesia, KLK operates estate-based schools in - In line with our goal to promote social inclusion,
partnership with the Indonesia Heritage Foundation KLK has also engaged a non-profit rehabilitation
and local education authorities, while in Liberia, free centre to carry out regular park maintenance
basic education is provided through our Palm Bay work.",0.8470412492752075,0.5757415313273668,finbert,False,False,False,False,,soft,spec,Human_Rights_And_Community_Relations,0.5629,opportunity,0.9122
musimmas,"Moving forward,
Reduce GHG emission intensity at RSPO-certified upstream operations by 55% Exceeded target two years ahead of schedule, reaching 2.66 MT CO e/
our Group-level
2025 2
against 2006 baseline MT CPO in 2023.",0.9406018257141112,0.963434660807252,finbert,False,False,False,False,2025.0,soft,spec,GHG_Emissions,0.9192,neutral,0.9209
musimmas,"New: Reduce absolute Scope 1, 2, and 3 non-FLAG2 GHG emissions by 42% 11.24% reduction in Scope 1, 2, and 3 non-FLAG emissions against 2021
2030 On track
(SBTi near-term target) baseline.",0.8869612216949463,0.8759715678170323,finbert,False,False,False,False,2030.0,soft,spec,GHG_Emissions,0.9678,neutral,0.9392
musimmas,"On track
Ensure 100% deforestation-free supply chain 2025 Achieved 99.47%* deforestation-free supply chain.",0.7980303764343262,0.9016260681673884,finbert,True,False,False,False,2025.0,hard,spec,Supply_Chain_Management,0.9249,neutral,0.5509
musimmas,"Comprehensive
we confirmed that 99.47% of our supply
Closer to home, our pioneering leadership
effort has been taken to ensure European
chain was deforestation-free in 2024.",0.7906998991966248,0.9378100158646704,finbert,True,False,False,False,,hard,spec,Supply_Chain_Management,0.9267,opportunity,0.5122
musimmas,"Beyond emissions reduction, we continue
Equally important, we conducted a In 2024, we officially adopted an ambitious
to conserve nearly 14% of our titled
Taskforce on Climate-related Financial target for net-zero emissions by 2050,
land, underscoring our commitment to
Disclosures (TCFD) pilot assessment aligned with a science-based approach to
responsible land management.",0.7292613983154297,0.8960861344821751,finbert,False,False,False,False,2050.0,hard,spec,GHG_Emissions,0.8021,neutral,0.9341
musimmas,"Research Center in Riau, our Musim
Through collective efforts, we will continue
Mas GS series of high-yield oil palms can
to achieve our sustainability objectives
potentially double our crude palm oil
and build a responsible value chain that
yield.",0.5971348881721497,0.9333356609568,finbert,False,False,False,False,,soft,spec,Supply_Chain_Management,0.2384,opportunity,0.9473
musimmas,"under the Sungai to train more than
organizations, and integrate smallholders Landscape Programme Linau Landscape 1,000 independent
suppliers in 2020: into the sustainable established by the WSP implemented Conservation smallholders in
The first Smallholders palm oil supply chain, Proforest-Daemeter here and Livelihoods sustainable palm
Hub was established reducing deforestation.",0.6856465339660645,0.7005854281596839,finbert,True,False,False,False,,soft,spec,Supply_Chain_Management,0.735,opportunity,0.9189
musimmas,"to:
includes: Selected villages have received training
Launched in 2021, the BIPOSC Project is a
• Operate a sustainable composting unit,
• Seven demonstration plots for oil palm on GAP, NDPE principles, and financial
ten-year initiative helping 2,500 smallholders
producing 100–150 tonnes of affordable
regenerative agriculture literacy.",0.9074252247810364,0.7674182364717126,finbert,False,False,True,False,,soft,spec,Product_Design_And_Lifecycle_Management,0.1962,opportunity,0.9608
musimmas,"supply 100% deforestation-free FFB, including
organic fertilizer from mill byproducts
• 20 hectares of demonstration plots for
members of cooperatives, farmer groups, and
Participating villages are randomly
monthly, available to farmers at 40% cheaper
agroforestry
associations.",0.8470823168754578,0.5247631683014333,finbert,True,False,False,False,,hard,spec,Supply_Chain_Management,0.2364,opportunity,0.8842
musimmas,"This initiative helps smallholders secure financing with the Danish Government, Preferred by Nature,
expertise as one of the partners fulfilling its
for sustainable palm replanting, increasing their income while preventing Ferrero, Sustainable Agriculture Network (SAN), and
designated function.",0.5041263699531555,0.9277092809788884,finbert,False,False,False,False,,soft,spec,Management_Of_Legal_And_Regulatory_Framework,0.5471,opportunity,0.9774
musimmas,"Danish government in collaboration with Preferred by Nature, Jérémie heads the Asia team of L3F, a public-private
Ferrero, SAN, Agriterra, and Musim Mas for Sustainable Palm initiative that supports sustainable agriculture and rural
Abler Nordic, Livelihoods Funds, Musim Mas, and Temasek Foundation Launch
Oil Production in Indonesia development, particularly for smallholder farmers in
Blended Finance Initiative on Sustainable Oil Palm to Combat Deforestation and
developing countries.",0.7405956387519836,0.6716020780149847,finbert,True,False,False,False,,soft,spec,Ecological_Impacts,0.6083,opportunity,0.9726
musimmas,"The resulting targets are Most recently, we adopted a science-based near- and long-term reduction targets
to a low-carbon future generates new outlined in our Biodiversity and Climate approach to our GHG emissions targets validated by the SBTi in October 2024..",0.5493797063827515,0.6566023556515574,finbert,False,False,False,False,,soft,spec,GHG_Emissions,0.9679,neutral,0.957
musimmas,"Using 2021 as the Group’s baseline
we continue to invest in decarbonization set our net-zero emissions targets and year, Musim Mas has committed to the
initiatives, including the installation of Over the years, we have tracked and are proud to have had our ambitious following:
methane capture technology that began reported on the GHG emission intensity
in 2010.",0.7984495759010315,0.8804979051928967,finbert,False,False,False,False,,hard,spec,GHG_Emissions,0.9626,neutral,0.8823
musimmas,"Our initial
Category Near-Term 2030 Targets Net-Zero 2050 Targets
renewable energy sources, notably by goal was to achieve a 55% reduction
recycling palm kernel shells and installing by 2025 against our 2006 baseline.",0.9373498558998108,0.9210308799520136,finbert,False,False,False,False,2025.0,hard,spec,Energy_Management,0.9787,neutral,0.8081
musimmas,"Our initial target exceeded palm Reduce absolute Scope 1 and 3 Reduce absolute
FLAG FLAG GHG emissions Scope 1 and 3 FLAG GHG
have optimized our day-to-day practices to oil industry standards at the time, and
by 30.3% by 2030 emissions by 72% by 2050
uphold our no deforestation and no peat we are raising the bar again by adopting
planting commitments.",0.889396607875824,0.7511282726190984,finbert,True,False,True,True,2030.0,hard,spec,GHG_Emissions,0.9698,neutral,0.8776
musimmas,"Besides lowering our Scope 1 emissions by
capturing methane, our biogas plants have
We will provide more information about
reduced our consumption of purchased
emissions reduction interventions and
electricity from the grid.",0.7108784317970276,0.6598482909612358,finbert,False,False,False,False,,soft,spec,GHG_Emissions,0.8409,neutral,0.9052
musimmas,"improved agricultural productivity Medium to
Long Term
• Reduced soil degradation
Increased Use of
Precision Agriculture
Using renewable energy sources, including on-site solar and Technology • Decreased carbon-related costs when regulatory
biomass, as well as renewable energy certificates (RECs), as fossil pricing is in place Long
fuel substitutes.",0.5110291242599487,0.9571646563708782,finbert,False,False,False,False,,soft,spec,Energy_Management,0.9711,opportunity,0.9305
musimmas,"Our energy intensity generated by our methane capture facilities to the national
efficiencies across our upstream decreased from 7.53 GJ per tonne of CPO/PK produced in 2023 grid, totaling 33.8 million kilowatt hours (kWh) in 2024.",0.9493106007575988,0.1140031144022941,finbert,False,False,False,False,,soft,spec,Energy_Management,0.9718,neutral,0.5907
musimmas,"operations to minimize our overall to 7.45, due to the increased volume of FFB processed.",0.8300994038581848,0.3208968192338943,finbert,False,False,False,False,,soft,spec,Energy_Management,0.1803,neutral,0.8844
musimmas,"Generating around 4% of the site’s electricity needs, our solar panels are
a tangible step forward in our journey toward Net Zero.",0.8726463317871094,0.941038108896464,finbert,False,False,False,False,,hard,spec,Energy_Management,0.9732,opportunity,0.8889
musimmas,"We estimate that
the system reduces carbon emissions by approximately 1,191 tonnes of
CO₂ equivalent per year.",0.9357402324676514,0.8197563365101814,finbert,False,False,False,False,,soft,spec,GHG_Emissions,0.9006,neutral,0.5475
musimmas,"In light of these and other successes, Musim Mas continues to explore
opportunities to scale up renewable energy usage across our operations.",0.52991783618927,0.9201582372188568,finbert,False,False,False,False,,soft,spec,Energy_Management,0.9778,opportunity,0.9377
musimmas,"Musim Mas is also committed to sourcing
coconut from deforestation-free areas,
as outlined in our Sustainable Coconut
Sourcing Strategy.",0.622208833694458,0.7610861137509346,finbert,True,False,False,False,,hard,spec,Supply_Chain_Management,0.3396,neutral,0.6927
musimmas,"394
334 this initiative, we also provide educational
326
resources, agricultural equipment, and
In 2024, we identified 334 hotspots 289
incentives to communities that adopt fire-
within our concessions.",0.7667248249053955,0.719021082855761,finbert,False,False,False,False,,soft,spec,Access_And_Affordability,0.5527,opportunity,0.7884
musimmas,"In 2024, a total of 142,201 MT of
0.7%
coconut oil was sourced from two suppliers
Musim Mas Malaysia – both of which have been assessed for their
Mills
deforestation risk.",0.9183365106582642,0.6156727280467749,finbert,True,False,False,False,,soft,spec,Ecological_Impacts,0.8464,risk,0.6163
musimmas,"By
Palm Oil Traceability
100% 100% 100% 100% 100% adapting our existing TTP method, we have
98% 98%
98%
Effectively managing and addressing 97% 97%
96% achieved 100% traceability to plantation
94%
potential deforestation and peat
for coconut oil sourced in 2024.",0.8742093443870544,0.5817675073631108,finbert,True,True,False,True,,soft,spec,Ecological_Impacts,0.5981,neutral,0.5508
musimmas,"We can easily trace CPO and PK sourced
from Roundtable on Sustainable Palm Oil
(RSPO)-certified supply chains to plantation.",0.506161093711853,0.5289412061683834,finbert,False,False,False,False,,soft,spec,Supply_Chain_Management,0.9408,neutral,0.8499
musimmas,"We continue • Determining the percentage of
to collaborate closely with them to reach 1.10% 1.20% deforestation-free supply from each mill
4.80% 4.28%
100% ‘Delivering’.",0.8455555438995361,0.7280610739253461,finbert,True,False,False,False,,hard,spec,Supply_Chain_Management,0.8355,neutral,0.6851
musimmas,"10.23% 18.55%
13.93% 24.01%
In 2024, our supply chain was determined
to be 99.47%* deforestation-free, and
2024 2023 2022 2021
we remain on track to ensure it is 100%
deforestation-free by 2025.",0.9411670565605164,0.8257822501473129,finbert,True,False,False,False,2025.0,hard,spec,Supply_Chain_Management,0.8875,neutral,0.7486
musimmas,"The KPIs assessed will include RSPO certification of independent
smallholders, training of independent smallholders, and maintaining a deforestation-free
In 2024, Musim Mas celebrated two sustainability-related financing milestones.",0.778377890586853,0.9080402245745064,finbert,True,False,False,False,,hard,spec,Management_Of_Legal_And_Regulatory_Framework,0.3592,opportunity,0.6585
musimmas,"With potential yields exceeding 10 tonnes (MT) of CPO per hectare, the GS
and productivity, reduce greenhouse gas
5.86
series significantly outperforms the industry average of 3.25 MT per hectare.",0.9114660024642944,0.919882759451866,finbert,False,False,False,False,,soft,spec,GHG_Emissions,0.9637,opportunity,0.8885
sdguthrie,"Solomon Islands, with 35,799 benefitting from our engagement
green industrial parks.",0.8022421598434448,0.888055860530585,finbert,False,False,False,False,,soft,spec,Management_Of_Legal_And_Regulatory_Framework,0.2108,opportunity,0.8199
sdguthrie,"GOING BEYOND
As we scale our business and sustainability initiatives, we are In FY2024, we achieved a 24% reduction in our net Scope 1
Reinforcing our commitment to Environmental, Social, THE ROAD AHEAD
committed to growing alongside our people, smallholders, and Forest, Land, and Agriculture (FLAG) emissions, as well as our
and Governance (ESG) principles, we introduced our
communities, driven by our purpose of “Care to Nourish, Dare to Scope 1 Energy and Industrial emissions, compared to our Moving forward, we will continue to stay true to our purpose,
new sustainability framework – “Beyond Zero”.",0.7791920900344849,0.9325477164238692,finbert,False,False,False,False,,hard,spec,Human_Rights_And_Community_Relations,0.8874,neutral,0.7446
sdguthrie,"Leveraging our supply chain in Papua New Guinea and ADVANCING SUSTAINABLY this puts us in a strong position to achieve our target of
100,000 hectares by 2030.",0.8931795954704285,0.9614117341116072,finbert,False,False,False,False,2030.0,soft,spec,Supply_Chain_Management,0.95,opportunity,0.7816
sdguthrie,"We are developing a regenerative agricultural
totalling 40,250 metric tonnes of EUDR-compliant palm oil to certified sustainable palm oil, we will continue to embrace our
Europe and the United Kingdom.",0.8746157288551331,0.8931153661105782,finbert,False,False,False,False,,soft,spec,Customer_Welfare,0.193,opportunity,0.9084
sdguthrie,"Transforming Lives Through • Community Rights and Development • 46,672 smallholders in our supply
Smallholder Engagement: chain across Malaysia, Indonesia,
Zero Harm: Ensure a fully traceable, • Supply Chain Management • Achieved 96.9% traceability to mill
Support 50,000 smallholders Papua New Guinea, Solomon
deforestation-free supply chain • Health and Safety and 84.9% to plantations, as well as
with capacity-building programmes Islands, and Thailand*.",0.6714556813240051,0.8717052033171058,finbert,True,True,False,False,,hard,spec,Supply_Chain_Management,0.9492,opportunity,0.8909
sdguthrie,"through capacity building and
Tackling Waste Through Circularity: • Responsible Consumption • 86% of all energy used in our training programmes.",0.5526567697525024,0.5667056376114488,finbert,False,False,False,False,,soft,spec,Waste_And_Hazardous_Materials_Management,0.9209,neutral,0.695
sdguthrie,"Restore, rehabilitate or conserve – Reforestation in Malaysia: Protection: Maintain zero non- Data Protection
compliance with data privacy and
100,000 hectares by 2030.",0.7099627256393433,0.556013934314251,finbert,False,False,False,False,2030.0,hard,spec,Ecological_Impacts,0.9664,neutral,0.7968
sdguthrie,"100% 100%
Achieved Achieved Became the
Malaysian Sustainable Palm Oil Roundtable on Sustainable first palm
(MSPO)-certified mills and Palm Oil (RSPO)-certified mills
“BEYOND ZERO” FRAMEWORK oil company
became the largest producer
of MSPO-certified palm oil Established a with net-zero targets
Reducing operational emissions is critical to all businesses.",0.8020480275154114,0.8347939308732748,finbert,False,False,False,False,,hard,spec,GHG_Emissions,0.2036,opportunity,0.5327
sdguthrie,"We are guided by approved by SBTi
Zero 2030 target
our Net-Zero Roadmap and targets – making us the first in our industry to be
Emissions 98%
ZERO approved by the Science Based Targets initiative (SBTi).",0.6657552719116211,0.788550095167011,finbert,False,False,False,False,2030.0,hard,spec,Management_Of_Legal_And_Regulatory_Framework,0.3327,neutral,0.8915
sdguthrie,"Achieved for greenhouse gas
traceability to mill (GHG) emissions intensity 15 MW
Secured a
Zero Traceability, supplier engagement, and labour rights are fundamental to our for SD Guthrie’s (40% against 2009 baseline) quota for the development of
operations, and a testament towards our commitment of No Deforestation, global supply chain
Harm SD Guthrie’s first solar power
No Peat, and No Exploitation (NDPE).",0.8312857747077942,0.7914517652243376,finbert,True,True,True,True,,hard,spec,GHG_Emissions,0.9364,neutral,0.7682
sdguthrie,"Harvested the very first towards accelerated (Kedah, Malaysia) under the
Waste By identifying new waste stream pathways, we are able to minimise GenomeSelect® oil palms, mechanisation, Corporate Green Power
Through environmental impact while enhancing resource efficiency and sustainability.",0.6221827864646912,0.8452880945987999,finbert,False,False,False,False,,soft,spec,Waste_And_Hazardous_Materials_Management,0.9831,opportunity,0.9599
sdguthrie,"We extend our efforts beyond our operations, actively supporting nature
Restoration via multiple ongoing conservation initiatives, including reforestation, 2024 ACHIEVEMENTS 2030 2050
and
peatland rehabilitation and the conservation of 100,000 hectares across
Conservation
our sourcing landscape.",0.6695035099983215,0.7123598288744688,finbert,False,False,False,True,2030.0,soft,spec,Ecological_Impacts,0.9787,opportunity,0.8801
sdguthrie,low-carbon palm oil solutions.,0.5172306299209595,0.5355972950346768,finbert,False,False,False,False,,soft,spec,Energy_Management,0.5148,opportunity,0.6252
sdguthrie,"Ongoing key
40,250 metric tonnes (MT) of
initiatives include fertiliser-use efficiency, zero liquid discharge
EUDR-compliant palm oil to
technology, soil health enhancement, climate modelling, and
Europe and the United
the development of climate-tolerant palm varieties.",0.7538336515426636,0.7431609490886331,finbert,False,False,False,False,,hard,spec,Physical_Impacts_Of_Climate_Change,0.3872,opportunity,0.8154
sdguthrie,"Over 70% of our refineries now produce oils with lower carbon
emissions than the industry benchmark1.",0.7792578339576721,0.7600584072060883,finbert,False,False,False,False,,soft,spec,GHG_Emissions,0.6995,neutral,0.7412
sdguthrie,"With 67% of our net emissions reduced our Scope 1 FLAG net emissions by 24% compared
2
attributed to Scope 3 emissions from our supply chain, we continue to strengthen our supply chain engagement efforts to address to FY2020, driven by our NDPE policy, reduction in peat areas,
and reduce these emissions in collaboration with our suppliers.",0.8924182057380676,0.9601322640664876,finbert,False,False,True,True,,soft,spec,Supply_Chain_Management,0.9225,neutral,0.9208
sdguthrie,"Additionally, we lowered our
Scope 1 Energy and Industrial emissions by 24%, due to
an increase in biogas capture plants, from nine in 2020 to
19 in 2024.",0.964027225971222,0.5012591928243637,finbert,False,False,False,False,,soft,spec,GHG_Emissions,0.7667,neutral,0.7464
sdguthrie,"• Enhancing Scope 3 emission reductions through supplier
Scope 1 (31%) Scope 2 (2%) Scope 3 (62%) Others (5%)
engagement, regenerative agriculture, and nature-based
solutions.",0.7849568724632263,0.8989776414819062,finbert,False,False,False,False,,soft,spec,Air_Quality,0.9383,neutral,0.5831
sdguthrie,"GHG Emissions Intensities Unit FY2023 FY2024 SD Guthrie also engaged with suppliers on climate action
through the CDP Supply Chain Programme, direct
GHG Emissions (Net of Removal) tCO 2 e/MT of refined products 2.711 2.572 engagements, and capability building sessions to align
Intensity of Refineries suppliers’ commitments with our net-zero targets, and
enhance suppliers’ understanding of SBTi.",0.5956107378005981,0.893842585850507,finbert,False,False,False,False,,hard,spec,GHG_Emissions,0.9625,neutral,0.9602
sdguthrie,and compliance with our deforestation-free commitments.,0.5122569799423218,0.665626416914165,finbert,True,False,False,False,,hard,spec,Ecological_Impacts,0.9058,neutral,0.8947
sdguthrie,"significant milestone by delivering its first shipment of
delivering on No Deforestation commitments, an improvement
40,250 metric tonnes (MT) of EUDR-compliant palm oil to
from 73% in 2023.",0.9621953964233398,0.9680262617766856,finbert,True,False,True,False,,hard,spec,Ecological_Impacts,0.8857,opportunity,0.849
sdguthrie,"of 24,250 MT arrived at SD Guthrie International’s Zwijndrecht With the aim to provide equal opportunities for all and to 6,350 7,300
To fulfil our commitment in having a fully traceable and Refinery in the Netherlands, followed by a second shipment maintain a zero-tolerance stance on discrimination, we have
deforestation-free supply chain, we plan to intensify supplier of 16,000 MT to the Liverpool Refinery in the UK.",0.9459995031356812,0.8486677035689354,finbert,True,True,False,False,,hard,spec,Supply_Chain_Management,0.925,opportunity,0.8867
sdguthrie,"Pioneered by SD Guthrie in 1985 and now an industry • Penghargaan Desa Bebas Api ‒ a programme that Illegal burning by communities 17
benchmark for sustainable agriculture, this technique encouraged to adopt zero-burning practices.",0.620456874370575,0.6093236221931875,finbert,False,False,False,False,,hard,spec,Human_Rights_And_Community_Relations,0.3832,opportunity,0.643
sdguthrie,"Traceability to Plantation
Deforestation-Free Sourcing in Coconut Production
• Overall Traceability to Plantations (TTP) 84.9%
SD Guthrie International conducted a comprehensive
assessment of coconut plantations in Papua New Guinea, – SD Guthrie-owned mills 100%
enhancing supply chain transparency and sustainability.",0.595711350440979,0.9017989358399064,finbert,True,True,False,False,,hard,spec,Supply_Chain_Management,0.95,neutral,0.641
sdguthrie,This pilot shipment is fully traceable and verified to meet stringent deforestation-free standards.,0.5874080657958984,0.572059613186866,finbert,True,True,False,False,,hard,spec,Ecological_Impacts,0.8263,neutral,0.7
sdguthrie,"by enabling traceability of raw materials throughout our palm related to our No Deforestation, No Peat, and No Exploitation • SD Guthrie International directly sources from 13,665 hectares
This thorough screening ensures that both existing and
oil supply chain.",0.5599192976951599,0.6215348783880472,finbert,True,True,True,True,,hard,spec,Supply_Chain_Management,0.9258,neutral,0.9013
sdguthrie,"For our upstream mills,
‘Working with Suppliers to Draw the Line on Deforestation’
Control Points (HACCP) training to reinforce certification 55 out of 65 mills are HACCP certified (85%).",0.5663657784461975,0.6315836599096656,finbert,True,False,False,False,,soft,spec,Ecological_Impacts,0.8808,neutral,0.8691
sdguthrie,"one facility
FY2022 FY2023 FY2024 Specific to our Indonesian subsidiary, we continued to host the requirements for all certified sustainable palm oil
Sustainability Monthly Event, engaging over 400 employees (CSPO) sales.",0.8265795707702637,0.7311264965683222,finbert,False,False,False,False,,soft,spec,Product_Design_And_Lifecycle_Management,0.703,neutral,0.8725
sdguthrie,"By capturing and converting methane from palm oil mill effluent (POME) into biogas, we actively reduce
greenhouse gas emission (GHG), while optimising resource efficiency.",0.6175207495689392,0.8268511900678277,finbert,False,False,False,False,,soft,spec,GHG_Emissions,0.9704,opportunity,0.6638
sdguthrie,"This initiative resulted in annual savings of 767 metric
practices are in place to ensure compliance with environmental regulations, while minimising our ecological impact.",0.7323123812675476,0.9206315092742444,finbert,False,False,False,False,,soft,spec,Ecological_Impacts,0.973,opportunity,0.7456
sdguthrie,"Additionally, we utilise mulched empty 22 km of pipeline, with estimated annual savings of around
management across all levels of our organisation.",0.9134508967399596,0.8583785428199917,finbert,False,False,False,False,,soft,spec,Energy_Management,0.582,opportunity,0.933
sdguthrie,"SD Guthrie International Biodiesel launched the UCO Buy Back Effluent To uphold the highest standards, we have invested in state-of-the art laboratory testing
Programme to educate employees about proper UCO disposal.",0.5882912874221802,0.7671925667673349,finbert,False,False,False,False,,soft,spec,Energy_Management,0.3893,opportunity,0.56
sdguthrie,"We are committed to ensuring that the
(PKE) in animal feed not only supports sustainable agricultural SD Guthrie International Biodiesel’s refinery.",0.5064899325370789,0.8662147847935557,finbert,False,False,False,False,,soft,spec,Energy_Management,0.2747,neutral,0.5222
sdguthrie,"We have installed rainwater harvesting systems,
Effluent and To enhance our regulatory compliance, we are in the midst of proposing new sampling
redesigned water distribution infrastructure to minimise Demonstrating our progress in driving a circular economy,
Sampling requirements, which include:
leakages, and implemented various heat and cold energy we collected a total of 15,135 kg of UCO through our UCO
Requirements
recovery systems, while also pursuing energy optimisation Buy Back Programme.",0.7221574187278748,0.8053838154301047,finbert,False,False,False,False,,soft,spec,Water_And_Wastewater_Management,0.9492,opportunity,0.5536
sdguthrie,"Our sustainability initiatives
94,572 94,420 circular economy solutions for material waste streams focus on conserving key species such as elephants, orangutans, tigers, otters, proboscis monkeys, Queen Alexandra’s Birdwing
and pursuing innovative strategies to reduce waste Butterflies, and Santa Cruz Ground Doves through awareness programmes, habitat management, and restoration and breeding
throughout our business.",0.5724074244499207,0.6546890866011381,finbert,False,False,False,False,,soft,spec,Waste_And_Hazardous_Materials_Management,0.979,opportunity,0.9515
sdguthrie,"We expanded reforestation efforts during the year, focusing on RTE and
0.95 native species to enhance biodiversity and carbon sequestration.",0.6946202516555786,0.9311237395741044,finbert,False,False,False,False,,soft,spec,Ecological_Impacts,0.9791,opportunity,0.9141
sdguthrie,"Building on our Biodiversity Policy, we are working towards developing a comprehensive Conservation and Biodiversity Framework
0.74
0.65 0.67 by FY2025, in line with our aims under the “Beyond Zero” Framework.",0.6633580327033997,0.8590110754594207,finbert,False,False,False,False,2025.0,hard,spec,Ecological_Impacts,0.9785,neutral,0.9374
sdguthrie,"Running from 2023 to 2025, the project aims to
accelerating data collection, establishing biodiversity reference
nursery have been successfully transplanted into our estates’ establish a peat rehabilitation model for converting unproductive
frameworks across diverse habitats, as well as enhancing our
buffer zones.",0.5768734216690063,0.8659518701024354,finbert,False,False,False,True,2025.0,soft,spec,Ecological_Impacts,0.9799,opportunity,0.9316
sdguthrie,"Geotagging
The project will evaluate best management practices for
SD GUTHRIE’S PERFORMANCE In 2024, we established our digital mapping efforts for the peatland rehabilitation as outlined in the Roundtable on
Nestlé RELeaf tree planting project.",0.5155760049819946,0.7606313787400723,finbert,False,False,False,True,,soft,spec,Ecological_Impacts,0.9623,neutral,0.8781
sdguthrie,"in 2022, 26 estates have participated, with 23 successfully
Our reforestation efforts targeted areas that are designated as In addition, the rehabilitated area will secure carbon stocks
conducting geotagging using internal software applications.",0.7269026637077332,0.7793810344301164,finbert,False,False,False,False,,soft,spec,Ecological_Impacts,0.9518,opportunity,0.9199
sdguthrie,"We also advanced our efforts to convert rubber plantations Other estates that were not involved in the RELeaf project
into forests, enhancing carbon sequestration and offsetting also conducted geotagging as part of the Group’s climate
MOVING FORWARD
our carbon footprint.",0.7295267581939697,0.9002951867878437,finbert,False,False,False,False,,soft,spec,Ecological_Impacts,0.4785,neutral,0.7831
sdguthrie,"By the end of 2024, we successfully planted 13,719 trees were recorded as standing or available across we will continue to enhance our reforestation and biodiversity
41,967 trees across 56 hectares.",0.9383465647697448,0.8805385208688676,finbert,False,False,False,False,,soft,spec,Ecological_Impacts,0.9672,opportunity,0.9314
sdguthrie,"Additionally, our
regenerative agriculture framework is on track for completion
In collaboration with three smallholder growers and the SD Guthrie and the Malaysian Palm Oil Green Conservation by 2028.",0.6274646520614624,0.873150029219687,finbert,False,False,False,False,,soft,spec,Ecological_Impacts,0.6772,neutral,0.6643
sdguthrie,"The tree nurseries that were March 2023 to restore 50 hectares of peatland in Lavang Estate, and accelerate our journey toward net-zero.",0.8967372179031372,0.8875104677863419,finbert,False,False,False,True,,hard,spec,Ecological_Impacts,0.951,opportunity,0.9273
sdguthrie,"By December 2024, we had completed
used water used 1,600 housing units, achieving 25% of our total target of
Our refineries in both water-stressed and low-risk water stress Social Dialogue 6,890 units by 2032.",0.9530820846557616,0.9209666131064296,finbert,False,False,False,False,,soft,spec,Water_And_Wastewater_Management,0.9757,neutral,0.8654
sdguthrie,"We aim to realise a 20% increase in
(OHD) certification.",0.8677492141723633,0.9676808770745992,finbert,False,False,False,False,,soft,spec,Management_Of_Legal_And_Regulatory_Framework,0.2693,neutral,0.5576
sdguthrie,"As part of our commitment issues related to land tenure and Malaysian Sustainable Palm
to responsible sourcing, we have achieved 100% traceability of Oil (MSPO) certification.",0.5989995002746582,0.92728945822455,finbert,False,True,False,False,,soft,spec,Product_Design_And_Lifecycle_Management,0.4869,neutral,0.9036
sdguthrie,"Additionally, initiatives like the
Mama Loosefruit Scheme focus on empowering women Total CSR spend (FY2024)
smallholders, promoting gender equality, and sustainability
RM55.4 million
leadership within their communities.",0.8739153742790222,0.7812455934472382,finbert,False,False,False,False,,soft,spec,Employee_Engagement_Inclusion_And_Diversity,0.6079,opportunity,0.9553
sdguthrie,"NBPOL also supported
Indonesia’s palm oil industry.",0.6141211986541748,0.87206014781259,finbert,False,False,False,False,,soft,spec,Supply_Chain_Management,0.1278,opportunity,0.5179
sdguthrie,"MOVING FORWARD
Indonesia
Programme Number of Number of Hectares/FFB Community Support SD Guthrie aims to improve the livelihoods of 50,000
schemes smallholders produced smallholders by 2035 under our “Beyond Zero” Framework.",0.7052423357963562,0.7883388926275074,finbert,False,False,False,False,,hard,spec,Human_Rights_And_Community_Relations,0.5392,opportunity,0.9084
sipef,"The successful
contributed to a notable 24.6 % certification of banana operations under Rainforest
Alliance and Fairtrade standards reinforced the
production increase.",0.6979946494102478,0.9685604367405176,finbert,False,False,False,False,,soft,spec,Product_Quality_And_Safety,0.2861,opportunity,0.6216
sipef,"01
E Production of bananas in Côte
03
d’Ivoire increased by 24.6% compared
to 2023.",0.7393245697021484,0.968623960390687,finbert,False,False,False,False,,soft,spec,Supply_Chain_Management,0.4011,neutral,0.7145
sipef,"that will add 1 568 certified hectares to
E SIPEF launched its innovative supply chain
SIPEF’s certified supply base.",0.8736342191696167,0.8793771064374596,finbert,False,False,False,False,,soft,spec,Supply_Chain_Management,0.95,opportunity,0.9362
sipef,"12 In Indonesia: CPO extracted at SIPEF's seven
8 Mill waste and by-products are used to mills is collected and transported by third
generate clean energy for all of SIPEF's mills party partners to tanker terminals for export
and surrounding communities.",0.7460809946060181,0.5296459351666272,finbert,False,False,False,False,,soft,spec,Waste_And_Hazardous_Materials_Management,0.9813,neutral,0.513
sipef,"In 2024, SIPEF also continued investing in new
The Group is committed to implementing best machinery and refurbishing existing machinery to
management practices that aim to improve soil make production more efficient at its palm oil mills.",0.774635910987854,0.9238853452261536,finbert,False,False,False,False,,soft,spec,Energy_Management,0.5691,opportunity,0.9363
sipef,"The refurbishments reduce oil losses
hectare.",0.7506628632545471,0.943672618828714,finbert,False,False,False,False,,soft,spec,Energy_Management,0.4695,neutral,0.5913
sipef,"SIPEF installation of CPO washing facilities and biogas/
also continues to explore new opportunities for methane capturing plants, are planned for 2025.",0.8105793595314026,0.6907115578651428,finbert,False,False,False,False,2025.0,soft,spec,GHG_Emissions,0.6753,opportunity,0.8746
sipef,"87%
RSPO certified Palm oil certification
CPO
SIPEF is working towards a target of 100%
Roundtable on Sustainable Palm Oil (RSPO) certi-
fication across all its palm oil operations, including
its smallholder supply base.",0.6426814794540405,0.9092425324488432,finbert,False,False,False,False,,soft,spec,Supply_Chain_Management,0.8569,neutral,0.9089
sipef,"As a result, all palm oil production from South
Sumatra is certified under the MB model.",0.7766005992889404,0.5534644299186766,finbert,False,False,False,False,,soft,spec,Supply_Chain_Management,0.309,neutral,0.8167
sipef,"Oil palm F1 Hybrids have
the potential to double yield per hectare, thereby
helping to meet demand while mitigating risks of
deforestation and biodiversity loss.",0.5035901069641113,0.9665111606009305,finbert,True,False,False,False,,soft,spec,Ecological_Impacts,0.9737,opportunity,0.83
sipef,"Further efforts are directed at utilising organic
fertilisers, such as compost derived from a combi-
Improvements in agronomic practices nation of palm oil mill empty fruit bunches (EFB)
VBS provides tailored agronomic recommendations and palm oil mill effluent (POME), or EFB alone
for each SIPEF estate block and field, aiming to where composting facilities are unavailable.",0.551820695400238,0.5851336596533656,finbert,False,False,False,False,,soft,spec,Customer_Welfare,0.1969,neutral,0.5659
sipef,"Additionally, a Bio-
CNG plant project is set to commence at Perlabian 70 The connection to the world of sustainable tropical agriculture
mill and Umbul Mas Wisesa mill in collaboration and emissions reduction initiatives underscore the
with the KIS Group, with expected completion by Group’s dedication to responsible and sustainable
end of 2025 and 2026 respectively.",0.8541331887245178,0.904127065325156,finbert,False,False,False,False,2025.0,soft,spec,GHG_Emissions,0.6184,opportunity,0.9401
sipef,"From here, Overall marketed production increased by 24.6%
the bananas are exported in refrigerated containers compared to 2023.",0.848487138748169,0.961163897998631,finbert,False,False,False,False,,soft,spec,Energy_Management,0.3961,neutral,0.7129
sipef,"By the end of 2024, all the estates were fully plant-
ed, with the exception of the Akoudié site, which 2024 also saw 200-400mm less rainfall than
was acquired in 2021.",0.8859336376190186,0.5096657807007432,finbert,False,False,False,False,,soft,spec,Physical_Impacts_Of_Climate_Change,0.2381,neutral,0.5171
sipef,also increased by 4.9%.,0.6343972086906433,0.966847313567996,finbert,False,False,False,False,,soft,spec,Management_Of_Legal_And_Regulatory_Framework,0.1724,neutral,0.454
sipef,significantly reduces plastic usage.,0.5366537570953369,0.7601875262334943,finbert,False,False,False,False,,soft,spec,Waste_And_Hazardous_Materials_Management,0.4452,neutral,0.5431
sipef,"The transition
to reusable plastic crates for fruit packaging has
SIPEF collaborates with a panel of ripener cus- also replaced traditional 18.5 kg cardboard boxes,
tomers that share a com- further reducing environ-
mitment to sustainability mental impact.",0.638659656047821,0.8983518783934414,finbert,False,False,False,False,,soft,spec,Product_Design_And_Lifecycle_Management,0.8944,opportunity,0.8245
sipef,"All SIPEF’s banana production is Fairtrade and
E
By working together in
Rainforest Alliance certified.",0.5719154477119446,0.5471777226775885,finbert,False,False,False,False,,soft,spec,Supply_Chain_Management,0.2533,neutral,0.7711
sipef,"achieving a 100% Roundtable on Sustainable Palm
Oil (RSPO) certified supply base for its palm oil
Key commitments and requirements: production, and for the smallholders delivering to
E 100% certification and traceability of products its mills.",0.5044359564781189,0.896739806747064,finbert,False,True,False,False,,soft,spec,Product_Design_And_Lifecycle_Management,0.8937,neutral,0.7905
sipef,"• Regenerative agriculture pilots with a model to scale
up at five sites by 2026 in oil palm operations.",0.7989678382873535,0.821952938567847,finbert,False,False,False,False,,soft,spec,Ecological_Impacts,0.287,opportunity,0.9162
sipef,"• Installation of rainwater harvesting system in all palm
oil mills by 2030.",0.7656750082969666,0.8045676946640015,finbert,False,False,False,False,2030.0,soft,spec,Water_And_Wastewater_Management,0.9478,neutral,0.531
sipef,"• Installation of water recycling basin at one banana
packing station by 2025.",0.8417273759841919,0.6505093583837152,finbert,False,False,False,False,2025.0,soft,spec,Water_And_Wastewater_Management,0.973,opportunity,0.5893
sipef,"This results in a total of 324 019 tCO e
2
Carbon Stock (HCV-HCSA) sequester carbon while sequestered in 2024.",0.892117440700531,0.5323914792388678,finbert,False,False,False,False,,soft,spec,GHG_Emissions,0.576,opportunity,0.8377
sipef,"SIPEF did not use nuclear
removal activity was not converted into carbon energy in 2024.",0.7838324904441833,0.4978665327653289,finbert,False,False,False,False,,soft,spec,Energy_Management,0.9397,neutral,0.9476
sipef,This incorporated the aiming for zero emissions post-2050.,0.5905778408050537,0.564770738594234,finbert,False,False,False,False,2050.0,hard,spec,GHG_Emissions,0.5889,neutral,0.919
sipef,"Locked-in emissions from assets However, by proactively addressing these potential
SIPEF has committed to no deforestation or new risks by implementing its policy on no deforestation
plantings on peatland (NDPE) since 2015 in order to or new plantings on peatland NDPE and applying
reduce emissions from land use change.",0.7108718752861023,0.748300340026617,finbert,True,False,True,True,,hard,spec,Ecological_Impacts,0.9371,neutral,0.8049
sipef,"operations (plantations and processing facilities)
to minimise net GHG emissions.",0.5792433619499207,0.8233308801427484,finbert,False,False,False,False,,soft,spec,GHG_Emissions,0.9668,neutral,0.9492
sipef,"at one of its mills, the Group uses methane capture
from POME and a biogas generator to produce
electricity.",0.6783556342124939,0.5267823156900704,finbert,False,False,False,False,,soft,spec,GHG_Emissions,0.9296,opportunity,0.6201
sipef,"Targets and monitoring
SIPEF has been actively working to reduce its cli- SIPEF has previously set a target to reduce its Scope
mate impact and adapt to identified climate risks, 1 and Scope 2 net GHG emissions by 28% by 2030
and is further strengthening these efforts by setting compared to base year 2021.",0.6984425783157349,0.9582487847656012,finbert,False,False,False,False,2030.0,soft,spec,GHG_Emissions,0.9658,neutral,0.9498
sipef,"palm oil mill has been incorporated into the
• Water recycling basin at water consumption monitoring framework
one packing station by
2025.",0.661017656326294,0.5574231306090951,finbert,False,False,False,False,2025.0,soft,spec,Water_And_Wastewater_Management,0.9773,neutral,0.9375
sipef,"Some mills recycle treated Palm Oil Mill
ecosystems.",0.5556761026382446,0.5059591205790639,finbert,False,False,False,False,,soft,spec,Waste_And_Hazardous_Materials_Management,0.7338,neutral,0.7669
sipef,"subtracting the volume of water discharged from
After use, 100% of water from the packing process palm oil mills and packing stations from the total
is either recycled through decantation tanks and water withdrawn across palm oil mills, banana
redirected to dams for future irrigation or safely plantations, and packing stations.",0.7668089270591736,0.4972739340737462,finbert,False,False,False,False,,soft,spec,Water_And_Wastewater_Management,0.9734,neutral,0.8302
sipef,"To reflect varying environmental conditions and
For palm oil processing, a total of 504 545 m3 of operational contexts, SIPEF has set water usage
water was recycled and reused through the land intensity targets for its palm oil mills based on the
application of treated POME.",0.7726250886917114,0.5355291021987796,finbert,False,False,False,False,,soft,spec,Water_And_Wastewater_Management,0.975,neutral,0.9457
sipef,"For banana operations, a total of 46 524 m3 of Water usage intensity targets will be set for banana
water was recycled and reused across the packing operations once an accurate baseline has been
stations and for irrigation within the plantations.",0.7902575135231018,0.5488579859957099,finbert,False,False,False,False,,soft,spec,Water_And_Wastewater_Management,0.9763,neutral,0.9294
sipef,"The vol- In 2024, the Agro Muara Rupit mill in Indonesia
ume redirected for irrigation corresponds to 100% recorded a water usage intensity of 1.24 m3 per
of the treated discharge from the relevant packing tonne of FFB, exceeding its target of (cid:41)1.0 m3 per
stations and is equivalent to the water withdrawal tonne.",0.9307323694229126,0.946585025638342,finbert,False,False,False,False,,soft,spec,Water_And_Wastewater_Management,0.9765,neutral,0.7406
sipef,"In Papua New Guinea, all mills including the installation of rainwater harvesting
operated within their respective water intensity systems at all palm oil mills and the implementation
targets, with values ranging from 1.00 to 1.23 m3 of a water recycling basin at one packing station.",0.7953877449035645,0.5586487376131117,finbert,False,False,False,False,,soft,spec,Water_And_Wastewater_Management,0.978,neutral,0.8665
sipef,"Most showed slight These initiatives aim to improve water efficiency
improvements compared to 2023, notably the Navo and reduce reliance on raw water sources across
mill, which reduced its water intensity from 1.56 to the Group’s operations.",0.7429533004760742,0.9546948913484812,finbert,False,False,False,False,,soft,spec,Water_And_Wastewater_Management,0.9748,neutral,0.6563
sipef,"not mandatory regulatory requirements, they are
aligned with industry best practices and reflect
In Côte d’Ivoire, water usage intensity for banana SIPEF’s commitment to continuous improvement
production increased by around 19% in 2024, reach- and responsible water stewardship.",0.5774086713790894,0.91357055073604,finbert,False,False,False,False,,soft,spec,Water_And_Wastewater_Management,0.9774,neutral,0.9404
sipef,"the SBI programme to 1 123 hectares of
• Restore 1 123 hectares of degraded degraded land by 2033, building on the
land within SBI by 2033, from 2024 goal of 256 hectares
baseline year 2024.",0.9463143348693848,0.83623918145895,finbert,False,False,False,False,,soft,spec,Ecological_Impacts,0.9415,opportunity,0.7462
sipef,"its operations, SIPEF has established dedicated
However, the total area affected increased from initiatives like the SBI programme, which supports
2.2 to 11 hectares, suggesting greater intensity or forest restoration and community-led stewardship.",0.7052274942398071,0.9657070417888464,finbert,False,False,False,False,,soft,spec,Ecological_Impacts,0.9633,opportunity,0.8721
sipef,"In line with this vision, As part of this strategy, SIPEF has set a 2024 target
SIPEF is advancing integrated land-use planning to establish at least one landscape-level example of
in Papua New Guinea to balance conservation and nature-positive oil palm cultivation and community
responsible development.",0.5513159036636353,0.8387090652249753,finbert,False,False,False,False,,soft,spec,Ecological_Impacts,0.9638,opportunity,0.7017
sipef,"with the Zoological Society of London (ZSL) and
The project also supports active reforestation and SINTAS, a local NGO in Indonesia, SBI also aims
agroforestry.",0.5371525883674622,0.599309085868299,finbert,False,False,False,False,,soft,spec,Ecological_Impacts,0.8457,opportunity,0.9254
sipef,"However, it has set a target to achieve 100% RSPO
certification for SIPEF’s own oil palm estates by
the financial year 2030.",0.9429184794425964,0.9187122681178151,finbert,False,False,False,False,2030.0,soft,spec,Management_Of_Legal_And_Regulatory_Framework,0.3704,neutral,0.9138
sipef,"SIPEF has set a broader target to achieve 100%
RSPO certification for its own oil palm estates by
the financial year 2030, while its banana operations
are already fully certified.",0.9166947603225708,0.914157582912594,finbert,False,False,False,False,2030.0,soft,spec,Management_Of_Legal_And_Regulatory_Framework,0.2639,neutral,0.8738
sipef,"SIPEF has set a broader target to achieve 100%
RSPO certification for its own oil palm estates by
the financial year 2030, while its banana operations
are already fully certified.",0.9166947603225708,0.914157582912594,finbert,False,False,False,False,2030.0,soft,spec,Management_Of_Legal_And_Regulatory_Framework,0.2639,neutral,0.8738
sipef,"SIPEF has set a broader target to achieve 100%
RSPO certification for its own oil palm estates by
2030.",0.889937162399292,0.9056976612191648,finbert,False,False,False,False,2030.0,soft,spec,Management_Of_Legal_And_Regulatory_Framework,0.2408,neutral,0.9124
sipef,"196 The connection to the world of sustainable tropical agriculture
S2: Workers in the value chain
Smallholder farmers cultivate approximately 40% SIPEF is committed to responsible and inclusive
of the land planted with oil palm and produce growth, ensuring smallholder suppliers receive
around 25–30% of the world's palm oil.",0.6262162923812866,0.6607627812772989,finbert,False,False,False,False,,soft,spec,Supply_Chain_Management,0.6494,opportunity,0.9157
sipef,"for food gardening, supported with empty fruit
bunches (EFB) from SIPEF mills, which are used In Côte d’Ivoire, all employees are provided a
as organic fertiliser.",0.6261340975761414,0.5144764082506299,finbert,False,False,False,False,,soft,spec,Customer_Welfare,0.5364,opportunity,0.7734
sipef,"successfully delivering the first
• Achieve food safety certification shipment of washed CPO with
for SIPEF’s ten palm oil mills in positive results
Indonesia and Papua New Guinea • Set a new target to achieve food
by 2028.",0.8601504564285278,0.9304294711910188,finbert,False,False,False,False,,soft,spec,Product_Quality_And_Safety,0.9298,neutral,0.5296
sipef,"Eglin),
ing, provided that the volume of certified products SIPEF's subsidiary in Côte d'Ivoire, are certified
sold does not exceed the certified input.",0.5863665342330933,0.5200439593754709,finbert,False,False,False,False,,soft,spec,Product_Design_And_Lifecycle_Management,0.7484,neutral,0.8837
sipef,"With a commitment to 100% RSPO certification, including for
its smallholder suppliers, SIPEF ensures that all its palm oil is produced in line with the highest
sustainability standards.",0.6415029168128967,0.8542432417161763,finbert,False,False,False,False,,soft,spec,Product_Design_And_Lifecycle_Management,0.3212,neutral,0.8259
sipef,"SIPEF has set a GHG emission reduction target of 28% by 2030 and actively invests
in methane capture facilities, renewable energy, and waste management systems.",0.913612186908722,0.6521745498757809,finbert,False,False,False,False,2030.0,soft,spec,GHG_Emissions,0.9617,neutral,0.7307
sipef,"The WACC is increased and decreased with one
percent.",0.7197299599647522,0.4580319374799728,finbert,False,False,False,False,,soft,spec,Energy_Management,0.4186,neutral,0.9077
sipef,"**
1.7 Installation of 0 Set in 1 Packing 2025 CIV New target
water recycling FY2024 station
basin at one
banana packing
station.**
Focus area: Environmental stewardship
Goal: Minimise impacts on natural resources and the environment
Approach: To safeguard natural resources through optimised land use, efficient water management,
waste and pollution reduction, and the re-use of by-products
BASELINE BASE TARGET TARGET TARGET
NO.",0.6939783692359924,0.7546308482997119,finbert,False,False,False,False,2025.0,soft,spec,Ecological_Impacts,0.9675,opportunity,0.5503
sipef,"Water from banana packing stations is either reused
for irrigation or safely discharged.",0.578079342842102,0.5156340207904577,finbert,False,False,False,False,,soft,spec,Water_And_Wastewater_Management,0.9623,neutral,0.698
sipef,"Corporate Sustainability Reporting Directive (CSRD) -- The
Bio-CNG -- Compressed natural gas produced from biogas, used CSRD is a European Union legislation that amends the exist-
as a cleaner energy alternative.",0.5209192633628845,0.5627725543454289,finbert,False,False,False,False,,soft,spec,GHG_Emissions,0.9113,opportunity,0.5185
sipef,"The scheme aims to reduce GHG emissions; ensure
that biomass is not produced on land with high carbon stock or
High Conservation Value (HCV) -- The High Conservation Value high biodiversity; ensure the application of good agricultural
concept was originally developed by the Forest Stewardship practices related to soil, water and air; and finally, ensure
Council (FSC) in 1999 for use in forest management certi- respect for human, labour and land rights.",0.5375288724899292,0.603568697348237,finbert,False,False,False,False,,soft,spec,GHG_Emissions,0.8836,opportunity,0.6996
sipef,"The RSPO members have committed to produce, source and/
Plasma -- Cooperative programs for plantation development or use sustainable palm oil certified by the RSPO.",0.6608054041862488,0.7204106212593615,finbert,False,False,False,False,,soft,spec,Product_Design_And_Lifecycle_Management,0.1659,opportunity,0.8605
sipef,certified products from different certified sources.,0.50171959400177,0.5148904407396913,finbert,False,False,False,False,,soft,spec,Product_Design_And_Lifecycle_Management,0.7026,neutral,0.6809
wilmar,"Beyond compliance, traceability also enables us
December 2024, we have achieved 98.5%* TtM for crude palm
to provide targeted support to smallholders to improve their
oil (CPO) and palm kernel oil (PKO), representing approximately * Limited assurance conducted by CU.",0.8794821500778198,0.9081556780729444,finbert,False,True,False,False,,soft,spec,Business_Ethics,0.3793,opportunity,0.5708
wilmar,"Since then, we have
expanded our traceability initiatives to include our entire supply Satellite Monitoring
chain, and we are dedicated to reaching 100% TtP by 2025.",0.7618377804756165,0.9336796822026372,finbert,False,True,False,False,2025.0,soft,spec,Supply_Chain_Management,0.9534,neutral,0.8069
wilmar,"to eliminate greenhouse gas emissions from land-use changes Refineries, 87.8%* were from supplying mills that are delivering
Since 2019, Wilmar has been actively involved in the NDPE IRF
and deforestation.",0.8081666827201843,0.5956289665773511,finbert,True,False,True,False,,soft,spec,GHG_Emissions,0.9673,neutral,0.9601
wilmar,"Since joining the
FFA, Wilmar has carried out fire-free socialisation programmes in We work with local communities to improve livelihoods through programmes that promote
Wilmar has a No Burning policy for land preparation or 147 villages, including 77 located around existing management
sustainable agriculture, provide education and support smallholder farmers.",0.581489086151123,0.6410384182818234,finbert,False,False,False,False,,soft,spec,Human_Rights_And_Community_Relations,0.9217,opportunity,0.9091
